{"type": "FeatureCollection", "features": [{"type": "Feature", "properties": {"id": 204418050, "name": "karingalod thodu"}, "geometry": {"type": "LineString", "coordinates": [[76.1759154, 11.5750767], [76.1760139, 11.5750682], [76.1760119, 11.5751311], [76.1759977, 11.575166], [76.1759169, 11.5753072], [76.175819, 11.575363], [76.1757835, 11.5754451], [76.1757858, 11.5755091], [76.1758623, 11.5756214], [76.1758182, 11.5756748], [76.1757335, 11.5757569], [76.1756877, 11.5758246], [76.1756743, 11.5759193], [76.1757031, 11.576082], [76.175726, 11.5761788], [76.175743, 11.5762331], [76.1757733, 11.5762485], [76.175815, 11.5762546], [76.1758425, 11.5762783], [76.1758709, 11.5762844], [76.1759126, 11.5762993], [76.1759621, 11.5763178], [76.1760058, 11.576339], [76.1760532, 11.5763732], [76.176087, 11.5764124], [76.1761339, 11.5764624], [76.1762327, 11.5766079], [76.1762769, 11.5766881], [76.1763489, 11.5767878], [76.1763985, 11.5768593], [76.1764623, 11.5769407], [76.1764909, 11.5769785], [76.1764885, 11.5770087], [76.1764982, 11.5770384], [76.176532, 11.5770744], [76.1765704, 11.5770985], [76.1765936, 11.5771113], [76.1765961, 11.5771488], [76.1766172, 11.5771912], [76.1766411, 11.5772045], [76.1766695, 11.5772184], [76.1766935, 11.5773035], [76.1766912, 11.5773786], [76.1766866, 11.5774375], [76.176699, 11.5774935], [76.1767505, 11.5775149], [76.1768002, 11.5775156], [76.1768511, 11.5774934], [76.1768857, 11.5775944], [76.1769033, 11.5776151], [76.1769624, 11.5776567], [76.1769728, 11.5777187], [76.176914, 11.5778711], [76.177032, 11.5780341], [76.1772895, 11.5782968], [76.1775926, 11.5787409], [76.1773807, 11.5789248], [76.1774638, 11.5791166], [76.1775171, 11.5792239], [76.1775658, 11.5795502], [76.1775202, 11.5796317], [76.1774477, 11.5797157], [76.1774558, 11.5798314], [76.1775711, 11.5799049], [76.1776596, 11.5800836], [76.1776972, 11.5801598], [76.1777937, 11.5802308], [76.1779278, 11.5802859], [76.1780271, 11.5803963], [76.1783019, 11.5805027], [76.1784428, 11.5803542], [76.178585, 11.58037], [76.1790034, 11.5807063], [76.1793119, 11.5808903], [76.1796391, 11.5810322], [76.1800468, 11.5814105], [76.1810124, 11.5815997], [76.1814308, 11.582141], [76.1817982, 11.5825088]]}}, {"type": "Feature", "properties": {"id": 258821928, "name": "Varadoor Puza"}, "geometry": {"type": "LineString", "coordinates": [[76.1289806, 11.6349796], [76.1288951, 11.6351262], [76.1285867, 11.6353573], [76.1284874, 11.6355176], [76.1284097, 11.6356647], [76.1282058, 11.6358644], [76.128069, 11.6358906], [76.127833, 11.6359773], [76.127664, 11.6360719], [76.1275616, 11.6360998], [76.1274709, 11.6361245], [76.1272992, 11.6361428], [76.1270739, 11.6361481], [76.1268486, 11.6362059], [76.1266448, 11.6362742], [76.1265268, 11.6363267], [76.1264534, 11.636366], [76.1262961, 11.6364502], [76.1261754, 11.6364896], [76.1260627, 11.6365921], [76.1259125, 11.6366893], [76.1257838, 11.6367444], [76.1255987, 11.6367996], [76.1254378, 11.6369231], [76.1251722, 11.6370466], [76.1251002, 11.6370584], [76.1249308, 11.637086], [76.124668, 11.6370781], [76.1243863, 11.6369966], [76.1241825, 11.6369546], [76.124102, 11.6369073], [76.1240135, 11.6368811], [76.1239518, 11.6368968], [76.1239384, 11.6369625], [76.1239572, 11.6370623], [76.1239545, 11.6371989], [76.1240162, 11.637346], [76.1238392, 11.6374485], [76.1236943, 11.63748], [76.1234181, 11.6374485], [76.1231579, 11.6374958], [76.1230104, 11.6374932], [76.122938, 11.6375378], [76.1229031, 11.6376061], [76.122836, 11.6377585], [76.1226697, 11.6378741], [76.1224981, 11.6380159], [76.1223318, 11.6381237], [76.1221923, 11.6382603], [76.1221333, 11.6383443], [76.1221521, 11.6383969], [76.122203, 11.6384652], [76.1220957, 11.6385571], [76.1220019, 11.6385414], [76.1218785, 11.6385545], [76.1217873, 11.6385387], [76.1216639, 11.6385755], [76.1215727, 11.6385571], [76.1215298, 11.6386464], [76.1215137, 11.638741], [76.1213099, 11.6389302], [76.1211328, 11.6392086], [76.1210202, 11.6393873], [76.1207404, 11.6397031], [76.1205678, 11.6397273], [76.1204138, 11.6397031], [76.1202659, 11.6397695], [76.1202474, 11.6398601]]}}, {"type": "Feature", "properties": {"id": 386991393, "name": "unnamed"}, "geometry": {"type": "LineString", "coordinates": [[76.0820228, 11.6009113], [76.0818885, 11.6009113], [76.0814856, 11.6011035], [76.0813926, 11.601139], [76.0812945, 11.6011794], [76.0811963, 11.6011693], [76.0810621, 11.6011693], [76.0809587, 11.6011794], [76.0808348, 11.6011997], [76.0807315, 11.6012351], [76.080623, 11.6012705], [76.0805094, 11.6012958], [76.0803854, 11.6012958], [76.0802511, 11.6012907], [76.0801117, 11.6012604], [76.0799929, 11.6012098], [76.0798947, 11.601139], [76.0798121, 11.6010631], [76.0797346, 11.600972], [76.0796726, 11.600886], [76.0796055, 11.6008101], [76.079528, 11.6007392], [76.0794195, 11.6007494], [76.079311, 11.6007848], [76.0792077, 11.6008253], [76.0790993, 11.600886], [76.0790218, 11.6009568], [76.0789805, 11.6010529], [76.0789701, 11.6011643], [76.0790115, 11.6012654], [76.0791044, 11.6013413], [76.0792129, 11.6014071], [76.0793162, 11.6014678], [76.0793937, 11.6015387], [76.0794247, 11.6016449], [76.0793885, 11.6017512], [76.0793834, 11.6018524], [76.0793834, 11.6019586], [76.0793988, 11.6020649], [76.079435, 11.602156], [76.0794918, 11.6022622], [76.0795435, 11.6023634], [76.0795951, 11.6024545], [76.0796623, 11.6025506], [76.0797501, 11.6026569], [76.0798431, 11.6027732], [76.0799257, 11.6028441], [76.0800238, 11.6028947], [76.0801065, 11.6029655], [76.0801426, 11.6030667], [76.080153, 11.6031729], [76.0801478, 11.6032893], [76.0801375, 11.6033956], [76.0801168, 11.6035018], [76.0800858, 11.6036081], [76.0800445, 11.6036992], [76.0799515, 11.6037295], [76.0798379, 11.6037194], [76.0797036, 11.6036789], [76.0796055, 11.6036283], [76.0795176, 11.6035474], [76.0794453, 11.6034512], [76.0793988, 11.6033399], [76.0793885, 11.6032337], [76.079373, 11.6031224], [76.0793059, 11.6030414], [76.0792077, 11.6030009], [76.0790941, 11.6030161], [76.0789908, 11.6030566], [76.0788978, 11.6031072], [76.0788668, 11.6031274], [76.07881, 11.6032134], [76.0787739, 11.6033096], [76.078717, 11.6034006], [76.0786706, 11.6034917], [76.0785827, 11.6035828], [76.0784794, 11.6036587], [76.0783658, 11.6037093], [76.0782677, 11.6037599], [76.0780869, 11.603856], [76.0779991, 11.603937], [76.0779423, 11.604028], [76.0778854, 11.6041292], [76.0777253, 11.6044682], [76.0776892, 11.6045593], [76.077653, 11.6046757], [76.0776272, 11.604787], [76.0776065, 11.6048983], [76.0775755, 11.6050298], [76.07756, 11.6051361], [76.0775807, 11.6052525], [76.0776427, 11.6053435], [76.0777201, 11.6054245], [76.077746, 11.6055307], [76.077653, 11.6055763], [76.0775549, 11.6055813], [76.0774825, 11.6055004], [76.0774309, 11.6053992], [76.0773637, 11.6053182], [76.0772656, 11.6052626], [76.0771571, 11.6051968], [76.0770538, 11.6051209], [76.076997, 11.6050349], [76.0769144, 11.604959], [76.0768007, 11.6049489], [76.0767078, 11.6049894], [76.0766251, 11.6050551], [76.076527, 11.6050956], [76.0764185, 11.6051057], [76.0762945, 11.6051108], [76.0761861, 11.605131], [76.0760983, 11.6051968], [76.076026, 11.605298], [76.0759588, 11.605379], [76.0758917, 11.6054751], [76.0758297, 11.6055763], [76.0757832, 11.6056724], [76.0757419, 11.6057736], [76.075747, 11.6058849], [76.075747, 11.6060873], [76.0757419, 11.6061834], [76.0757315, 11.6062846], [76.0757005, 11.6063858], [76.0756541, 11.606482], [76.0756386, 11.6065831], [76.0756282, 11.6066995], [76.0756076, 11.606907], [76.0755611, 11.6070588], [76.0755146, 11.6071802], [76.0754526, 11.6073117], [76.0754061, 11.6074028], [76.0753493, 11.6074939], [76.075246, 11.6075293], [76.0751582, 11.6074736], [76.0750704, 11.6074129], [76.0749671, 11.6073775], [76.0748638, 11.607337], [76.0747243, 11.6073674], [76.0746778, 11.6074585], [76.0746417, 11.6075495], [76.0745797, 11.6076355], [76.0744867, 11.6077873], [76.0744402, 11.6078885], [76.0744092, 11.6079847], [76.0743834, 11.6080859], [76.0743834, 11.6081972], [76.0744299, 11.6084147], [76.0744661, 11.6085109], [76.0744919, 11.6086222], [76.0745229, 11.6087234], [76.0745539, 11.6088245], [76.0745952, 11.6089308], [76.0746417, 11.609032], [76.0746557, 11.6091041], [76.0746623, 11.6091382], [76.0745952, 11.6092243], [76.0744919, 11.6092293], [76.0743886, 11.6092141], [76.0743059, 11.6091585], [76.0740012, 11.6089308], [76.0739082, 11.6088701], [76.0738256, 11.6088043], [76.0737223, 11.6087234], [76.0736448, 11.6086424], [76.0735673, 11.6085564], [76.0735105, 11.6084653], [76.0735002, 11.6083591], [76.0735518, 11.6082478], [76.0735415, 11.6081466], [76.0735157, 11.6080251], [76.0735157, 11.6079138], [76.0735363, 11.6077975], [76.0735776, 11.6077013], [76.0736293, 11.6076052], [76.0736809, 11.6075141], [76.0737068, 11.6074079], [76.0736861, 11.6073016], [76.0735983, 11.607246], [76.0734795, 11.6071802], [76.0734072, 11.6070942], [76.0733659, 11.6070031], [76.0733297, 11.6069019], [76.0732729, 11.6068058], [76.0731799, 11.6067552], [76.0729785, 11.6066793], [76.0728803, 11.6066439], [76.0727564, 11.6066084], [76.0725343, 11.6065376], [76.0724103, 11.6065123], [76.0723122, 11.6064718], [76.0720694, 11.6064212], [76.0719661, 11.6064212], [76.0718628, 11.6063858], [76.0718215, 11.6062745], [76.0718163, 11.606143], [76.0717905, 11.6060215], [76.071775, 11.6059203], [76.071744, 11.6057989], [76.071713, 11.6056876], [76.0717285, 11.6055813], [76.0718215, 11.6055004], [76.0719248, 11.605465], [76.0720332, 11.6054144], [76.0721417, 11.6053435], [76.0722398, 11.6052727], [76.0723535, 11.6052069], [76.0724413, 11.6051462], [76.0725291, 11.6050754], [76.0725911, 11.6049894], [76.0729216, 11.6046706], [76.0730095, 11.604615], [76.0731076, 11.6045644], [76.0732057, 11.6045087], [76.0732626, 11.6044227], [76.0732781, 11.6043215], [76.0732781, 11.6042102], [76.0732471, 11.6041039], [76.0732006, 11.6040129], [76.0731128, 11.603942], [76.0730146, 11.6038813], [76.0729733, 11.6037801], [76.072963, 11.6036739], [76.0728907, 11.603598], [76.0727925, 11.6035372], [76.0721675, 11.6035322], [76.0721262, 11.6036182], [76.0720539, 11.6037194], [76.0718989, 11.6038813], [76.0718111, 11.6039521], [76.0717388, 11.604023], [76.0716562, 11.6040989], [76.0715632, 11.6041748], [76.0714547, 11.6042152], [76.0713359, 11.6042304], [76.071212, 11.6042304], [76.0710983, 11.6042203], [76.0710002, 11.6041748], [76.0709124, 11.604109], [76.0708194, 11.6040382], [76.0707368, 11.6039623], [76.070618, 11.603856], [76.0705301, 11.6037599], [76.0704527, 11.6036081], [76.0704217, 11.6035069], [76.0703752, 11.6033956], [76.0703339, 11.6032691], [76.0702822, 11.6030212], [76.0702564, 11.6029149], [76.0702461, 11.6028137], [76.0702461, 11.6027075], [76.0702357, 11.6025911], [76.0702047, 11.6024899], [76.0701221, 11.6024089], [76.0700188, 11.6024241], [76.0699155, 11.6024494], [76.069807, 11.6024798], [76.0696934, 11.6024899], [76.0695797, 11.6025253], [76.0694816, 11.6026063], [76.0694764, 11.6027024], [76.0694609, 11.6028036], [76.0693886, 11.6028845], [76.069182, 11.60292], [76.0690839, 11.6029149], [76.0689651, 11.6029048], [76.0688618, 11.6028744], [76.0687326, 11.602839], [76.0686087, 11.6027985], [76.0685054, 11.6027328], [76.0684331, 11.6026366], [76.0683814, 11.6025455], [76.0683246, 11.6024444], [76.0682471, 11.6023634], [76.0681696, 11.6022875], [76.0680715, 11.602242], [76.0679579, 11.6022318], [76.0678546, 11.6022369], [76.0677358, 11.602247], [76.0676428, 11.6023027], [76.0675808, 11.6023988], [76.067617, 11.6025], [76.0676944, 11.602586], [76.0677719, 11.6026619], [76.0678546, 11.6027328], [76.0680818, 11.6029554], [76.0681748, 11.603011], [76.0681955, 11.6031122], [76.0681955, 11.6032134], [76.0681851, 11.6033096], [76.068118, 11.6033905], [76.0680147, 11.6034411], [76.0679165, 11.6034866], [76.0678287, 11.6035322], [76.0677564, 11.6036182], [76.0677461, 11.6037194], [76.0677616, 11.6038206], [76.0677771, 11.6039218], [76.0678597, 11.6040483], [76.068087, 11.6041039], [76.068149, 11.6041849], [76.068149, 11.6042962], [76.0681386, 11.6043974], [76.0681077, 11.6045087], [76.0680405, 11.6045897], [76.0679734, 11.6046807], [76.0679372, 11.604787], [76.0679475, 11.6048882], [76.0679682, 11.6049894], [76.0679889, 11.6050956], [76.0680198, 11.6051918], [76.068242, 11.6054447], [76.0683194, 11.6055459], [76.0683917, 11.6056319], [76.0684899, 11.6057078], [76.0685829, 11.6057787], [76.068681, 11.6058343], [76.0687636, 11.6059052], [76.0688205, 11.6059912], [76.0688463, 11.6060873], [76.0688979, 11.6061834], [76.0689444, 11.6062948], [76.0689599, 11.6064061], [76.0689702, 11.6065123], [76.0690426, 11.60674], [76.0690529, 11.6068462], [76.0690787, 11.6069525], [76.0691252, 11.6071093], [76.0691665, 11.6072055], [76.0692543, 11.6073977], [76.0692853, 11.607504], [76.0693215, 11.6076001], [76.0693628, 11.6076963], [76.0694041, 11.6077873], [76.0694093, 11.6078986], [76.069368, 11.6079998], [76.0692698, 11.6080353], [76.0691614, 11.608015], [76.0690632, 11.6079594], [76.0688514, 11.6078885], [76.0687481, 11.6078885], [76.0686603, 11.6079341], [76.0685725, 11.6079948], [76.0684434, 11.6079998], [76.0683298, 11.6079695], [76.068242, 11.6079037], [76.0681645, 11.6078228], [76.0680818, 11.6077519], [76.0680095, 11.6076659], [76.0679217, 11.6075597], [76.0678442, 11.6074736], [76.0677358, 11.607423], [76.0676376, 11.6074433], [76.0675343, 11.6074838], [76.0674052, 11.6075394], [76.0673174, 11.6076052], [76.0671779, 11.607757], [76.0670075, 11.6078936], [76.06693, 11.6079594], [76.0668215, 11.6079796], [76.0667182, 11.6079745], [76.0666149, 11.6079745], [76.0665168, 11.60801], [76.0664186, 11.6080454], [76.0663102, 11.6080454], [76.066212, 11.6080302], [76.0660984, 11.6080049], [76.0659899, 11.6079796], [76.0658866, 11.6079644], [76.0657678, 11.6079543], [76.0656645, 11.6079543], [76.065565, 11.6079355], [76.065467, 11.6080735], [76.065314, 11.6081979], [76.0652285, 11.6083198], [76.0650548, 11.6084467], [76.0649252, 11.6085204], [76.0648319, 11.6085432], [76.0646479, 11.6085534], [76.0644224, 11.6085559], [76.0642306, 11.6086194], [76.0638677, 11.6087057], [76.06372, 11.6087489], [76.0635619, 11.6087362], [76.0634348, 11.6087666], [76.0633882, 11.6088327], [76.0631731, 11.6088987], [76.0630331, 11.6090053], [76.0628848, 11.6090638], [76.0627144, 11.6090905], [76.0624613, 11.6091301], [76.0621168, 11.6093016], [76.0617328, 11.6096058], [76.0613827, 11.609899], [76.0613319, 11.6102088], [76.061185, 11.6105738], [76.0611577, 11.6106553], [76.0610608, 11.6109445], [76.0610213, 11.6113206], [76.0610213, 11.611929], [76.061185, 11.6121946], [76.0614279, 11.6125486], [76.0614448, 11.6130353], [76.0612585, 11.6131404], [76.0607898, 11.6131128], [76.0603945, 11.612897], [76.0600557, 11.6126039], [76.0596321, 11.6125707], [76.0591521, 11.6127145], [76.0589206, 11.6129966], [76.0590166, 11.6133727], [76.059186, 11.6137599], [76.0591239, 11.6139038], [76.0588924, 11.6141416], [76.0588924, 11.614302], [76.0590787, 11.6145952], [76.0590618, 11.6148828], [76.058723, 11.6151207], [76.0584576, 11.6152866], [76.0584406, 11.6155521], [76.0580905, 11.6157623], [76.0583107, 11.6157568], [76.0585705, 11.6158563], [76.0590844, 11.6159116], [76.0593554, 11.6161716], [76.0595813, 11.6161661], [76.0597168, 11.6160112], [76.0601742, 11.6158121], [76.0606147, 11.6155908], [76.0607502, 11.615707], [76.0608519, 11.6160112], [76.0607898, 11.6162435], [76.0605469, 11.6167579], [76.0602815, 11.617217], [76.0602714, 11.617595], [76.0606366, 11.6176202], [76.0617315, 11.6179525], [76.0622339, 11.6186339], [76.0626977, 11.6184257], [76.0631615, 11.6190125], [76.0636252, 11.6189557], [76.0641277, 11.6195425], [76.0638185, 11.6196939], [76.0631808, 11.6200157], [76.0623112, 11.6201103], [76.0620407, 11.6203374], [76.0624272, 11.6210567], [76.0624373, 11.6215784], [76.0629103, 11.621757], [76.06349, 11.6213974], [76.0637412, 11.6205646], [76.0645721, 11.6215299], [76.0643209, 11.6223438], [76.0636252, 11.6221166], [76.0635127, 11.6223759], [76.0634071, 11.6226193], [76.0632967, 11.6228737], [76.0638185, 11.6237823], [76.0645141, 11.6238958], [76.0654305, 11.6242615], [76.0655576, 11.6243122], [76.0660021, 11.6245583], [76.066118, 11.6252018], [76.0663885, 11.6255614], [76.0667364, 11.6259021], [76.0670274, 11.6259269], [76.0671808, 11.62594], [76.067374, 11.6260536], [76.0677605, 11.6264321], [76.0676525, 11.6268503], [76.0678327, 11.6271514], [76.0676949, 11.6276289], [76.0674405, 11.6280857], [76.0674548, 11.6283138], [76.0674723, 11.6285944], [76.0679387, 11.6286774], [76.068193, 11.6296013], [76.0676843, 11.6298089], [76.0673875, 11.6295079], [76.0672392, 11.6291238], [76.0668364, 11.6290823], [76.0664337, 11.6287708], [76.0661475, 11.6292172], [76.0660415, 11.6296325], [76.0654268, 11.6298608], [76.0654374, 11.6302553], [76.0644517, 11.6302968], [76.0639536, 11.6302449], [76.0636992, 11.6306083], [76.0642928, 11.6310962], [76.0648545, 11.631283], [76.0651406, 11.6317917], [76.0650983, 11.6323523], [76.0647803, 11.6327156], [76.0646425, 11.6330478], [76.0644093, 11.6334734], [76.0635403, 11.634034], [76.0632223, 11.6340547], [76.0630633, 11.63447], [76.0630421, 11.6352589], [76.0629679, 11.6354354], [76.0626818, 11.635342], [76.0617279, 11.6350098], [76.0610009, 11.6351659], [76.0609542, 11.6351759], [76.0607328, 11.6353297], [76.0612298, 11.6360997], [76.0609648, 11.636297], [76.0604773, 11.6363593], [76.0599791, 11.6368783], [76.0606786, 11.6376257], [76.0611556, 11.6369925], [76.0612082, 11.6370369], [76.0619293, 11.6376465], [76.0613358, 11.6382589], [76.0614841, 11.6389856], [76.0615689, 11.6392036], [76.0614523, 11.6392243], [76.060827, 11.6393489], [76.0604879, 11.6389233], [76.0603501, 11.6385704], [76.0600109, 11.6382382], [76.0595658, 11.6381863], [76.0590783, 11.6385185], [76.0586649, 11.6398679], [76.0573401, 11.6397019], [76.0572129, 11.6397849], [76.0566406, 11.6402728], [76.0570009, 11.6411551], [76.0566443, 11.6414909]]}}, {"type": "Feature", "properties": {"id": 386991394, "name": "maniyankod-iranjipuzha"}, "geometry": {"type": "LineString", "coordinates": [[76.1061998, 11.5669585], [76.1058619, 11.5668797], [76.105701, 11.5669375], [76.1055132, 11.5669585], [76.1055132, 11.5670426], [76.1052128, 11.5671109], [76.1050089, 11.5670794], [76.1049392, 11.5671687], [76.104848, 11.5673579], [76.1048266, 11.5675629], [76.1049446, 11.5677415], [76.1049124, 11.5678309], [76.1048105, 11.5679623], [76.1046764, 11.5681567], [76.1045476, 11.5683564], [76.1045047, 11.5685088], [76.1044564, 11.568698], [76.104553, 11.5688294], [76.1046388, 11.5689766], [76.1046227, 11.5690922], [76.1046978, 11.5693129], [76.1047354, 11.5694916], [76.1046656, 11.5697176], [76.1045101, 11.5699015], [76.1041292, 11.570075], [76.103861, 11.5701958], [76.103802, 11.5703325], [76.1035713, 11.5705217], [76.103405, 11.5707792], [76.1034694, 11.5709631], [76.103464, 11.5711155], [76.1035069, 11.5712732], [76.1036517, 11.5714309], [76.1036517, 11.5716936], [76.1034962, 11.571825], [76.103346, 11.5718881], [76.1031207, 11.57203], [76.1028247, 11.5721875], [76.1027489, 11.5721796], [76.1025681, 11.572051], [76.1024126, 11.571825], [76.1022409, 11.571825], [76.10208, 11.5716568], [76.1021336, 11.5713205], [76.1019995, 11.5711944], [76.1018547, 11.5712679], [76.1016669, 11.5714203], [76.1015757, 11.5716043], [76.1015382, 11.5717015], [76.1014094, 11.5718198], [76.1011841, 11.5720273], [76.1010232, 11.5722218], [76.1009239, 11.5723138], [76.1007952, 11.5723926], [76.1006825, 11.5725345], [76.1004814, 11.5725397], [76.1003526, 11.5724557], [76.1004277, 11.5723322], [76.1004197, 11.5722822], [76.1003768, 11.5721614], [76.1002748, 11.572051], [76.1001032, 11.5720878], [76.099835, 11.5721771], [76.0995989, 11.5721666], [76.0993844, 11.5721508], [76.0992771, 11.5720089], [76.0992556, 11.5718408], [76.0990571, 11.5716884], [76.098864, 11.571557], [76.0987031, 11.571536], [76.0984885, 11.5715833], [76.0983383, 11.5716989], [76.0981666, 11.5715938], [76.0981023, 11.5715097], [76.0981023, 11.5714519], [76.0979199, 11.5712312], [76.0977643, 11.5712101], [76.0976892, 11.5713363], [76.0975605, 11.5716463], [76.0974049, 11.5717146], [76.0969757, 11.5717199], [76.0967826, 11.5716148], [76.0965573, 11.5717409], [76.096391, 11.5719091], [76.0961282, 11.572256], [76.0961496, 11.572503], [76.0962891, 11.5727605], [76.0966056, 11.5727657], [76.0967075, 11.5726238], [76.0969114, 11.5727552], [76.0969221, 11.572834], [76.0967451, 11.5729024], [76.0966378, 11.5730232], [76.0966968, 11.5731231], [76.0968631, 11.5733386], [76.0970562, 11.573533], [76.097201, 11.5736223], [76.0973673, 11.5736381], [76.0975068, 11.5737012], [76.0976516, 11.5738641], [76.0976838, 11.5740428], [76.0977214, 11.5743266], [76.0977482, 11.5745683], [76.0977804, 11.5748101], [76.0977589, 11.5751201], [76.0976428, 11.5754032], [76.097674, 11.5757556], [76.0978448, 11.5760471], [76.0977622, 11.5761874], [76.0976685, 11.5762522], [76.0974427, 11.5763385], [76.097338, 11.5763223], [76.0972388, 11.5762845], [76.0971176, 11.5762683], [76.0970185, 11.5763169], [76.0969193, 11.5763655], [76.0968202, 11.5763223], [76.096721, 11.5762683], [76.0966879, 11.5761658], [76.0965888, 11.5760471], [76.0964841, 11.5759985], [76.0963684, 11.5759607], [76.0962527, 11.5759229], [76.0961481, 11.5758528], [76.0960765, 11.5757664], [76.0958997, 11.5757279], [76.0958452, 11.575716], [76.0957907, 11.5757042], [76.095779, 11.5757017], [76.0956633, 11.5757017], [76.0955641, 11.5757556], [76.0954043, 11.5757622], [76.0953009, 11.575784], [76.0952032, 11.5758802], [76.0951234, 11.576101], [76.0950408, 11.5761874], [76.0949802, 11.5762845], [76.0949747, 11.5763925], [76.0950187, 11.5765166], [76.0950904, 11.5766083], [76.095151, 11.5767109], [76.0951895, 11.5768296], [76.0952446, 11.576943], [76.0952887, 11.5770455], [76.0952942, 11.5771534], [76.0952336, 11.5772506], [76.0951454, 11.5773207], [76.0950518, 11.5773693], [76.0949361, 11.5773747], [76.0947984, 11.5773369], [76.0946937, 11.5772722], [76.0946056, 11.5771804], [76.0945615, 11.5770779], [76.0944844, 11.5769915], [76.0943632, 11.5769645], [76.0942475, 11.5769807], [76.0941428, 11.5770131], [76.0940437, 11.5770725], [76.0939335, 11.5771264], [76.0938288, 11.5771642], [76.0937297, 11.5772074], [76.0936305, 11.5772722], [76.0935919, 11.5773963], [76.0935699, 11.5774988], [76.0935479, 11.5776068], [76.0935644, 11.5777309], [76.0935974, 11.577855], [76.0936195, 11.5779791], [76.0936195, 11.5780925], [76.0935699, 11.578195], [76.0934928, 11.5782868], [76.0933771, 11.5783299], [76.0932614, 11.5783731], [76.0931457, 11.5784325], [76.0930465, 11.5784703], [76.0928152, 11.578508], [76.092716, 11.5785674], [76.0926444, 11.5786645], [76.0924966, 11.5788157], [76.0924421, 11.5788729], [76.0924499, 11.5789492], [76.0925083, 11.579098], [76.0925589, 11.5791553], [76.0926251, 11.5792087], [76.0926953, 11.579285], [76.0927498, 11.5793499], [76.0928004, 11.5794224], [76.0928355, 11.5795026], [76.0928277, 11.5795827], [76.0927264, 11.5797048], [76.0926797, 11.5797735], [76.092707, 11.5798536], [76.092781, 11.5798842], [76.0928628, 11.5799032], [76.0931082, 11.5799376], [76.0931588, 11.5800063], [76.0931939, 11.580075], [76.0932172, 11.5801551], [76.0932484, 11.5802314], [76.0932991, 11.5803268], [76.0933302, 11.5803993], [76.0933536, 11.5804757], [76.0933497, 11.5805558], [76.0933418, 11.5805767], [76.0933224, 11.5806283], [76.0931994, 11.580805], [76.0931141, 11.5808677], [76.0930554, 11.5809565], [76.0930127, 11.5810663], [76.0929807, 11.5811708], [76.0929381, 11.5812648], [76.0928581, 11.581338], [76.0927567, 11.5813746], [76.0926393, 11.5814059], [76.092522, 11.5814216], [76.09241, 11.5814164], [76.0922873, 11.5813955], [76.0922073, 11.5813119], [76.0921699, 11.5812021], [76.0921699, 11.5809565], [76.0921593, 11.5808416], [76.0921219, 11.5807214], [76.0920792, 11.5806169], [76.0919992, 11.5805437], [76.0918819, 11.5805437], [76.0917378, 11.5805385], [76.0916312, 11.5804914], [76.0915298, 11.5804496], [76.0914231, 11.5804235], [76.0913004, 11.5804183], [76.0912151, 11.580481], [76.0912418, 11.5808938], [76.0913058, 11.5809774], [76.0913431, 11.5811028], [76.0913431, 11.5812021], [76.0913111, 11.5813066], [76.0912631, 11.5814007], [76.0912258, 11.5815105], [76.0911937, 11.5818031], [76.0911404, 11.5819024], [76.0910657, 11.5820069], [76.091007, 11.5821166], [76.0909537, 11.5822211], [76.0908737, 11.5822891], [76.090783, 11.5823309], [76.090671, 11.5823727], [76.090543, 11.5823727], [76.0904256, 11.5823622], [76.0902923, 11.5823309], [76.0901856, 11.5822891], [76.0900842, 11.5822368], [76.0899882, 11.5821846], [76.0895081, 11.5818972], [76.0894014, 11.5818972], [76.0892734, 11.581871], [76.0891347, 11.5818501], [76.089028, 11.5818292], [76.0889107, 11.5818188], [76.0887986, 11.5818188], [76.088692, 11.5818292], [76.0885639, 11.5818397], [76.0884306, 11.5818658], [76.0883239, 11.5818397], [76.0882492, 11.5817665], [76.0881372, 11.5816411], [76.0880412, 11.5815575], [76.0879612, 11.5814791], [76.0878865, 11.5813746], [76.0877691, 11.5810663], [76.0877425, 11.5809618], [76.0877318, 11.5808468], [76.0877371, 11.5807266], [76.0877531, 11.5806169], [76.0877478, 11.5805123], [76.087728, 11.5804691], [76.0876998, 11.5804078], [76.0876038, 11.5803294], [76.0875077, 11.5802354], [76.0874224, 11.5801727], [76.0873157, 11.5801047], [76.0872037, 11.5800577], [76.0870757, 11.5800682], [76.0869796, 11.58011], [76.086873, 11.5801779], [76.0867769, 11.5802302], [76.0866703, 11.5802772], [76.0866169, 11.5803712], [76.0866116, 11.5804705], [76.0866596, 11.580575], [76.0867449, 11.580643], [76.0868463, 11.5806952], [76.0869476, 11.5807423], [76.087033, 11.5808102], [76.087097, 11.5809147], [76.087177, 11.5809983], [76.0872197, 11.5810924], [76.0871663, 11.5812387], [76.087097, 11.5813223], [76.087001, 11.5813589], [76.0868996, 11.5814059], [76.0867983, 11.5814739], [76.0865369, 11.5816411], [76.0864355, 11.5816829], [76.0863289, 11.5817456], [76.0862115, 11.5817874], [76.0861048, 11.5817926], [76.0859608, 11.5817926], [76.0858488, 11.5817822], [76.0857421, 11.5817247], [76.0856567, 11.5816463], [76.0855874, 11.5815575], [76.0855074, 11.5814739], [76.0854167, 11.5814164], [76.0853047, 11.5813537], [76.0851873, 11.5813485], [76.0850806, 11.5813746], [76.0849633, 11.5814059], [76.0848459, 11.5814216], [76.0847446, 11.5813955], [76.0846539, 11.5813276], [76.0844832, 11.5811812], [76.0843925, 11.5811133], [76.0842005, 11.5810192], [76.0841045, 11.5809722], [76.0839978, 11.5809356], [76.0837684, 11.5808834], [76.0836564, 11.580852], [76.083555, 11.580805], [76.0834323, 11.5807736], [76.083331, 11.5807579], [76.083203, 11.5807475], [76.0830909, 11.5807266], [76.0829682, 11.5807005], [76.0828616, 11.5806691], [76.0827335, 11.5806273], [76.0826108, 11.580596], [76.0825042, 11.580575], [76.0823921, 11.5805646], [76.0822801, 11.5805594], [76.0821681, 11.5805698], [76.0821361, 11.5806691], [76.0821681, 11.5807736], [76.0822268, 11.5808625], [76.0822961, 11.5809513], [76.0823388, 11.5810454], [76.0823068, 11.5811708], [76.0822481, 11.5812701], [76.0821948, 11.5813746], [76.0821468, 11.5814895], [76.0821041, 11.5815888], [76.0820561, 11.5818135], [76.0820614, 11.581939], [76.0820774, 11.5820644], [76.0821201, 11.5821793], [76.0821894, 11.5824145], [76.0821894, 11.5825242], [76.0821628, 11.582634], [76.0821148, 11.5827333], [76.0820294, 11.582796], [76.0819387, 11.5828744], [76.0818374, 11.5829318], [76.081736, 11.5829684], [76.081608, 11.5829998], [76.081496, 11.5830416], [76.081384, 11.5830834], [76.0812719, 11.5831565], [76.0811599, 11.5832088], [76.0810586, 11.5832506], [76.0809625, 11.5833551], [76.0809305, 11.5834544], [76.0809305, 11.5835589], [76.0809679, 11.5836582], [76.0810479, 11.5838359], [76.0810746, 11.5839352], [76.0811119, 11.5840449], [76.0811599, 11.5841337], [76.0811919, 11.5842383], [76.0812559, 11.5843584], [76.0812986, 11.5844839], [76.0813306, 11.5845884], [76.0813306, 11.5846981], [76.0813253, 11.5848026], [76.0813253, 11.584928], [76.081368, 11.5850326], [76.0815386, 11.5853043], [76.081544, 11.5856649], [76.0815013, 11.5857955], [76.0814533, 11.5858948], [76.0814053, 11.5859888], [76.0813466, 11.5861038], [76.0812826, 11.5861874], [76.0812079, 11.5863076], [76.0811546, 11.5863785], [76.0811332, 11.5864069], [76.0810852, 11.5865166], [76.0810586, 11.5866264], [76.0810746, 11.5867413], [76.0811439, 11.5868406], [76.0812346, 11.5869086], [76.081279, 11.5869086], [76.0813342, 11.5869086], [76.081368, 11.5869086], [76.0814853, 11.5868824], [76.081608, 11.5868406], [76.081704, 11.5867779], [76.0818107, 11.5867361], [76.0819387, 11.5866995], [76.0820721, 11.5866525], [76.0821948, 11.5865898], [76.0823068, 11.5865637], [76.0824348, 11.5865689], [76.0825522, 11.5865846], [76.0827229, 11.5865898], [76.0828402, 11.5865793], [76.0829682, 11.5865689], [76.0831069, 11.5865637], [76.083251, 11.5865846], [76.0833523, 11.5866159], [76.0834697, 11.586642], [76.083571, 11.5866838], [76.083699, 11.5867152], [76.0838217, 11.5867466], [76.0839338, 11.5867884], [76.0840458, 11.5868197], [76.0842538, 11.5869138], [76.0843552, 11.5869869], [76.0845419, 11.5871385], [76.0846325, 11.5872064], [76.0846966, 11.5872952], [76.0847232, 11.5873945], [76.0846806, 11.587499], [76.0846272, 11.5875983], [76.0845792, 11.5877185], [76.0845365, 11.5878335], [76.0845045, 11.5879484], [76.0844352, 11.5880948], [76.0843605, 11.5881836], [76.0842698, 11.5882306], [76.0841791, 11.5882986], [76.0841098, 11.5883822], [76.0840618, 11.5884501], [76.0840084, 11.5885546], [76.0839604, 11.5886539], [76.0839071, 11.588748], [76.0838697, 11.5888786], [76.0838484, 11.5889779], [76.0838484, 11.5890981], [76.0838537, 11.5892183], [76.0838751, 11.5893593], [76.0838911, 11.5894586], [76.0839124, 11.5895684], [76.0839124, 11.5896938], [76.0838804, 11.5898244], [76.0838111, 11.5899028], [76.0837044, 11.5899707], [76.0836137, 11.5900596], [76.083571, 11.5901641], [76.0835497, 11.5902686], [76.083555, 11.5903888], [76.0834845, 11.5909384], [76.0835207, 11.5910345], [76.0835517, 11.5911509], [76.083593, 11.5912521], [76.083655, 11.5913482], [76.0837325, 11.5914393], [76.0838409, 11.5915506], [76.0838978, 11.5916367], [76.0839494, 11.5917429], [76.0839959, 11.5918542], [76.0839907, 11.5919554], [76.0839546, 11.5920516], [76.0839133, 11.5921528], [76.0838513, 11.5922894], [76.0838668, 11.5923855], [76.0838823, 11.5924968], [76.0839288, 11.5926031], [76.0840062, 11.5927043], [76.0840579, 11.5928308], [76.0840936, 11.5928973], [76.0841095, 11.5929269], [76.0841664, 11.5930231], [76.084218, 11.5931293], [76.0842387, 11.5932356], [76.0842128, 11.5933368], [76.0841354, 11.5934025], [76.0840321, 11.5934228], [76.0839391, 11.5934633], [76.0839494, 11.5935796], [76.0839804, 11.5936859], [76.0840321, 11.5937719], [76.0840734, 11.5938782], [76.084125, 11.5939844], [76.084187, 11.5940806], [76.0842387, 11.5941716], [76.0842697, 11.594283], [76.0842232, 11.5943791], [76.0841302, 11.5944348], [76.0840166, 11.5944601], [76.0839029, 11.5944854], [76.0837893, 11.5945208], [76.0836705, 11.5945511], [76.0835672, 11.5945663], [76.0835259, 11.5946827], [76.0834381, 11.5949205], [76.0834071, 11.5952291], [76.0834174, 11.5953303], [76.0834536, 11.5954265], [76.0834845, 11.5955277], [76.0835052, 11.5956289], [76.0834897, 11.5957402], [76.0834587, 11.5958464], [76.0833812, 11.5959223], [76.0833451, 11.5960235], [76.0834019, 11.5961045], [76.083562, 11.5962765], [76.0836292, 11.5963524], [76.0836912, 11.5964435], [76.0837428, 11.5965396], [76.0838255, 11.5966105], [76.0840785, 11.5968027], [76.084125, 11.5968938], [76.084156, 11.596995], [76.0842077, 11.5970962], [76.0842903, 11.5973087], [76.0843368, 11.5973998], [76.084373, 11.5975111], [76.0843523, 11.5976123], [76.0843265, 11.5977186], [76.0842852, 11.5978198], [76.0842387, 11.597921], [76.0841922, 11.5980222], [76.0841199, 11.598098], [76.0839926, 11.5982106], [76.0839597, 11.5982397], [76.0838461, 11.5982701], [76.083748, 11.5982448], [76.0836447, 11.5982094], [76.0835465, 11.5981638], [76.0834071, 11.5981588], [76.0833038, 11.5981335], [76.083216, 11.5981132], [76.0831023, 11.5980778], [76.0829887, 11.5980373], [76.0828079, 11.597926], [76.0826943, 11.5979058], [76.082591, 11.597926], [76.0824877, 11.5979716], [76.0823844, 11.5979969], [76.0822965, 11.5980424], [76.0822449, 11.5981385], [76.0822036, 11.5982347], [76.0821881, 11.5983409], [76.0821881, 11.5984472], [76.0822191, 11.5985534], [76.082281, 11.5986394], [76.0823637, 11.5987052], [76.0824257, 11.5987912], [76.0824515, 11.5989026], [76.0823844, 11.5989886], [76.082281, 11.5990189], [76.0821674, 11.5990088], [76.0820589, 11.5989683], [76.0819556, 11.5989127], [76.0818627, 11.5988773], [76.0817594, 11.5989329], [76.0817129, 11.5990189], [76.0817232, 11.5991201], [76.0817697, 11.5992264], [76.0818523, 11.5993124], [76.0819918, 11.5993933], [76.0820641, 11.5994692], [76.0822501, 11.5996261], [76.0822294, 11.5997273], [76.0821984, 11.5998386], [76.0821519, 11.5999297], [76.0820951, 11.6000157], [76.0820331, 11.6000967], [76.082028, 11.6001978], [76.0821158, 11.6002535], [76.0824515, 11.6002383], [76.0825755, 11.6002484], [76.0826788, 11.600294], [76.0827149, 11.6003952], [76.0826943, 11.6004964], [76.0826374, 11.6005874], [76.0824773, 11.6007291], [76.0824257, 11.6008151], [76.0823224, 11.6008758], [76.0822191, 11.6009062], [76.0821209, 11.6009062], [76.0820228, 11.6009113]]}}, {"type": "Feature", "properties": {"id": 794754897, "name": "unnamed"}, "geometry": {"type": "LineString", "coordinates": [[76.1099747, 11.6399319], [76.1100874, 11.6400843], [76.110271, 11.6401219], [76.1104351, 11.6401225], [76.1106416, 11.6401502], [76.1107204, 11.6401631], [76.1109242, 11.6401579], [76.1110026, 11.640249], [76.1110927, 11.6402578], [76.1111925, 11.6402314], [76.1113212, 11.6402314], [76.1114178, 11.6402051], [76.1115946, 11.6402631], [76.1117516, 11.6403142], [76.1118523, 11.6402997], [76.1121312, 11.6402314], [76.1123136, 11.6402577], [76.1125228, 11.6401946], [76.1126955, 11.6401097], [76.1128917, 11.6401252], [76.1129734, 11.6401316]]}}, {"type": "Feature", "properties": {"id": 794754898, "name": "river near muttil"}, "geometry": {"type": "LineString", "coordinates": [[76.1129734, 11.6401316], [76.1131666, 11.6401158], [76.1134187, 11.6401158], [76.1134985, 11.6401095]]}}, {"type": "Feature", "properties": {"id": 794771380, "name": "unnamed"}, "geometry": {"type": "LineString", "coordinates": [[76.1206593, 11.6990901], [76.1205824, 11.6991636], [76.120649, 11.6994408], [76.1207489, 11.6995386], [76.1207655, 11.6997179], [76.1207443, 11.6998221], [76.1207378, 11.6998538], [76.1208599, 11.700006], [76.1208611, 11.7002613]]}}, {"type": "Feature", "properties": {"id": 794907380, "name": "Narasi Puzha"}, "geometry": {"type": "LineString", "coordinates": [[76.2185593, 11.679064], [76.2185457, 11.67907], [76.2184964, 11.6790848], [76.2183611, 11.6791466], [76.218316, 11.6792924], [76.2183295, 11.6794249], [76.2184603, 11.6794249], [76.2185506, 11.6794824], [76.2186633, 11.6796237], [76.2185506, 11.6798004], [76.2183385, 11.6798932], [76.2180047, 11.6800346], [76.2177251, 11.6801759], [76.2177206, 11.6803438], [76.2176078, 11.6804542], [76.2173958, 11.6804454], [76.2173371, 11.6805382], [76.2172469, 11.6805779], [76.2171296, 11.680706], [76.2170259, 11.6808562], [76.2168996, 11.6810506], [76.2167597, 11.681267], [76.2167236, 11.6814393], [76.2167552, 11.6816072], [76.2167327, 11.6817397], [76.2166334, 11.6818104], [76.2164981, 11.6819253], [76.2165071, 11.6820224], [76.2162139, 11.6823405], [76.2161417, 11.682473], [76.2160154, 11.6825879], [76.215835, 11.6825172], [76.21565, 11.6825525], [76.2156049, 11.6826232], [76.2154876, 11.6826851], [76.2153433, 11.6827116], [76.215226, 11.6827999], [76.2151448, 11.6829545], [76.2150907, 11.6831091], [76.2151899, 11.6831621], [76.2153253, 11.6831268], [76.2153929, 11.6831577], [76.2153929, 11.6832903], [76.2153027, 11.6833344], [76.2150681, 11.6834537], [76.2150095, 11.6836127], [76.2149193, 11.6837364], [76.2147794, 11.6838469], [76.2145539, 11.6838999], [76.2145178, 11.6839169], [76.2142065, 11.6840633], [76.2140848, 11.6840633], [76.2138276, 11.6840147], [76.2136743, 11.6841472], [76.2135209, 11.6841075], [76.2133269, 11.684028], [76.2130969, 11.6842312], [76.2129254, 11.6843328], [76.2128533, 11.6844079], [76.2127315, 11.6844609], [76.2125646, 11.6844741], [76.2124247, 11.684589], [76.2122984, 11.6846906], [76.2121541, 11.6847789], [76.2119736, 11.684854], [76.2117752, 11.68496], [76.2116467, 11.6850755], [76.2115662, 11.6852068], [76.2113892, 11.6853119], [76.2112551, 11.685459], [76.211137, 11.6856323], [76.2108956, 11.685811], [76.2108527, 11.6857952], [76.2107615, 11.6856954], [76.2107232, 11.6856664], [76.2106435, 11.6856061], [76.2106006, 11.6857006], [76.210547, 11.685832], [76.2104397, 11.6859055], [76.2103485, 11.6859423], [76.210386, 11.6860473], [76.2104021, 11.6862049], [76.2103592, 11.6863153], [76.2102251, 11.686373], [76.2101929, 11.6864466], [76.2102412, 11.6865989], [76.2102465, 11.6867513], [76.2103002, 11.6869036], [76.2103699, 11.6870297], [76.2103377, 11.68714], [76.2102734, 11.6871768], [76.2101554, 11.6872661], [76.2101071, 11.6874027], [76.210032, 11.6875498], [76.2099515, 11.6877809], [76.2098549, 11.6879438], [76.2097584, 11.6880173], [76.2096779, 11.6881907], [76.2095921, 11.688364], [76.2095653, 11.6885058], [76.2095867, 11.6886634], [76.2096133, 11.688916], [76.2096095, 11.6890943], [76.2095867, 11.6892281], [76.2095143, 11.6893856], [76.2094561, 11.6894853], [76.2093704, 11.6896267], [76.2093356, 11.6896869], [76.2092984, 11.6897512], [76.2092845, 11.6897752], [76.2092351, 11.6898608], [76.2091268, 11.690064], [76.2090095, 11.6902275], [76.2089689, 11.6903865], [76.2089373, 11.6905278], [76.2088426, 11.6906118], [76.2087659, 11.690731], [76.208784, 11.6908238], [76.2086396, 11.6909342], [76.2084953, 11.6909563], [76.2082878, 11.6909917], [76.208184, 11.6911109], [76.2080342, 11.6910362], [76.2079359, 11.6909872], [76.2078006, 11.6908856], [76.2076743, 11.6907796], [76.2073901, 11.6909166], [76.2072412, 11.6910535], [76.2069525, 11.6913362], [76.2067992, 11.6915262], [76.2066729, 11.6916852], [76.206533, 11.6916498], [76.2064428, 11.6915129], [76.206321, 11.6914643], [76.2059737, 11.6917117], [76.2057526, 11.6916631], [76.2056083, 11.6918089], [76.2055767, 11.691884], [76.2054369, 11.6919723], [76.2053196, 11.6920827], [76.2052654, 11.6922594], [76.2053782, 11.6924582], [76.2052925, 11.6925996], [76.2051842, 11.6927232], [76.2049271, 11.6927807], [76.2048392, 11.6925921], [76.2048324, 11.6925775], [76.204652, 11.6926261], [76.2045888, 11.6927718], [76.2043993, 11.6927763], [76.2041695, 11.6927927], [76.2041481, 11.6931184], [76.2039335, 11.6933706], [76.2037404, 11.6935176], [76.2038906, 11.6936857], [76.2036546, 11.6939169], [76.2033167, 11.6942649], [76.2032446, 11.6942516], [76.2032085, 11.6942914], [76.2031273, 11.6942737], [76.2030641, 11.6941942], [76.203019, 11.6941191], [76.2029739, 11.6940882], [76.2029333, 11.6940661], [76.2028566, 11.6941103], [76.2027889, 11.6941324], [76.2027484, 11.6940749], [76.2027303, 11.6939822], [76.2026311, 11.6939424], [76.2024855, 11.6939108], [76.2024687, 11.6939071], [76.202401, 11.6939424], [76.2023694, 11.6939689], [76.2022062, 11.6942216], [76.2020774, 11.6945683], [76.2017985, 11.6946523], [76.2011933, 11.6947684], [76.2008715, 11.6949523], [76.200453, 11.6951046], [76.2002331, 11.6952202], [76.1998576, 11.695341], [76.1996242, 11.6953722], [76.1995169, 11.6952252], [76.1994525, 11.695015], [76.199415, 11.694952], [76.199254, 11.6950203], [76.1990502, 11.6950991], [76.1988946, 11.6952409], [76.1987659, 11.6953302], [76.1986908, 11.695451], [76.1987229, 11.6956401], [76.1987229, 11.6958293], [76.1986371, 11.6959868], [76.1985566, 11.6960131], [76.1984118, 11.6960604], [76.1982401, 11.6963493], [76.1982294, 11.6965016], [76.1982616, 11.6965857], [76.1982884, 11.696738], [76.1981436, 11.6968221], [76.1979934, 11.6968746], [76.1978593, 11.6969376], [76.1977144, 11.6969744], [76.1976016, 11.697027], [76.1975001, 11.6971891], [76.1973879, 11.6973775], [76.1973558, 11.6977281], [76.1971955, 11.6978379], [76.1970353, 11.6979059], [76.197094, 11.6980158], [76.197078, 11.6981309], [76.196875, 11.6981885], [76.1967574, 11.6981728], [76.1965651, 11.698267], [76.1962552, 11.698539], [76.1959186, 11.6986594], [76.1957262, 11.698764], [76.1954804, 11.6988477], [76.1952453, 11.6990884], [76.1950743, 11.6991983], [76.1949889, 11.6992035], [76.1948339, 11.6990465], [76.1945507, 11.6989576], [76.1943691, 11.6989681], [76.1942622, 11.6990622], [76.1942622, 11.6992401], [76.1943797, 11.6993343], [76.1944546, 11.6995697], [76.194353, 11.6998732], [76.1942355, 11.7000773], [76.1939416, 11.7001191], [76.1935302, 11.7000459], [76.1933378, 11.6999831], [76.1931295, 11.6999831], [76.192889, 11.7000406], [76.1929959, 11.7002708], [76.193076, 11.7004435], [76.1931615, 11.7006319], [76.1931722, 11.7007574], [76.1931776, 11.7008882], [76.1931722, 11.7010609], [76.1931882, 11.7012911], [76.1931882, 11.7014481], [76.1930921, 11.7017777], [76.1930921, 11.7018771], [76.1929531, 11.7020131], [76.1929585, 11.7021648], [76.193044, 11.7023689], [76.1930333, 11.702552], [76.1931241, 11.7027351], [76.1925673, 11.7032625], [76.1922079, 11.7036197], [76.1923367, 11.7039664], [76.1919727, 11.7042057], [76.1915945, 11.7043002], [76.1915489, 11.7044289], [76.1915328, 11.7046601], [76.1914872, 11.7047021], [76.1913584, 11.7047388], [76.1912297, 11.7050593], [76.1910849, 11.7052563], [76.1909105, 11.7055504], [76.1908274, 11.7055898], [76.1906477, 11.7055084], [76.1904679, 11.7055741], [76.1903848, 11.7056949], [76.1902695, 11.7057632], [76.1901836, 11.7058971], [76.1901622, 11.7060074], [76.1901649, 11.7061808], [76.1900898, 11.7063357], [76.1898913, 11.7063856], [76.1897893, 11.7063804], [76.189666, 11.7062727], [76.1895184, 11.7062175], [76.1893897, 11.7063121], [76.1891778, 11.7064171], [76.1890893, 11.7064093], [76.1888908, 11.7063436], [76.1887728, 11.7063672], [76.1886387, 11.7064618], [76.188695, 11.7065485], [76.1887433, 11.706685], [76.1888693, 11.7067402], [76.1888801, 11.7068426], [76.1888184, 11.7069634], [76.1888452, 11.7070527], [76.1889686, 11.7070396], [76.1890625, 11.7070659], [76.1891349, 11.7071131], [76.1893012, 11.7072234], [76.189277, 11.7073127], [76.1891671, 11.7074493], [76.188864, 11.7075517], [76.1885984, 11.707536], [76.1884268, 11.7075202], [76.1880781, 11.7075544], [76.1878582, 11.7076305], [76.1875256, 11.707733], [76.1873646, 11.7078984], [76.1870535, 11.7082083], [76.1869247, 11.708358], [76.1868979, 11.7085787], [76.1868711, 11.708731], [76.1868175, 11.7089385], [76.1867638, 11.709188], [76.186674, 11.70933], [76.1866458, 11.7093745], [76.1865734, 11.7095005], [76.1864473, 11.7096765], [76.1863266, 11.7097028], [76.1862193, 11.7096607], [76.186171, 11.7095426], [76.1860986, 11.7094821], [76.1859645, 11.70949], [76.1857285, 11.7095294], [76.1855032, 11.7096213], [76.1853288, 11.7098104], [76.185074, 11.709842], [76.1849882, 11.7098315], [76.1848782, 11.7097211], [76.1847495, 11.7096529], [76.184669, 11.7097133], [76.1846717, 11.7098157], [76.1845993, 11.709821], [76.1844866, 11.7098761], [76.1844276, 11.7099208], [76.1843766, 11.7099969], [76.1843069, 11.7100416], [76.1842345, 11.7100494], [76.1841996, 11.7100258], [76.1840575, 11.7100206], [76.183985, 11.7099864], [76.1839019, 11.7099313], [76.1838348, 11.7099418], [76.1837866, 11.7100915], [76.1837007, 11.7101204], [76.183521, 11.7101992], [76.1833655, 11.7103016], [76.1831241, 11.710425], [76.1829578, 11.7104513], [76.1828961, 11.7104119], [76.1827781, 11.7102727], [76.1827351, 11.7102202], [76.182719, 11.7100915], [76.1826144, 11.7100731], [76.1824911, 11.7100074], [76.1823543, 11.7100127], [76.1823429, 11.7100555], [76.1823382, 11.7100731], [76.1822738, 11.7102569], [76.1823167, 11.7104145], [76.1821611, 11.7103699], [76.1821075, 11.7104329], [76.1819492, 11.7104933], [76.1817588, 11.7105458], [76.1816462, 11.7105485], [76.1813913, 11.7107192], [76.1813726, 11.7108636], [76.1813538, 11.7109739], [76.1813216, 11.7111026], [76.1813618, 11.7112103], [76.1814745, 11.7113259], [76.181555, 11.7113206], [76.1816488, 11.7113416], [76.1816542, 11.7114493], [76.1816032, 11.7115517], [76.1816167, 11.7116542], [76.1816354, 11.7117408], [76.1815925, 11.7118223], [76.1814745, 11.7119483], [76.1814074, 11.7120612], [76.181268, 11.7121663], [76.1811741, 11.7122425], [76.1812036, 11.7123633], [76.1811982, 11.7124736], [76.18093, 11.7125786], [76.1807932, 11.7125471], [76.180702, 11.7124552], [76.1805518, 11.7124473], [76.1804928, 11.7123895], [76.1805304, 11.7122477], [76.1805974, 11.7121348], [76.1805438, 11.7121112], [76.1804955, 11.7121374], [76.1804365, 11.7122293], [76.1803265, 11.7123002], [76.1802568, 11.7123817], [76.1802702, 11.7124841], [76.1804606, 11.7127914], [76.1806242, 11.7131433], [76.1805867, 11.7132431], [76.1804561, 11.7134503], [76.1804008, 11.713498], [76.1803816, 11.7135146], [76.1801694, 11.7135432], [76.179943, 11.7135189], [76.1797606, 11.7135609], [76.1796443, 11.7135496], [76.1795487, 11.7135989], [76.1795084, 11.7139995], [76.1793475, 11.7141571], [76.178972, 11.714333], [76.1787708, 11.714425], [76.1783041, 11.7145195], [76.1781378, 11.7145405], [76.1779259, 11.7146771], [76.1777033, 11.714727], [76.1776014, 11.714643], [76.1774297, 11.7146219], [76.1772742, 11.7146824], [76.1772205, 11.7147743], [76.1772044, 11.7147953], [76.1773037, 11.7149187], [76.1773573, 11.7150921], [76.1773171, 11.7153915], [76.1772554, 11.7154098], [76.1771803, 11.7153862], [76.1770569, 11.7152864], [76.1769818, 11.7152733], [76.1769282, 11.715184], [76.1769496, 11.7150658], [76.1770381, 11.7150264], [76.1771347, 11.71505], [76.1771427, 11.7149003], [76.1770167, 11.7148032], [76.1767377, 11.7147822], [76.1765419, 11.7147795], [76.1763863, 11.7148032], [76.1763112, 11.7148951], [76.1761879, 11.7149135], [76.1760913, 11.7148951], [76.1759465, 11.7148636], [76.1758365, 11.714811], [76.1757989, 11.7147454], [76.175461, 11.7146902], [76.1754476, 11.7144696], [76.1753456, 11.7143567], [76.1752384, 11.7143908], [76.1749889, 11.7144827], [76.1748494, 11.7146036], [76.1746939, 11.7147165], [76.1745732, 11.7148189], [76.1746054, 11.7151656], [76.1745946, 11.7153757], [76.1745168, 11.7155648], [76.1743425, 11.7157303], [76.1742218, 11.7157303], [76.1740448, 11.7157329], [76.1738973, 11.7157513], [76.1736961, 11.7156672], [76.1735164, 11.7156515], [76.1732696, 11.7157381], [76.1731784, 11.7158143], [76.1731784, 11.7159903], [76.1732026, 11.7161583], [76.173165, 11.7163606], [76.1727224, 11.716618], [76.172532, 11.7166626], [76.1724274, 11.7166232], [76.1724247, 11.7164289], [76.1723067, 11.7163553], [76.1722397, 11.716358], [76.1720519, 11.7164184], [76.1719902, 11.7165523], [76.1719822, 11.716681], [76.1719419, 11.7169804], [76.1716791, 11.7171826], [76.1714967, 11.7172299], [76.1713411, 11.7173061], [76.1711471, 11.7173383], [76.1710273, 11.7173271], [76.1708476, 11.7173034], [76.1707698, 11.7172719], [76.1704157, 11.7170224], [76.170228, 11.7169541], [76.1699625, 11.7168701], [76.1698149, 11.7168202], [76.1696486, 11.7168438], [76.1695628, 11.7168596], [76.1694931, 11.7169252], [76.1694797, 11.7170487], [76.1695789, 11.7170644], [76.1696057, 11.7171432], [76.1696567, 11.7172036], [76.1697613, 11.7172824], [76.1697237, 11.7174426], [76.169603, 11.7174663], [76.1694609, 11.7174846], [76.1694394, 11.7177867], [76.1694958, 11.7179022], [76.1696138, 11.7182226], [76.1696272, 11.7184196], [76.1696111, 11.7185903], [76.1695709, 11.7187453], [76.1694689, 11.7188083], [76.169359, 11.7188398], [76.1693321, 11.7189527], [76.1693053, 11.7190657], [76.1691122, 11.7189843], [76.1689298, 11.718937], [76.1687823, 11.7188635], [76.168675, 11.7186297], [76.1687716, 11.7184459], [76.1688467, 11.7183146], [76.1688493, 11.7182174], [76.1687072, 11.7182279], [76.1685087, 11.7182883], [76.16838, 11.7182857], [76.1681976, 11.7182909], [76.1680769, 11.7181832], [76.16805, 11.7182384], [76.1680286, 11.7183986], [76.1680339, 11.7185168], [76.1680474, 11.7187085], [76.1680635, 11.7188162], [76.168042, 11.7189554], [76.1679696, 11.7189711], [76.1679267, 11.7190342], [76.1678435, 11.7189633], [76.1678274, 11.7190368], [76.1677201, 11.7190552], [76.1676611, 11.7191235], [76.1675914, 11.7191445], [76.167468, 11.7190867], [76.1673285, 11.7189764], [76.1671837, 11.7189659], [76.1671756, 11.7190158], [76.1671756, 11.7191103], [76.1670737, 11.7191418], [76.1670013, 11.7191996], [76.1669637, 11.7193047], [76.166835, 11.719415], [76.1666446, 11.7196251], [76.1666204, 11.7198273], [76.1666472, 11.7199429], [76.1666553, 11.72004], [76.1666097, 11.7200873], [76.1664246, 11.7201897], [76.1663656, 11.720216], [76.1662798, 11.720216], [76.1661966, 11.7201661], [76.1661001, 11.720174], [76.1660437, 11.7201372], [76.1660464, 11.7200427], [76.1661269, 11.7199744], [76.1661001, 11.7198221], [76.1660625, 11.7196566], [76.1658426, 11.7196671], [76.165628, 11.719675], [76.1655931, 11.7197932], [76.1655449, 11.7200453], [76.1651935, 11.7204892], [76.164936, 11.7208464], [76.1644425, 11.7209461], [76.1642923, 11.7212665], [76.1641742, 11.7213978], [76.1639758, 11.7214661], [76.1636807, 11.7215659], [76.1634608, 11.7217865], [76.1632355, 11.7220807], [76.1628278, 11.7222908], [76.1626293, 11.722359], [76.1623396, 11.7224378], [76.1622498, 11.7225315], [76.1620124, 11.7227792], [76.1617281, 11.7229788], [76.161594, 11.7231784], [76.161551, 11.7235409], [76.1613848, 11.723772], [76.161079, 11.7240188], [76.1611326, 11.7242184], [76.1612453, 11.7244443], [76.161315, 11.7248015], [76.1613311, 11.7250798], [76.1611863, 11.7252111], [76.1608054, 11.7253897], [76.1605855, 11.7254633], [76.1603494, 11.7258362], [76.1600222, 11.7258467], [76.1599042, 11.7260305], [76.1599364, 11.7263667], [76.1598291, 11.7265663], [76.1596199, 11.7268289], [76.1594804, 11.7270022], [76.1591424, 11.7271493], [76.1588098, 11.7273121], [76.1587079, 11.7275222], [76.1585041, 11.7277901], [76.1582788, 11.7281315], [76.1581661, 11.7282471], [76.1581393, 11.7284624], [76.1583646, 11.7286883], [76.1585418, 11.7288257], [76.1587314, 11.7286476], [76.1589138, 11.7284375], [76.1590157, 11.7282852], [76.1591177, 11.7281486], [76.1592947, 11.7281907], [76.1596541, 11.7282642], [76.1598526, 11.7282484], [76.1600672, 11.7283535], [76.1601637, 11.7283482], [76.1600456, 11.728533], [76.1598498, 11.7286906], [76.1595976, 11.728969], [76.1594957, 11.7291843], [76.1593509, 11.7294023], [76.1590505, 11.7296124], [76.1588708, 11.7297175], [76.1586669, 11.7297253], [76.1584926, 11.7297595], [76.1584014, 11.7298383], [76.1582646, 11.7300668], [76.1582136, 11.7302611], [76.1580875, 11.7304712], [76.1579695, 11.7305552], [76.1578944, 11.730571], [76.1576799, 11.7304475], [76.1576021, 11.7304475], [76.1571515, 11.7306471], [76.1571085, 11.7307338], [76.1571139, 11.7308389], [76.1572319, 11.7310279], [76.1572614, 11.731154], [76.1571997, 11.7312433], [76.1570978, 11.7312669], [76.1567679, 11.7311881], [76.1565104, 11.731217], [76.1562617, 11.731304], [76.1559667, 11.7315141], [76.1559023, 11.7317504], [76.1559238, 11.7319237], [76.155897, 11.7320813], [76.1557307, 11.7321601], [76.1553981, 11.7321443], [76.1551245, 11.7322126], [76.155044, 11.7322756], [76.1550386, 11.7325015], [76.1549367, 11.7325488], [76.1546846, 11.7326276], [76.1544968, 11.7326276], [76.1544378, 11.7325435], [76.1542554, 11.7325067], [76.1539979, 11.732617], [76.1538317, 11.7327536], [76.1536548, 11.7329103], [76.1536338, 11.7330383], [76.1536198, 11.7331435], [76.1535439, 11.7332996], [76.1534473, 11.7334151], [76.1532435, 11.7334361], [76.1530665, 11.7333495], [76.152817, 11.733226], [76.1527285, 11.7332129], [76.1526783, 11.7332841], [76.1525871, 11.733573], [76.1525281, 11.7336413], [76.1524637, 11.7337253], [76.1523457, 11.7339984], [76.1522813, 11.7340877], [76.1521365, 11.734135], [76.1519595, 11.7341612], [76.1517824, 11.7340877], [76.1517342, 11.7339091], [76.1515571, 11.7336045], [76.1514659, 11.7334627], [76.1513801, 11.7332421], [76.1512621, 11.733137], [76.1511333, 11.7330477], [76.1509241, 11.7330372], [76.1507096, 11.7331108], [76.1505915, 11.7330215], [76.1504491, 11.7329643], [76.1503072, 11.7328376], [76.1499907, 11.7329007], [76.1498405, 11.7330005], [76.1496045, 11.7330425], [76.1493845, 11.7330687], [76.14917, 11.7329322], [76.1490466, 11.7328482], [76.1488588, 11.7328849], [76.1488052, 11.7330477], [76.1486657, 11.7332736], [76.1486335, 11.7336518], [76.1486067, 11.7338671], [76.1484243, 11.7338934], [76.1480703, 11.7339301], [76.1478771, 11.7340089], [76.1476357, 11.7340404], [76.147625, 11.7342033], [76.1475553, 11.734282], [76.1472978, 11.7343398], [76.1469813, 11.7342558], [76.1468257, 11.7342925], [76.1467613, 11.7344133], [76.1465146, 11.7345341], [76.1464609, 11.7347075], [76.146477, 11.7349438], [76.1463751, 11.7352642], [76.1462571, 11.7353745], [76.1460747, 11.7353483], [76.1458923, 11.7352852], [76.1456134, 11.7355531], [76.1453183, 11.7355478], [76.145085, 11.7354031], [76.1448129, 11.7351575], [76.1445941, 11.7352202], [76.1444607, 11.735424], [76.1444607, 11.7355807], [76.1443113, 11.7357061], [76.1441566, 11.7357949], [76.1439805, 11.7357322], [76.1438258, 11.7358315], [76.1438044, 11.7358994], [76.1436497, 11.73603], [76.1434629, 11.7360039], [76.1435376, 11.7361031], [76.1433402, 11.7361606], [76.1431001, 11.7360039], [76.1428973, 11.7359516], [76.1426039, 11.7359307], [76.1424758, 11.7360248], [76.1422304, 11.7362599], [76.1420596, 11.7365733], [76.1420009, 11.7366935], [76.1418569, 11.7365838], [76.1417875, 11.7365472], [76.1416594, 11.7365472], [76.1412646, 11.7366099], [76.1411846, 11.7363905], [76.1411419, 11.7363225], [76.1409391, 11.7363696], [76.1408377, 11.7365054], [76.1408324, 11.7367823], [76.1407203, 11.7369442], [76.1404909, 11.7371271], [76.1402935, 11.7372211], [76.1402241, 11.7371062], [76.1401761, 11.7368711], [76.140032, 11.7368032], [76.1398933, 11.7368868], [76.1398375, 11.7369315], [76.1396585, 11.7370748], [76.1394291, 11.7372316], [76.1392904, 11.7373726], [76.1392103, 11.7374875], [76.1391997, 11.7375711], [76.1392904, 11.7376965], [76.1392103, 11.7379264], [76.1390076, 11.7379368], [76.1388528, 11.7378637], [76.1388368, 11.7376913], [76.1387034, 11.7375137], [76.138554, 11.7373569], [76.1384526, 11.7371584], [76.1383246, 11.7370905], [76.1379457, 11.7370592], [76.1378124, 11.7370644], [76.1376843, 11.7369599], [76.1373748, 11.7370017], [76.1371507, 11.7370801], [76.1371027, 11.7372159], [76.137124, 11.7373569], [76.1371347, 11.7375555], [76.1372308, 11.7377017], [76.1373161, 11.73801], [76.1372681, 11.7381092], [76.1371827, 11.7382346], [76.137012, 11.7382398], [76.1368786, 11.7382242], [76.1367505, 11.7383704], [76.1368306, 11.7385219], [76.1368306, 11.7386682], [76.1368626, 11.738804], [76.1369266, 11.7388876], [76.1369266, 11.7390339], [76.1369586, 11.7393056], [76.1368786, 11.7394571], [76.1366812, 11.7395615], [76.1365638, 11.7395406], [76.136345, 11.7394518], [76.1363077, 11.7393317], [76.136201, 11.7393421], [76.1359982, 11.7394466], [76.1358968, 11.7394466], [76.1358861, 11.7393526], [76.1359075, 11.7392794], [76.1359608, 11.7391384], [76.1359342, 11.7390757], [76.1358328, 11.7390757], [76.1356941, 11.7392115], [76.1355393, 11.7393421], [76.1354006, 11.7395041], [76.1352619, 11.7395668], [76.1352032, 11.7396033], [76.1351178, 11.7396921], [76.1350164, 11.7397966], [76.1348526, 11.7399417], [76.1347923, 11.7399951], [76.1347123, 11.7400892], [76.1346269, 11.7402198], [76.1345415, 11.7404026], [76.1344508, 11.7404549], [76.1343174, 11.7403713], [76.1341765, 11.7403109], [76.1341467, 11.7402981], [76.1339706, 11.7402773], [76.1337732, 11.7402773], [76.1336931, 11.7403138], [76.1335011, 11.740434], [76.133469, 11.740528], [76.1336611, 11.7406116], [76.1337038, 11.7407683], [76.1338239, 11.7408833], [76.1338799, 11.7410478], [76.1337941, 11.7410989], [76.1335784, 11.7411314], [76.1334103, 11.741168], [76.1332636, 11.7411418], [76.1330743, 11.7411098], [76.1330301, 11.7411023], [76.1328582, 11.7411563], [76.1328582, 11.7413277], [76.1328582, 11.7414642], [76.132936, 11.7417341], [76.1328387, 11.7418484], [76.132748, 11.7418706], [76.1326348, 11.7420563], [76.132628, 11.7420674], [76.132602, 11.7422611], [76.1326539, 11.7424007], [76.1327528, 11.7425041], [76.1328517, 11.7425468], [76.1329212, 11.7426515], [76.1328325, 11.7427837], [76.1327188, 11.7428008], [76.1326473, 11.7427783], [76.1325858, 11.7427627], [76.1324744, 11.7427154], [76.1323913, 11.7426452], [76.132324, 11.7425444], [76.132281, 11.7424801], [76.1321643, 11.7423722], [76.1320605, 11.7423658], [76.1318984, 11.7424833], [76.1315732, 11.7427536], [76.1313407, 11.7429468], [76.1312921, 11.743021], [76.1311786, 11.7431944], [76.1310748, 11.743315], [76.1309776, 11.7433182], [76.1308835, 11.7433627], [76.1307552, 11.7433607], [76.1306232, 11.7433586], [76.1304884, 11.7432878], [76.1304649, 11.7432755], [76.1304166, 11.7433341], [76.1303518, 11.743442], [76.1304426, 11.7436103], [76.1303777, 11.7438135], [76.1303584, 11.7438277], [76.1302091, 11.7439373], [76.1301799, 11.7440357], [76.130154, 11.7442262], [76.1301345, 11.7443341], [76.1301669, 11.7443912], [76.1302285, 11.7445341], [76.1301896, 11.7446325], [76.1302545, 11.7448515], [76.1301961, 11.7450738], [76.1301572, 11.7452642], [76.1301734, 11.745315], [76.1301053, 11.7453246], [76.1300535, 11.7453119], [76.1299724, 11.7452325], [76.1298816, 11.7452039], [76.129833, 11.7451563], [76.1297357, 11.7451754], [76.1295963, 11.7452293], [76.1295152, 11.7452642], [76.1294666, 11.7453055], [76.1294633, 11.7454611], [76.1294568, 11.745515], [76.129405, 11.7456865], [76.129366, 11.7457468], [76.1292428, 11.7457468], [76.1291391, 11.7457531], [76.1290904, 11.7457436], [76.1289769, 11.7457468], [76.128938, 11.7457436], [76.1288537, 11.7457055], [76.12875, 11.7456579], [76.1285814, 11.7457468], [76.1284452, 11.7458261], [76.1282733, 11.7459373], [76.1282474, 11.745969], [76.1281404, 11.7460452], [76.1280301, 11.7460674], [76.127868, 11.7460166], [76.1277675, 11.7460515], [76.1277351, 11.7460642], [76.1276443, 11.7461023], [76.1274789, 11.7461341], [76.127427, 11.7461404], [76.127333, 11.7461722], [76.1271644, 11.7462293], [76.1269569, 11.7462579], [76.1268012, 11.7463246], [76.1266586, 11.7464039], [76.1265321, 11.7465119], [76.1264446, 11.7466674], [76.1265127, 11.7467722], [76.1266067, 11.7468547], [76.1268466, 11.7469595], [76.1269958, 11.7470039], [76.1271385, 11.7470896], [76.1272746, 11.7470992], [76.1273752, 11.7471817], [76.1279395, 11.7474246], [76.1286062, 11.7476603], [76.128921, 11.7479232], [76.1291062, 11.7481589], [76.1292821, 11.7485396], [76.1298165, 11.7488046], [76.1295565, 11.7494658], [76.1291135, 11.7497294], [76.1288268, 11.7498144], [76.128809, 11.7498746], [76.1287313, 11.7501376], [76.1287747, 11.7506818], [76.12874, 11.7509625], [76.1290614, 11.7512261], [76.1295043, 11.7508519], [76.129817, 11.7509114], [76.1299821, 11.7513026], [76.1302079, 11.7516768], [76.1302079, 11.7519319], [76.1297476, 11.7519064], [76.1294262, 11.7519999], [76.1294783, 11.7523146], [76.1295478, 11.7526802], [76.1292959, 11.7529439], [76.1289137, 11.7529864], [76.1287574, 11.7533861], [76.1284881, 11.7535901], [76.1281754, 11.7537772], [76.1277237, 11.7536412], [76.1273212, 11.7534459], [76.1272251, 11.753284], [76.126972, 11.7532173], [76.1268358, 11.7534937], [76.1266022, 11.7537129], [76.1263491, 11.7536747], [76.1260766, 11.7535795], [76.125804, 11.7534651], [76.1254244, 11.7535032], [76.1251519, 11.7536747], [76.1249572, 11.7537891], [76.1247334, 11.7537796], [76.1243224, 11.7533148], [76.1241199, 11.7533465], [76.1238523, 11.7532978], [76.1235875, 11.7533487], [76.1233586, 11.7533739], [76.1230796, 11.7532512], [76.122982, 11.7531838], [76.1228774, 11.7530931], [76.1226776, 11.7528648], [76.1223, 11.7528362], [76.1220956, 11.7528933], [76.1219107, 11.7527981], [76.1216576, 11.7530077], [76.1213656, 11.7533508], [76.1213364, 11.7535604], [76.1212586, 11.7538177], [76.1210152, 11.7541417], [76.1207232, 11.7541607], [76.1206454, 11.7543323], [76.1206881, 11.7544296], [76.1206836, 11.7545273], [76.1205202, 11.7546118], [76.1205292, 11.7546695], [76.1203477, 11.7547051], [76.1202932, 11.7546384], [76.1202841, 11.7547184], [76.1201888, 11.7547806], [76.1200753, 11.7549451], [76.1200208, 11.7551451], [76.1200208, 11.7552428], [76.1199301, 11.7552073], [76.119871, 11.7553406], [76.1197303, 11.7552206], [76.1196078, 11.7552873], [76.1193354, 11.7552073], [76.1190812, 11.7550162], [76.1189541, 11.7547718], [76.1189496, 11.7546118], [76.1188043, 11.7544473], [76.1186455, 11.7543318], [76.1184503, 11.7543807], [76.1182369, 11.7544962], [76.1179736, 11.7545362], [76.1178148, 11.7545718], [76.1176468, 11.7545984], [76.1174834, 11.7546429], [76.1173699, 11.7547095], [76.117261, 11.754794], [76.1172383, 11.7549229], [76.1172928, 11.7550917], [76.1171974, 11.7551895], [76.1169387, 11.7550117], [76.116748, 11.7549006], [76.1165075, 11.7549317], [76.1165029, 11.7551628], [76.1164121, 11.7552784], [76.1163668, 11.7554206], [76.1162896, 11.7554561], [76.1158856, 11.7556517], [76.1156132, 11.7556206], [76.1154728, 11.7555476], [76.1152456, 11.7554295], [76.1150004, 11.7551851], [76.1147326, 11.7551495], [76.1144648, 11.7552428], [76.1142015, 11.7556383], [76.1141017, 11.7556872], [76.1138112, 11.755705], [76.1135797, 11.755745], [76.1133663, 11.7557183], [76.1131938, 11.7558205], [76.1131348, 11.7559405], [76.113044, 11.7561405], [76.1129124, 11.7561938], [76.1127127, 11.756145], [76.1125356, 11.7561938], [76.1124721, 11.7562161], [76.1123677, 11.7563049], [76.112236, 11.7563361], [76.1119637, 11.7564116], [76.1118275, 11.7563538], [76.1117672, 11.7562198], [76.1117036, 11.7560432], [76.1115975, 11.7559861], [76.1114861, 11.7558823], [76.1113694, 11.7558044], [76.1111573, 11.7557525], [76.1109876, 11.7557161], [76.1109187, 11.7555759], [76.1107755, 11.7553267], [76.1106429, 11.7552852], [76.1105368, 11.7553319], [76.1103724, 11.7552696], [76.1101815, 11.7551657], [76.1100383, 11.7550931], [76.1099057, 11.7550515], [76.1098665, 11.7551117], [76.1097833, 11.7550434], [76.109727, 11.7550171], [76.1096572, 11.7550276], [76.109609, 11.7550224], [76.1095392, 11.7550723], [76.1094775, 11.755088], [76.1093193, 11.7550381], [76.1091879, 11.7549384], [76.1090993, 11.7548701], [76.1090269, 11.7547913], [76.1089062, 11.7547414], [76.1087399, 11.754681], [76.1085656, 11.7546548], [76.1084556, 11.7546232], [76.1083912, 11.7545891], [76.1082705, 11.7545235], [76.1081606, 11.754576], [76.1080989, 11.7546206], [76.1080801, 11.7547335], [76.1081928, 11.7549173], [76.1082652, 11.7549016], [76.1083161, 11.7550014], [76.1083376, 11.7550697], [76.1083859, 11.7551432], [76.1082544, 11.7551484], [76.1081767, 11.7552193], [76.1081203, 11.7552797], [76.1080962, 11.7553979], [76.1080318, 11.7555082], [76.1078789, 11.7555843], [76.1077314, 11.7556237], [76.1076848, 11.7556434], [76.1076322, 11.7556657], [76.1075061, 11.7556421], [76.1074122, 11.7556185], [76.1073371, 11.7555528], [76.1072593, 11.755545], [76.1071708, 11.7554635], [76.1071413, 11.7553638], [76.1070635, 11.7552482], [76.1069804, 11.7550933], [76.1069375, 11.755004], [76.1068624, 11.75492], [76.1067149, 11.7549357], [76.1066183, 11.7550434], [76.1065539, 11.7550014], [76.1064279, 11.7548937], [76.106275, 11.7547519], [76.1061406, 11.7546306], [76.1060014, 11.7545051], [76.1056839, 11.7543289], [76.1054158, 11.7542771], [76.1051195, 11.7543255], [76.1048584, 11.7544187], [76.1047314, 11.7545016], [76.1046856, 11.7547261], [76.1046044, 11.7549541], [76.1044563, 11.755182], [76.1044175, 11.7552338], [76.1044633, 11.7553374], [76.1045198, 11.7554548], [76.1045868, 11.7555585], [76.1045899, 11.7556099], [76.1046009, 11.7557933], [76.1045656, 11.7559211], [76.1044492, 11.7560316], [76.1043151, 11.7560834], [76.1041564, 11.75608], [76.1040223, 11.7560972], [76.1039059, 11.756225], [76.1037895, 11.7564253], [76.1039518, 11.7567154], [76.1041564, 11.7569089], [76.1040858, 11.757009], [76.1040047, 11.7571886], [76.1039095, 11.7573475], [76.1038319, 11.7575651], [76.1038495, 11.7578206], [76.1037966, 11.7579346], [76.103659, 11.7580209], [76.1035144, 11.7581211], [76.103472, 11.7581729], [76.1034932, 11.758242], [76.1035602, 11.7583318], [76.1035602, 11.7584078], [76.1033874, 11.7585148], [76.1032216, 11.7585873], [76.1030875, 11.7587635], [76.1029147, 11.7590363], [76.1027982, 11.7591434], [76.1025866, 11.7591054], [76.1024278, 11.7591227], [76.1023608, 11.7592125], [76.1023114, 11.7592988], [76.1023749, 11.7594577], [76.1024172, 11.7595647], [76.1021844, 11.7597547], [76.1019904, 11.7598272], [76.1019622, 11.759917], [76.1020292, 11.7601346], [76.102255, 11.7603971], [76.1023608, 11.7604765], [76.1022973, 11.7605421], [76.1022444, 11.7605836], [76.1021562, 11.7606492], [76.1020257, 11.7606872], [76.1019234, 11.7606354], [76.1018705, 11.7606354], [76.1017152, 11.760663], [76.1015741, 11.7606768], [76.1015388, 11.7607252], [76.1015388, 11.7607977], [76.1014401, 11.7609566], [76.101433, 11.7610567], [76.1013977, 11.7611569], [76.1013519, 11.7612363], [76.1012637, 11.7612397], [76.1011649, 11.7612225], [76.1011155, 11.7611051], [76.1010626, 11.7610912], [76.1009744, 11.761074], [76.1008686, 11.7610533], [76.1008439, 11.7611776], [76.1008545, 11.7612087], [76.1008227, 11.7612259], [76.1009144, 11.7612605], [76.1008051, 11.7613503], [76.1008474, 11.7615748], [76.1009953, 11.7617827], [76.1011931, 11.7618476], [76.1014365, 11.7617302], [76.1015353, 11.761744], [76.1015643, 11.7618526], [76.1015777, 11.7619028], [76.10156, 11.762003], [76.1014718, 11.7620859], [76.1015036, 11.7621653], [76.1016341, 11.7622758], [76.101754, 11.762338], [76.1018881, 11.7623346], [76.1020892, 11.7623311], [76.1022444, 11.7624934], [76.1023326, 11.7625867], [76.102456, 11.7625418], [76.1025266, 11.7624243], [76.1026254, 11.7623], [76.1027418, 11.7622586], [76.1028829, 11.7623829], [76.1028758, 11.7625314], [76.1029005, 11.7627801], [76.1030099, 11.7630356], [76.1028928, 11.7631302], [76.1028203, 11.7631657], [76.1027296, 11.7632368], [76.1025421, 11.76329], [76.1025723, 11.7634084], [76.1024816, 11.7634144], [76.1023062, 11.7634972], [76.1022034, 11.7634262], [76.1022216, 11.7632427], [76.1022579, 11.7630828], [76.1021793, 11.7630355], [76.1020281, 11.7630355], [76.102022, 11.7631894], [76.1019253, 11.7633256], [76.1019253, 11.7637222], [76.1020341, 11.7638939], [76.1020039, 11.7640005], [76.1020341, 11.7643261], [76.1020583, 11.7645984], [76.1022034, 11.7649655], [76.1018648, 11.7649418], [76.1016169, 11.7648056], [76.101635, 11.7647109], [76.1017439, 11.7646162], [76.1017741, 11.7644682], [76.1017439, 11.7642669], [76.1016894, 11.7641721], [76.1016713, 11.7641248], [76.101508, 11.764107], [76.1013266, 11.7642787], [76.1011029, 11.7644386], [76.1010061, 11.7646813], [76.1010726, 11.7648589], [76.1009396, 11.7649714], [76.1007461, 11.7649003], [76.1005888, 11.7649951], [76.10048, 11.7651075], [76.1004437, 11.7652792], [76.1003409, 11.7654746], [76.1003349, 11.7657528], [76.1003167, 11.7659482], [76.1003167, 11.7661732], [76.1003167, 11.7664277], [76.1001837, 11.7667415], [76.1002986, 11.7671973], [76.100359, 11.7677657], [76.1003711, 11.7682689], [76.1003893, 11.7685945], [76.1002683, 11.7689023], [76.1000325, 11.7689675], [76.0997604, 11.7689438], [76.0995366, 11.768926], [76.0993189, 11.7689438], [76.0990468, 11.7690503], [76.0987263, 11.7691924], [76.0986235, 11.7692457], [76.0986295, 11.7697015], [76.0986295, 11.7699383], [76.0986172, 11.77008], [76.0986054, 11.7702166], [76.0986719, 11.7704001], [76.0989319, 11.7707908], [76.0990105, 11.771075], [76.0988352, 11.7712644], [76.0985328, 11.7713177], [76.0983877, 11.7713059], [76.0982788, 11.7711875], [76.0981216, 11.771152], [76.0981518, 11.771294], [76.0980551, 11.7713473], [76.0978253, 11.771442], [76.0977164, 11.7712467], [76.0975531, 11.7710336], [76.0975531, 11.7709625], [76.0974564, 11.7708737], [76.0973113, 11.7707553], [76.0973052, 11.770702], [76.0970391, 11.77056], [76.0968819, 11.7704416], [76.0966037, 11.7705422], [76.0964586, 11.7706606], [76.0963195, 11.7710336], [76.0961502, 11.770998], [76.0959627, 11.7709862], [76.0956967, 11.770554], [76.0955878, 11.7705363], [76.0954427, 11.7705659], [76.0953943, 11.7706073], [76.0953217, 11.7706251], [76.0952068, 11.7706724], [76.095098, 11.7708027], [76.095098, 11.7709211], [76.0952068, 11.770998], [76.0952975, 11.7712171], [76.0952431, 11.7714361], [76.0950012, 11.7714065], [76.0948561, 11.7713118], [76.0946444, 11.771294], [76.0946263, 11.7710217], [76.0943239, 11.7708145], [76.0941788, 11.7705836], [76.0942574, 11.7704416], [76.0941486, 11.7702758], [76.0940034, 11.7702876], [76.0939067, 11.7704475], [76.0938764, 11.7706192], [76.0937011, 11.770702], [76.0933806, 11.7706784], [76.0933382, 11.77085], [76.0935076, 11.7710691], [76.0936104, 11.7713236], [76.0936829, 11.7716315], [76.0937011, 11.7718505], [76.0937374, 11.7719867], [76.0938402, 11.7720577], [76.0938281, 11.7721465], [76.0938885, 11.7723715], [76.0938099, 11.772478], [76.0937313, 11.772478], [76.0935257, 11.7723774], [76.093302, 11.7721761], [76.0930782, 11.7722057], [76.0929331, 11.7723596], [76.0928303, 11.7723656], [76.0926731, 11.772336], [76.0925944, 11.7722649], [76.092534, 11.7721228], [76.0925158, 11.7719452], [76.0925158, 11.7718624], [76.0923586, 11.771744], [76.09228, 11.7717854], [76.0921953, 11.7718091], [76.0919958, 11.7715841], [76.0919051, 11.7714776], [76.091899, 11.7712881], [76.0918688, 11.7711875], [76.0917599, 11.7710454], [76.0916874, 11.7709388], [76.0916027, 11.7708974], [76.0914938, 11.7708737], [76.0914515, 11.7707672], [76.0913608, 11.7707672], [76.0913185, 11.7708323], [76.0913124, 11.7706251], [76.0915241, 11.7705363], [76.091518, 11.7703705], [76.0914576, 11.7702107], [76.091391, 11.7701041], [76.0913487, 11.7699798], [76.0913003, 11.7698969], [76.0912701, 11.7696719], [76.0912338, 11.76937], [76.0910524, 11.769222], [76.0908891, 11.7693286], [76.0907924, 11.7694529], [76.0905928, 11.7696838], [76.0902965, 11.7697193], [76.090054, 11.7695664]]}}, {"type": "Feature", "properties": {"id": 795100551, "name": "mananchery thodu"}, "geometry": {"type": "LineString", "coordinates": [[76.0658115, 11.6959158], [76.0659417, 11.6961039], [76.0661998, 11.6963334], [76.0662397, 11.6966614], [76.0665022, 11.6968944], [76.0666372, 11.6970901], [76.0666018, 11.6971513], [76.0665575, 11.6972281], [76.0663274, 11.697377], [76.0659772, 11.6974355], [76.0660187, 11.6976925], [76.065922, 11.6977827], [76.0658022, 11.697679], [76.065747, 11.6976835], [76.0655628, 11.6979361], [76.0657378, 11.6981841], [76.0656365, 11.6983329], [76.0656457, 11.6984682], [76.065374, 11.6985674], [76.0655582, 11.6988425], [76.0655121, 11.6989056], [76.0654644, 11.6990015], [76.0654246, 11.6990815], [76.0651207, 11.6992573], [76.0650424, 11.6991807], [76.0649595, 11.6992754], [76.0649779, 11.6993701], [76.0651806, 11.6995234], [76.0651483, 11.6996497], [76.0650102, 11.6996632], [76.0646141, 11.6994648], [76.0643931, 11.6996587], [76.0644898, 11.6999112], [76.0644115, 11.6999563], [76.0644069, 11.7001367], [76.0642457, 11.7002855], [76.0640845, 11.7002855], [76.0640569, 11.700502], [76.0635595, 11.7008672], [76.0634306, 11.7008492], [76.0633016, 11.7005471], [76.0631036, 11.7004749], [76.062947, 11.7006553], [76.0626892, 11.7006508], [76.062376, 11.700759], [76.0622655, 11.7008627], [76.0621043, 11.7007004], [76.0617939, 11.7009108]]}}, {"type": "Feature", "properties": {"id": 795100552, "name": "mananchery thodu"}, "geometry": {"type": "LineString", "coordinates": [[76.0667271, 11.6913744], [76.0667141, 11.6915776], [76.0667003, 11.6917309], [76.0667003, 11.6918752], [76.0667279, 11.6921232], [76.0667049, 11.6924118], [76.0665437, 11.6926824], [76.0665345, 11.6928763], [76.0666948, 11.6930168], [76.0666529, 11.6931191], [76.0666128, 11.6932506], [76.0665297, 11.6936126], [76.0663468, 11.6939663], [76.0662674, 11.6943961], [76.0662766, 11.6950229], [76.0659772, 11.6954874], [76.0659772, 11.695556], [76.0659772, 11.6957083], [76.0658115, 11.6959158]]}}, {"type": "Feature", "properties": {"id": 795100553, "name": "mananchery thodu"}, "geometry": {"type": "LineString", "coordinates": [[76.0683075, 11.6880104], [76.0680035, 11.6882765], [76.0676535, 11.6885696], [76.067391, 11.6888312], [76.0673174, 11.6890882], [76.0671055, 11.6893137], [76.0670917, 11.6894084], [76.0669259, 11.6896429], [76.0669858, 11.6898143], [76.0668568, 11.6900488], [76.0668845, 11.6901345], [76.0668568, 11.6905403], [76.0667924, 11.6908786], [76.0667095, 11.6909552], [76.0667034, 11.6910391], [76.0668462, 11.6911581], [76.0668508, 11.6912573], [76.0667271, 11.6913744]]}}, {"type": "Feature", "properties": {"id": 795586807, "name": "unnamed"}, "geometry": {"type": "LineString", "coordinates": [[76.1524973, 11.7058669], [76.1524275, 11.7058827], [76.1522237, 11.7058984], [76.1520681, 11.7059299], [76.1517355, 11.7058144], [76.1517194, 11.705536], [76.1517301, 11.7053259], [76.1517301, 11.7051735], [76.1516282, 11.705058], [76.1514136, 11.7049949], [76.1512205, 11.7047743], [76.1510059, 11.7047323], [76.1507377, 11.7044066], [76.1505768, 11.7041807], [76.1503461, 11.7039233], [76.1502174, 11.7037342], [76.1502174, 11.7034663], [76.1501476, 11.703356], [76.1499527, 11.7031695], [76.149756, 11.7030356], [76.1495576, 11.7029988], [76.149461, 11.7029463], [76.1493483, 11.7027782], [76.1492679, 11.7025628], [76.1490908, 11.7023212], [76.1489245, 11.701985], [76.1486617, 11.7016803], [76.1484739, 11.701465], [76.1481682, 11.7011393], [76.147857, 11.7009817], [76.1478302, 11.7007401], [76.1476264, 11.7005457], [76.1473903, 11.7003093], [76.1472079, 11.700115], [76.1470846, 11.700094], [76.1469451, 11.6999889], [76.1468324, 11.6999101]]}}, {"type": "Feature", "properties": {"id": 795608741, "name": "unnamed"}, "geometry": {"type": "LineString", "coordinates": [[76.1695677, 11.6717133], [76.1692619, 11.6716765], [76.1689776, 11.6717448], [76.1686879, 11.6718604], [76.1686128, 11.67206], [76.168704, 11.6722071], [76.1685967, 11.672328], [76.1683178, 11.6723595], [76.1680603, 11.6723752], [76.1681032, 11.6725749], [76.1680871, 11.6726852], [76.167894, 11.6727903], [76.1675936, 11.6727167], [76.1674756, 11.6726011], [76.1669391, 11.6724383], [76.1668694, 11.6724645], [76.1665636, 11.6726274], [76.1663008, 11.6728165]]}}, {"type": "Feature", "properties": {"id": 795608742, "name": "unnamed"}, "geometry": {"type": "LineString", "coordinates": [[76.1796957, 11.6794201], [76.1794168, 11.6794989], [76.1791164, 11.6795514], [76.178934, 11.679315], [76.1789026, 11.6791966], [76.1788642, 11.6790523], [76.1789071, 11.6787687], [76.1786872, 11.6785217], [76.1785102, 11.6783011], [76.1784243, 11.6783169], [76.1781776, 11.6783694], [76.177963, 11.6782959], [76.1778182, 11.6782118], [76.177566, 11.678175], [76.1773783, 11.6781803], [76.1772603, 11.6780805], [76.1772817, 11.6778756], [76.1771691, 11.6774185], [76.1769384, 11.6768669], [76.1767185, 11.6766831], [76.1765146, 11.6768144], [76.1764152, 11.6769293], [76.1763054, 11.6770561], [76.1761927, 11.677282], [76.1760425, 11.6773818], [76.1758441, 11.6772925], [76.1755812, 11.6771979], [76.1752969, 11.677035], [76.1751842, 11.6770666], [76.1751252, 11.6773135], [76.1749643, 11.6774711], [76.1748624, 11.6773818], [76.1749482, 11.677014], [76.1748516, 11.6767303], [76.17468, 11.6766463], [76.1742991, 11.6767303], [76.174106, 11.6767724], [76.1739343, 11.6764677], [76.1735266, 11.6762208], [76.1732048, 11.6758951], [76.1731028, 11.6755851], [76.1729848, 11.6751911], [76.1729373, 11.6750908], [76.172781, 11.6747603], [76.1728293, 11.6745344], [76.172604, 11.674361], [76.1722177, 11.6745607], [76.1720461, 11.6745239], [76.1720139, 11.6742822], [76.1720836, 11.6740721], [76.1720621, 11.6737727], [76.172017, 11.6737514], [76.1719173, 11.6737044], [76.171515, 11.6737569], [76.1713058, 11.67351], [76.1713165, 11.6729374], [76.1711502, 11.6725906], [76.170721, 11.6721704], [76.17078, 11.6718709], [76.170603, 11.6716975], [76.1704045, 11.671666], [76.1698456, 11.6717659], [76.1697876, 11.6717763], [76.1697303, 11.6717599], [76.1695677, 11.6717133]]}}, {"type": "Feature", "properties": {"id": 795608745, "name": "mayilambadi checkdam thodu"}, "geometry": {"type": "LineString", "coordinates": [[76.1806559, 11.6849728], [76.1809564, 11.6849045], [76.1808812, 11.6847312], [76.1810797, 11.6842584], [76.1814177, 11.6838223], [76.1815089, 11.6836122], [76.1813319, 11.6832602], [76.1811495, 11.6832287], [76.1810315, 11.6834178], [76.1809349, 11.6835807], [76.1804199, 11.6835019], [76.1800176, 11.6834756], [76.1797547, 11.6832497], [76.179567, 11.682882], [76.1794811, 11.6826719], [76.1793041, 11.6822359], [76.1794919, 11.6820835], [76.1798406, 11.6819732], [76.1800766, 11.6817736], [76.1802375, 11.681616], [76.1802536, 11.6813375], [76.1801785, 11.680933], [76.1802751, 11.6806021], [76.1801839, 11.6801923], [76.17998, 11.6799507], [76.1798835, 11.6796144], [76.1796957, 11.6794201]]}}, {"type": "Feature", "properties": {"id": 795608751, "name": "unnamed"}, "geometry": {"type": "LineString", "coordinates": [[76.1878818, 11.6815634], [76.1875492, 11.6814163], [76.1869699, 11.6810276], [76.1866158, 11.6813533], [76.1862618, 11.6817315], [76.1861759, 11.6821623], [76.1864334, 11.6825721], [76.1856395, 11.682509], [76.1847705, 11.6828873], [76.1833435, 11.6836542], [76.1827212, 11.6836122], [76.1819273, 11.6834126], [76.1815089, 11.6836122]]}}, {"type": "Feature", "properties": {"id": 795608752, "name": "pathiripalam-poolakadav thod"}, "geometry": {"type": "LineString", "coordinates": [[76.1914146, 11.6758794], [76.1913292, 11.6761282], [76.1909556, 11.6767364], [76.1907221, 11.6771846], [76.1907754, 11.677577], [76.1911831, 11.6776243], [76.1913762, 11.677929], [76.1913526, 11.6783957], [76.191358, 11.6786793], [76.1914116, 11.6790156], [76.1912668, 11.6792625], [76.1910468, 11.6795672], [76.1908537, 11.6796092], [76.1906926, 11.6798317], [76.1905721, 11.6799217], [76.1903065, 11.6799559], [76.1903924, 11.6801083], [76.1902261, 11.6803131], [76.1900169, 11.6801871], [76.1898506, 11.6802974], [76.1896253, 11.6803552], [76.1894268, 11.6803552], [76.1891156, 11.6804918], [76.1890566, 11.6807019], [76.1890566, 11.680912], [76.1890405, 11.6810854], [76.1888903, 11.681201], [76.1886382, 11.681201], [76.1883968, 11.6810276], [76.1882734, 11.6810906], [76.1882359, 11.6812745], [76.1880642, 11.6814374], [76.1880444, 11.6814511], [76.1878818, 11.6815634]]}}, {"type": "Feature", "properties": {"id": 795608757, "name": "unnamed"}, "geometry": {"type": "LineString", "coordinates": [[76.1663008, 11.6728165], [76.1658846, 11.6728481], [76.165721, 11.672961], [76.1655949, 11.6729715], [76.1654393, 11.6730845], [76.1651818, 11.6732211], [76.1650826, 11.6731528], [76.1649458, 11.6732132], [76.1647366, 11.6733104], [76.1645327, 11.6734837]]}}, {"type": "Feature", "properties": {"id": 795608758, "name": "unnamed"}, "geometry": {"type": "LineString", "coordinates": [[76.1641653, 11.6737438], [76.1638327, 11.6739172], [76.1636637, 11.673925], [76.1634089, 11.6738489], [76.1632828, 11.6738961], [76.1631165, 11.6742113], [76.1630388, 11.6744215]]}}, {"type": "Feature", "properties": {"id": 795608759, "name": "unnamed"}, "geometry": {"type": "LineString", "coordinates": [[76.1645327, 11.6734837], [76.1641653, 11.6737438]]}}, {"type": "Feature", "properties": {"id": 795608760, "name": "unnamed"}, "geometry": {"type": "LineString", "coordinates": [[76.1630388, 11.6744215], [76.1628912, 11.6745686], [76.1627115, 11.6746868], [76.1626445, 11.6748207], [76.1626016, 11.6749678], [76.1626045, 11.6749778], [76.1626391, 11.6750992], [76.1628108, 11.6752069], [76.1629422, 11.6753093]]}}, {"type": "Feature", "properties": {"id": 795608762, "name": "unnamed"}, "geometry": {"type": "LineString", "coordinates": [[76.1629422, 11.6753093], [76.1630092, 11.6754485], [76.1630736, 11.6756324], [76.163079, 11.6758583], [76.1630736, 11.6761577], [76.1630092, 11.6764835], [76.1628376, 11.6767514], [76.162446, 11.676951], [76.1621778, 11.6769825], [76.1619203, 11.6769195], [76.1617862, 11.6770035], [76.1615662, 11.6770771]]}}, {"type": "Feature", "properties": {"id": 795608763, "name": "unnamed"}, "geometry": {"type": "LineString", "coordinates": [[76.1615662, 11.6770771], [76.1612926, 11.6770823], [76.1608152, 11.6772032], [76.1603646, 11.677345], [76.1599515, 11.6773818], [76.1598121, 11.677697], [76.1598389, 11.6779439], [76.1599837, 11.6782591], [76.1600052, 11.6784482]]}}, {"type": "Feature", "properties": {"id": 795608766, "name": "unnamed"}, "geometry": {"type": "LineString", "coordinates": [[76.1600052, 11.6784482], [76.1600031, 11.678539], [76.1599629, 11.6786256], [76.1598368, 11.6786808], [76.1596329, 11.6787727], [76.1596571, 11.6788568], [76.1596345, 11.6789398], [76.1596249, 11.678975], [76.15959, 11.6791378], [76.1596571, 11.679235]]}}, {"type": "Feature", "properties": {"id": 795608767, "name": "unnamed"}, "geometry": {"type": "LineString", "coordinates": [[76.1596345, 11.6789398], [76.1596785, 11.6789566], [76.1597939, 11.679059], [76.1598422, 11.6791484], [76.1598931, 11.6791956], [76.1599278, 11.6792196], [76.1599843, 11.6792587], [76.160038, 11.6793506], [76.1600111, 11.679432], [76.159928, 11.6794741], [76.1597805, 11.679566], [76.1595659, 11.6796212], [76.1593245, 11.6795923], [76.1589973, 11.679608], [76.1587237, 11.6796606], [76.1585896, 11.6798628], [76.1585091, 11.6800519], [76.1584689, 11.6803698]]}}, {"type": "Feature", "properties": {"id": 795608768, "name": "unnamed"}, "geometry": {"type": "LineString", "coordinates": [[76.1599278, 11.6792196], [76.1597456, 11.6792455], [76.1596571, 11.679235]]}}, {"type": "Feature", "properties": {"id": 795608772, "name": "unnamed"}, "geometry": {"type": "LineString", "coordinates": [[76.1584689, 11.6803698], [76.1583643, 11.6806298], [76.1582892, 11.6809082], [76.1581121, 11.6811709], [76.1578761, 11.6813915], [76.1577366, 11.6813758], [76.1574791, 11.6811604], [76.1573879, 11.681029], [76.1571626, 11.6810238], [76.1571036, 11.6810501], [76.1569963, 11.681008], [76.1568354, 11.6809292], [76.156771, 11.6810343], [76.1566487, 11.6811077], [76.1566047, 11.6811341], [76.1564867, 11.6810973], [76.1564438, 11.6811551], [76.1560254, 11.6812917], [76.155784, 11.6815229], [76.1558323, 11.6817488]]}}, {"type": "Feature", "properties": {"id": 795608774, "name": "unnamed"}, "geometry": {"type": "LineString", "coordinates": [[76.1558323, 11.6817488], [76.1559878, 11.6821165], [76.1559664, 11.6824895], [76.1559181, 11.6827731], [76.1559503, 11.682915], [76.1561273, 11.682978], [76.1563526, 11.6830358], [76.1565618, 11.6831829], [76.1565135, 11.6832722], [76.1565833, 11.6832827], [76.1565886, 11.6835191], [76.1564706, 11.6838185]]}}, {"type": "Feature", "properties": {"id": 795608775, "name": "unnamed"}, "geometry": {"type": "LineString", "coordinates": [[76.1561005, 11.6838028], [76.1561005, 11.6839079], [76.1562775, 11.6840917], [76.1563848, 11.6842441], [76.1566637, 11.6843386], [76.1569481, 11.6843386], [76.1570369, 11.684401], [76.1571573, 11.6844857]]}}, {"type": "Feature", "properties": {"id": 795608776, "name": "unnamed"}, "geometry": {"type": "LineString", "coordinates": [[76.1564706, 11.6838185], [76.1562668, 11.6838553], [76.1561488, 11.6837292], [76.1561005, 11.6838028]]}}, {"type": "Feature", "properties": {"id": 795608777, "name": "unnamed"}, "geometry": {"type": "LineString", "coordinates": [[76.1571573, 11.6844857], [76.1570768, 11.6847169], [76.1570124, 11.684885], [76.1569749, 11.6850373], [76.1569974, 11.6852191], [76.1569837, 11.6852416], [76.1568676, 11.6854313], [76.1566637, 11.6854681], [76.1564653, 11.6855153], [76.1563311, 11.6854891], [76.1561648, 11.6855048], [76.1561648, 11.6857517]]}}, {"type": "Feature", "properties": {"id": 795608778, "name": "unnamed"}, "geometry": {"type": "LineString", "coordinates": [[76.1561648, 11.6857517], [76.1563177, 11.6858936], [76.1564572, 11.6861142], [76.1564733, 11.6863086], [76.1564411, 11.686566], [76.1562534, 11.6865502], [76.1558725, 11.6865082], [76.1555506, 11.6864242], [76.1551483, 11.6864924], [76.1549176, 11.6865923], [76.1548479, 11.6867393]]}}, {"type": "Feature", "properties": {"id": 795608779, "name": "unnamed"}, "geometry": {"type": "LineString", "coordinates": [[76.1548479, 11.6867393], [76.1549283, 11.6869022], [76.1550839, 11.6873014], [76.1552341, 11.6875326], [76.1551107, 11.6876954], [76.1547835, 11.6878373], [76.1545046, 11.6879213], [76.1541666, 11.6880159], [76.1541666, 11.6882102], [76.1543061, 11.6884309], [76.1544831, 11.688662]]}}, {"type": "Feature", "properties": {"id": 795608780, "name": "unnamed"}, "geometry": {"type": "LineString", "coordinates": [[76.1544831, 11.688662], [76.1545528, 11.6888406], [76.1546279, 11.689077], [76.1546655, 11.6895445], [76.1545475, 11.6896706], [76.1543651, 11.6896286], [76.1541881, 11.6895235], [76.153893, 11.6894763], [76.1537725, 11.6895012], [76.1535121, 11.6895551], [76.1532868, 11.6897862], [76.15326, 11.6900173]]}}, {"type": "Feature", "properties": {"id": 795608781, "name": "unnamed"}, "geometry": {"type": "LineString", "coordinates": [[76.1533673, 11.6905847], [76.1531098, 11.6904166], [76.1529328, 11.6904218], [76.1526109, 11.6905216], [76.1524929, 11.6907843], [76.1524822, 11.6908316], [76.1522569, 11.6909682], [76.1522193, 11.6908788], [76.151935, 11.690737], [76.1516721, 11.690737], [76.1516292, 11.6908999], [76.1517151, 11.6911888], [76.1514147, 11.6912466], [76.1512805, 11.6911888], [76.1510499, 11.6914567], [76.1506529, 11.691588], [76.150331, 11.6918717], [76.1503096, 11.6922236], [76.1504866, 11.6922867], [76.1505617, 11.6923497], [76.1506797, 11.6924495], [76.1505403, 11.6926491], [76.1504437, 11.6928645], [76.1502989, 11.6931482], [76.1499877, 11.6933163], [76.149698, 11.6934949], [76.1494674, 11.6939204], [76.1493064, 11.6941673], [76.1491509, 11.6943669], [76.1490275, 11.694535], [76.1489041, 11.6947609], [76.1488612, 11.6950393], [76.148763, 11.6953317], [76.1487324, 11.6954228], [76.1482872, 11.6958062], [76.1480297, 11.6959796], [76.147622, 11.6960479], [76.1472733, 11.6957905], [76.1471821, 11.6955541], [76.1469783, 11.6954228], [76.1467852, 11.6953387]]}}, {"type": "Feature", "properties": {"id": 795608782, "name": "unnamed"}, "geometry": {"type": "LineString", "coordinates": [[76.1533673, 11.6905847], [76.1534424, 11.6905689], [76.1533244, 11.69028], [76.15326, 11.6900173]]}}, {"type": "Feature", "properties": {"id": 795608783, "name": "unnamed"}, "geometry": {"type": "LineString", "coordinates": [[76.1467852, 11.6953387], [76.1465008, 11.6952914], [76.1463775, 11.6952021], [76.1460556, 11.6952652], [76.1455943, 11.6952337], [76.1454548, 11.6950971], [76.1452617, 11.6950603], [76.1451597, 11.6951286], [76.1450417, 11.6954175], [76.1447842, 11.6954911]]}}, {"type": "Feature", "properties": {"id": 795608784, "name": "unnamed"}, "geometry": {"type": "LineString", "coordinates": [[76.1471821, 11.6955541], [76.1470963, 11.6953597], [76.1468925, 11.6951969], [76.1466028, 11.6951811], [76.146474, 11.6951339], [76.1463775, 11.6952021]]}}, {"type": "Feature", "properties": {"id": 795608786, "name": "unnamed"}, "geometry": {"type": "LineString", "coordinates": [[76.1447842, 11.6954911], [76.1446242, 11.6955071], [76.1445088, 11.695536], [76.1444257, 11.695557], [76.1442755, 11.6955754], [76.1441548, 11.695578], [76.1441199, 11.6956568], [76.1440716, 11.6956778], [76.1438517, 11.6956384]]}}, {"type": "Feature", "properties": {"id": 795608787, "name": "unnamed"}, "geometry": {"type": "LineString", "coordinates": [[76.1452116, 11.6977921], [76.1450748, 11.697758], [76.1448253, 11.6977343], [76.1446885, 11.6977002], [76.1444096, 11.6973272], [76.1442406, 11.6972668], [76.1441145, 11.6970068], [76.1440663, 11.6968755], [76.1441655, 11.6967468], [76.1442299, 11.6965629], [76.1442218, 11.6964421], [76.1441145, 11.6964631], [76.1438731, 11.6964395], [76.14368, 11.6963318], [76.1436827, 11.6962083], [76.1435057, 11.6961138]]}}, {"type": "Feature", "properties": {"id": 795623241, "name": "karappuzha"}, "geometry": {"type": "LineString", "coordinates": [[76.1518283, 11.6516155], [76.1518497, 11.6511111], [76.1513562, 11.6507644], [76.1511524, 11.6505437], [76.1513884, 11.6501654], [76.1518926, 11.6500288], [76.1523003, 11.6497031], [76.1527509, 11.6500078], [76.153341, 11.6502179], [76.1535556, 11.6504911], [76.1539848, 11.6505857], [76.154489, 11.6506488], [76.1544354, 11.6501024], [76.1549825, 11.649661], [76.1553581, 11.6493668], [76.155401, 11.6490831], [76.1556155, 11.648936], [76.1559911, 11.648936], [76.1563344, 11.6491146], [76.1565343, 11.6493174], [76.1566348, 11.6494194], [76.1573965, 11.649577], [76.1577077, 11.649556], [76.1583299, 11.6494614], [76.1587591, 11.6493773], [76.1590166, 11.6490095], [76.1589093, 11.6485472], [76.1590488, 11.6483686], [76.1594028, 11.6480428], [76.1594028, 11.6477171], [76.1589522, 11.6477381], [76.158566, 11.6478011], [76.158566, 11.647654], [76.1587269, 11.6474439], [76.1587484, 11.6473178], [76.1591239, 11.6473913], [76.1593277, 11.6469605], [76.1593063, 11.6465297], [76.1593063, 11.6463721], [76.1593063, 11.6460778], [76.159983, 11.6452674], [76.1587055, 11.6458151], [76.1587055, 11.6453318], [76.1586089, 11.6448589], [76.1586089, 11.6444911], [76.1591131, 11.6445542], [76.1593599, 11.6442494], [76.1592955, 11.6438291], [76.159553, 11.6435244], [76.160068, 11.6433352], [76.1604221, 11.6431671], [76.160465, 11.642978], [76.1602719, 11.6427783], [76.1600144, 11.6428624], [76.1594457, 11.6431041], [76.1594457, 11.6429571], [76.1594457, 11.6428414], [76.1595101, 11.6425892], [76.1597676, 11.6422004], [76.1600144, 11.6420322], [76.1601753, 11.6418641], [76.1603899, 11.6418011], [76.160465, 11.6420428], [76.160701, 11.6420638], [76.1610014, 11.6422109], [76.1615593, 11.6421478], [76.1617301, 11.6420544], [76.1619241, 11.6419482], [76.1616773, 11.6414963], [76.1616773, 11.6414018], [76.1619456, 11.6415279]]}}, {"type": "Feature", "properties": {"id": 795623243, "name": "cheerankunnu thodu"}, "geometry": {"type": "LineString", "coordinates": [[76.1883921, 11.646464], [76.1883814, 11.6467477], [76.1883452, 11.6468778], [76.188309, 11.6470078], [76.1883626, 11.6472941], [76.1883117, 11.6474491], [76.1882285, 11.6477512], [76.1882688, 11.6479036], [76.1882875, 11.6480402], [76.1881829, 11.6480927], [76.1881266, 11.6481505], [76.1880059, 11.6482582], [76.1879764, 11.6483502], [76.1880864, 11.6484579], [76.1880622, 11.6485682], [76.1880166, 11.6486234], [76.187963, 11.6487127], [76.1879523, 11.6488493], [76.1879201, 11.6489465], [76.1878691, 11.6490279], [76.1877752, 11.6490595], [76.1876591, 11.649071], [76.1875151, 11.6491172], [76.1874668, 11.649309], [76.1873702, 11.6493642], [76.1872066, 11.6493537], [76.1868633, 11.6494377], [76.1867962, 11.6493195], [76.1865897, 11.6493484], [76.1864663, 11.64933], [76.186359, 11.6493905], [76.1862973, 11.6494982], [76.1862893, 11.649619], [76.1861418, 11.6496742], [76.1860452, 11.649577], [76.1859057, 11.6494404], [76.1858226, 11.6495428], [76.1856509, 11.6495612], [76.185557, 11.6497162], [76.1854498, 11.6498134], [76.1852647, 11.6499132], [76.1850662, 11.6499947], [76.1849965, 11.6500735], [76.1848784, 11.6501496], [76.1847336, 11.6502521], [76.1846478, 11.6504228], [76.1845378, 11.650478], [76.1844171, 11.6505489], [76.1842884, 11.6507749], [76.1841167, 11.6510376], [76.1838753, 11.6512162], [76.1833335, 11.6513843], [76.1830438, 11.6512109], [76.1828482, 11.651199], [76.1826147, 11.6511847], [76.1823464, 11.6512687], [76.1821962, 11.6514421], [76.1819441, 11.6515051], [76.1814989, 11.651689], [76.1815042, 11.6519255], [76.1814184, 11.6520305], [76.1810161, 11.651915], [76.180662, 11.6521146], [76.1805279, 11.65202], [76.1802382, 11.6519833], [76.1800988, 11.6517573], [76.1797608, 11.6514684], [76.1794014, 11.6514684], [76.1793531, 11.6513213], [76.1789937, 11.6512372], [76.1784841, 11.6511111], [76.1784411, 11.6508904], [76.1780817, 11.650302], [76.177776, 11.6501129], [76.1775721, 11.6499342], [76.1776901, 11.6497188], [76.1775238, 11.649351], [76.17732, 11.6491514], [76.1769713, 11.6491672], [76.1767674, 11.6489307], [76.1766333, 11.6487206], [76.1764349, 11.6487731], [76.1762364, 11.6487626], [76.1759306, 11.6486418], [76.1758019, 11.6486628], [76.1758233, 11.6490201], [76.1755551, 11.6492512], [76.1752279, 11.6492092], [76.1750777, 11.6491041], [76.1749543, 11.6488151], [76.1749811, 11.6485577], [76.1749489, 11.6484474], [76.1749173, 11.6483958], [76.1748524, 11.6482898], [76.1743696, 11.6479745], [76.1742837, 11.6474386], [76.1742289, 11.6473386], [76.1740477, 11.6470078], [76.1738814, 11.6467819], [76.1737956, 11.6463405], [76.1736346, 11.6459517], [76.1732913, 11.6454421], [76.1733449, 11.6452162], [76.1733825, 11.6449115], [76.1732055, 11.6447433], [76.1729802, 11.6445804], [76.1727495, 11.6442757], [76.1727441, 11.64395], [76.1725242, 11.6436557], [76.1723311, 11.6433563], [76.1721648, 11.6430568], [76.1718805, 11.6430463], [76.1715801, 11.6429202], [76.1712367, 11.6428887], [76.1709953, 11.642668], [76.1707754, 11.6425314], [76.1704482, 11.642421], [76.1702229, 11.6423055], [76.1699934, 11.6422841], [76.169717, 11.6423351], [76.1695255, 11.6424316], [76.1693055, 11.6425261], [76.1690159, 11.6424736], [76.1686725, 11.6422844], [76.1683185, 11.6421688], [76.1681254, 11.6422319], [76.1674709, 11.6421794], [76.1673896, 11.6421783], [76.1669023, 11.6420322], [76.1667521, 11.6421478], [76.1659689, 11.6422424], [76.165293, 11.6424841], [76.164778, 11.6423475], [76.1643595, 11.6424841], [76.1632974, 11.6422214], [76.1633403, 11.64178], [76.1630399, 11.6416119], [76.1623103, 11.6416871], [76.1622245, 11.641696], [76.1619456, 11.6415279]]}}, {"type": "Feature", "properties": {"id": 795623249, "name": "Karapuzha (Karpuzha)"}, "geometry": {"type": "LineString", "coordinates": [[76.1665074, 11.629523], [76.1666683, 11.6298646], [76.1668373, 11.6301746], [76.1669658, 11.6303523], [76.1671243, 11.6305713], [76.1672584, 11.6307736], [76.1674944, 11.6310048], [76.1676929, 11.63101], [76.1676339, 11.6312149], [76.1674783, 11.6312832], [76.1674354, 11.6316037], [76.167253, 11.6317062], [76.1671189, 11.6318323], [76.1669499, 11.6319242], [76.166797, 11.6321213], [76.1667622, 11.6323131], [76.1668829, 11.632405], [76.1670813, 11.6324628], [76.1672155, 11.6325442], [76.1672181, 11.6327308], [76.1671833, 11.6328779], [76.1670706, 11.6330644], [76.1670277, 11.6331905], [76.166899, 11.633201], [76.1667595, 11.6332772], [76.1666039, 11.6333718], [76.1664323, 11.6333849], [76.1662767, 11.6333797], [76.1661399, 11.63349], [76.1661453, 11.6336003], [76.1662365, 11.6337081], [76.166325, 11.6337948], [76.1664457, 11.6339235], [76.1664188, 11.6340706], [76.1663089, 11.6341442], [76.1661184, 11.6342151], [76.166105, 11.6343333], [76.1660997, 11.6344305], [76.1660299, 11.6344936], [76.1660675, 11.6345986], [76.1658475, 11.6346827], [76.1658288, 11.6348508], [76.1656705, 11.6349165], [76.1654774, 11.6349691], [76.1652896, 11.6351556], [76.1650858, 11.635329], [76.1646593, 11.6354052], [76.1645681, 11.6354052], [76.1643267, 11.635329], [76.1641712, 11.6354787], [76.1641685, 11.6356416], [76.1642087, 11.635794], [76.1643857, 11.6359831], [76.164898, 11.6360383], [76.1650429, 11.6362406], [76.1651207, 11.6364613], [76.1649007, 11.6365847], [76.1643079, 11.6366924], [76.1640478, 11.6366898], [76.1637769, 11.6365033], [76.1632404, 11.6361066], [76.1628783, 11.6359884], [76.1626316, 11.636167], [76.1623499, 11.6362432], [76.1623177, 11.636477], [76.1623821, 11.6367923], [76.1625726, 11.6370471], [76.1624118, 11.6377853], [76.1618832, 11.6384421], [76.1615775, 11.6386023], [76.1614273, 11.6388125], [76.1615694, 11.6389859], [76.1618537, 11.6390726], [76.1619476, 11.6392538], [76.1618591, 11.6394377], [76.1617545, 11.639527], [76.1615131, 11.6395165], [76.1612019, 11.6397582], [76.1617464, 11.6400814], [76.1618618, 11.6403703], [76.1619074, 11.6406173], [76.1620173, 11.6407933], [76.1619503, 11.6409798], [76.1616955, 11.6412267], [76.1614782, 11.6414185]]}}, {"type": "Feature", "properties": {"id": 795623250, "name": "unnamed"}, "geometry": {"type": "LineString", "coordinates": [[76.1614782, 11.6414185], [76.161505, 11.6415945], [76.1616955, 11.6417732], [76.1617598, 11.6419965], [76.1617301, 11.6420544]]}}, {"type": "Feature", "properties": {"id": 795623252, "name": "Karapuzha (Karpuzha)"}, "geometry": {"type": "LineString", "coordinates": [[76.1671404, 11.6270956], [76.1669151, 11.6274686], [76.1666951, 11.6278469], [76.1663089, 11.6280886], [76.1664001, 11.6283618], [76.1667273, 11.6284302], [76.1665825, 11.6290397], [76.1664483, 11.6294232], [76.1665074, 11.629523]]}}, {"type": "Feature", "properties": {"id": 795623253, "name": "Karapuzha (Karpuzha)"}, "geometry": {"type": "LineString", "coordinates": [[76.1691896, 11.623118], [76.1695436, 11.6235804], [76.1700908, 11.6239272], [76.1704019, 11.6243002], [76.1704287, 11.6246523], [76.1700425, 11.6249202], [76.1695812, 11.6240638], [76.169152, 11.6240112], [76.1687497, 11.6243633], [76.1685834, 11.6245997], [76.1682991, 11.6243738], [76.1680791, 11.6241479], [76.1677573, 11.6241689], [76.1676328, 11.6244718], [76.1675802, 11.6245997], [76.1673388, 11.6246365], [76.1670867, 11.6244841], [76.1670653, 11.624605], [76.1671243, 11.6248467], [76.1675373, 11.6248835], [76.1679021, 11.6249097], [76.1682186, 11.6248992], [76.1685887, 11.6249728], [76.1686263, 11.6255718], [76.1685512, 11.6263599], [76.1686209, 11.6267015], [76.1686209, 11.6268328], [76.16846, 11.62698], [76.1680469, 11.6270956], [76.1679877, 11.6271972], [76.1676875, 11.6272479], [76.1673603, 11.6270956], [76.1672101, 11.6270272], [76.1671404, 11.6270956]]}}, {"type": "Feature", "properties": {"id": 795623256, "name": "kalluvayal thodu"}, "geometry": {"type": "LineString", "coordinates": [[76.1769331, 11.6302981], [76.1769063, 11.6303138], [76.1767641, 11.6302586], [76.1766086, 11.6302403], [76.1765335, 11.630277], [76.176394, 11.6303716], [76.176276, 11.6304136], [76.1761365, 11.6305476], [76.1759702, 11.6305397], [76.1759031, 11.6305975], [76.1756966, 11.6306448], [76.1755357, 11.6306448], [76.1753238, 11.6304636], [76.1750663, 11.6302823], [76.1748705, 11.6301299], [76.1746371, 11.6298751], [76.1745352, 11.6297858], [76.1742911, 11.6296518], [76.1741168, 11.6297017], [76.1741356, 11.6298436], [76.1740336, 11.6300275], [76.1737815, 11.6299986], [76.1736098, 11.6300537], [76.1735562, 11.6301063], [76.1734462, 11.6301693], [76.1733094, 11.6301982], [76.1732718, 11.6301841], [76.1731619, 11.6301431], [76.1730546, 11.6300721], [76.1729325, 11.6299915], [76.1727918, 11.6300169], [76.1727328, 11.6301404], [76.1725128, 11.6302219], [76.1722875, 11.6302639], [76.1720327, 11.6302954], [76.1718879, 11.6304636], [76.1717082, 11.6306186], [76.171617, 11.6306737], [76.1715365, 11.6306737], [76.1714802, 11.6306343], [76.1714158, 11.6305082], [76.1713997, 11.6303953], [76.1712897, 11.6303742], [76.171228, 11.6303742], [76.17111, 11.6304189], [76.1710161, 11.6304714], [76.1709437, 11.630482], [76.1709035, 11.6303979], [76.1709115, 11.630256], [76.1708016, 11.6303086], [76.1706755, 11.6303821], [76.1707211, 11.6304872], [76.170764, 11.6306107], [76.1707023, 11.6306842], [76.1705977, 11.6307079], [76.1705334, 11.6306632], [76.1703939, 11.6305686], [76.170308, 11.6304925], [76.1700935, 11.630411], [76.1699969, 11.6302692], [76.1698977, 11.6301903], [76.1697555, 11.6301667], [76.1696509, 11.6301903], [76.1695034, 11.6302692], [76.1693827, 11.6303742], [76.169262, 11.6303874], [76.1692298, 11.6304925], [76.1691279, 11.6304662], [76.1690152, 11.6304189], [76.1689213, 11.6304189], [76.1688355, 11.6304242], [76.1688248, 11.6302639], [76.1688114, 11.6300931], [76.1686907, 11.6300091], [76.16857, 11.6300091], [76.1683876, 11.6300958], [76.1683313, 11.6300432], [76.1683715, 11.6299408], [76.1683286, 11.6298672], [76.1682401, 11.6298514], [76.1681247, 11.6298462], [76.1680255, 11.6296991], [76.1679906, 11.6295835], [76.1678404, 11.6295835], [76.1677948, 11.6296465], [76.1678216, 11.6297385], [76.1678672, 11.6298908], [76.1676929, 11.6299775], [76.1674649, 11.6301273], [76.1673844, 11.6302245], [76.1674461, 11.6303874], [76.1674837, 11.6305397], [76.1673925, 11.6305686], [76.1672503, 11.6304609], [76.1671323, 11.6303506], [76.1669658, 11.6303523]]}}, {"type": "Feature", "properties": {"id": 795623257, "name": "Karapuzha (Karpuzha)"}, "geometry": {"type": "LineString", "coordinates": [[76.1691735, 11.6226031], [76.1688087, 11.6225032], [76.1688301, 11.6227922], [76.168975, 11.6231338], [76.1691896, 11.623118]]}}, {"type": "Feature", "properties": {"id": 795623261, "name": "pathirambath thodu"}, "geometry": {"type": "LineString", "coordinates": [[76.1773582, 11.634776], [76.1775514, 11.63424], [76.1779698, 11.6339248], [76.1783882, 11.6336516], [76.1784848, 11.6333153], [76.1784739, 11.6332538], [76.1783989, 11.6328319], [76.1780663, 11.6324221], [76.1776157, 11.6320123], [76.1775559, 11.6317291], [76.177487, 11.6314028], [76.177841, 11.6309089], [76.1779269, 11.6305306], [76.1775514, 11.6303309], [76.1769063, 11.6303138]]}}, {"type": "Feature", "properties": {"id": 795863492, "name": "vakeri-mannundi thodu"}, "geometry": {"type": "LineString", "coordinates": [[76.2011791, 11.6980405], [76.2011852, 11.6979882], [76.2012657, 11.6976941], [76.2011423, 11.6975522], [76.2010833, 11.6973474], [76.2009599, 11.6971478], [76.2007668, 11.6969534], [76.2005844, 11.6966855], [76.2004878, 11.6964911], [76.2004449, 11.6963125], [76.2002357, 11.696176], [76.2001177, 11.6960761], [76.2000211, 11.6959763], [76.1999353, 11.6958923], [76.199887, 11.6958345], [76.1998924, 11.6957662], [76.1998119, 11.6956717], [76.1997529, 11.6955246], [76.1996617, 11.69543], [76.1996242, 11.6953722]]}}, {"type": "Feature", "properties": {"id": 796257558, "name": "Kumbaladu-Muranikkara Thodu"}, "geometry": {"type": "LineString", "coordinates": [[76.0903514, 11.6366242], [76.0903584, 11.6369362], [76.0903018, 11.6377612], [76.0904929, 11.638198], [76.0905496, 11.6383159], [76.0904273, 11.6383724], [76.0902947, 11.6384337], [76.0906487, 11.6389537], [76.0910554, 11.6391497], [76.0912146, 11.6392265], [76.0918031, 11.6397113], [76.092227, 11.6397036], [76.0924844, 11.6396988], [76.0928024, 11.639693], [76.0930826, 11.6398394], [76.0934656, 11.6399583], [76.0934562, 11.6400498], [76.0936057, 11.6401321], [76.0938485, 11.6402876], [76.0941287, 11.6404249], [76.0944556, 11.6402327], [76.0948479, 11.6400955], [76.0952028, 11.6405163], [76.0956231, 11.6413213], [76.095866, 11.6416507], [76.0961929, 11.6420898], [76.0960808, 11.6429497], [76.0955858, 11.644642], [76.0954457, 11.6450628], [76.0952869, 11.6450628], [76.0950627, 11.645383], [76.0949133, 11.6455202], [76.0947171, 11.6458495], [76.0946331, 11.6461697], [76.0948072, 11.646711]]}}, {"type": "Feature", "properties": {"id": 796257559, "name": "Kumblad-Muranikkara Thodu"}, "geometry": {"type": "LineString", "coordinates": [[76.0952813, 11.6576762], [76.0951848, 11.6578006], [76.0950507, 11.6578582], [76.0949378, 11.657985], [76.0949001, 11.6581048], [76.0948884, 11.6582223], [76.0948766, 11.6582938], [76.0949825, 11.6584804], [76.0950178, 11.6586164], [76.0950068, 11.6588184], [76.0950372, 11.659052], [76.0950418, 11.6592559], [76.0950793, 11.6593613], [76.0950138, 11.6595812], [76.0950582, 11.659808], [76.0950816, 11.6598264], [76.0950489, 11.6599455], [76.0951144, 11.6600623], [76.0952056, 11.6600692], [76.0952945, 11.6601448], [76.0952711, 11.6602158], [76.0953342, 11.6603372], [76.0954629, 11.6604678], [76.0955611, 11.6605686], [76.0955237, 11.6607084], [76.0955869, 11.6607267], [76.0955635, 11.660816], [76.0954723, 11.6608344], [76.0954302, 11.6608664], [76.0953389, 11.6609535], [76.0953342, 11.6609924], [76.0953997, 11.6610635], [76.0955378, 11.6610978], [76.0955588, 11.6611207], [76.0955424, 11.6612925], [76.0955003, 11.6613888], [76.0954114, 11.6614896], [76.0954489, 11.6616133], [76.0956383, 11.6618126], [76.0957179, 11.6619317], [76.0957623, 11.662107], [76.0957592, 11.6622563], [76.0957569, 11.6623703], [76.0958215, 11.6625494], [76.0958772, 11.6627034], [76.0959129, 11.6628022], [76.0959935, 11.663155], [76.0963162, 11.6635447], [76.0964024, 11.6636694], [76.0965527, 11.663887], [76.0968377, 11.6641713], [76.0970259, 11.6643135], [76.0972894, 11.664382], [76.0977518, 11.6646927], [76.0980368, 11.664898], [76.0983938, 11.6650012], [76.0984293, 11.6650115], [76.0986569, 11.6652028], [76.0988191, 11.6653924], [76.0988369, 11.6654682]]}}, {"type": "Feature", "properties": {"id": 796257563, "name": "arivaram thodu"}, "geometry": {"type": "LineString", "coordinates": [[76.0874733, 11.6778908], [76.0874906, 11.67792], [76.0876057, 11.6781141], [76.0878511, 11.6783781], [76.0880431, 11.6786204], [76.0881938, 11.6789175], [76.0882896, 11.6790551], [76.0885335, 11.6792232], [76.0889238, 11.6794613], [76.0891349, 11.6796305], [76.0894741, 11.6797182], [76.08973, 11.6798937], [76.0898388, 11.6799939], [76.0900499, 11.6800002], [76.0906578, 11.6800566], [76.0911825, 11.6801443], [76.0914448, 11.6803887], [76.0914064, 11.6804827], [76.0915738, 11.6805859]]}}, {"type": "Feature", "properties": {"id": 796257565, "name": "arivaram thodu"}, "geometry": {"type": "LineString", "coordinates": [[76.094081, 11.6828575], [76.094158, 11.682947], [76.0942445, 11.683074], [76.0943633, 11.6832961], [76.0944929, 11.6834971], [76.0947486, 11.6838321], [76.0947918, 11.6839555], [76.094835, 11.68416], [76.0949538, 11.6842341], [76.0950979, 11.6844139], [76.0953283, 11.6845585], [76.0954363, 11.6846502], [76.0956416, 11.684823], [76.0960521, 11.6851826], [76.0964842, 11.6856975], [76.0967056, 11.6859214], [76.0968778, 11.6861975], [76.0969526, 11.6863392], [76.0969801, 11.6864418], [76.0970823, 11.6865102], [76.0971696, 11.6865151], [76.0972544, 11.6865712], [76.0973666, 11.6865712], [76.097465, 11.6865291], [76.0975955, 11.686496]]}}, {"type": "Feature", "properties": {"id": 796257567, "name": "arivaram thodu"}, "geometry": {"type": "LineString", "coordinates": [[76.0975955, 11.686496], [76.0976021, 11.6865393], [76.0976454, 11.686598], [76.097702, 11.6866469], [76.0977652, 11.686642], [76.0978485, 11.6865539], [76.0979017, 11.6864627], [76.0979636, 11.6863011], [76.0978811, 11.6859456], [76.097976, 11.6854973], [76.0980182, 11.6853885], [76.0980544, 11.6852953], [76.0980217, 11.6851057]]}}, {"type": "Feature", "properties": {"id": 796257571, "name": "chittur-puzhamkuni thodu"}, "geometry": {"type": "LineString", "coordinates": [[76.0940002, 11.6938685], [76.0963424, 11.6939176], [76.0963711, 11.6950398], [76.0963997, 11.6962252], [76.096401, 11.6963518], [76.0964069, 11.6969687], [76.0975028, 11.6968424], [76.0977678, 11.697102]]}}, {"type": "Feature", "properties": {"id": 796257574, "name": "chithramoola thodu"}, "geometry": {"type": "LineString", "coordinates": [[76.0829747, 11.6922254], [76.083091, 11.6922742], [76.0832737, 11.6923189], [76.0833111, 11.6923189], [76.0833776, 11.6923881], [76.0835935, 11.6924613], [76.0836184, 11.6926158], [76.0838178, 11.69275], [76.0841833, 11.692811], [76.0843245, 11.6929493], [76.0845404, 11.6929981], [76.0846609, 11.6930998], [76.0849973, 11.6931811], [76.0856286, 11.6933438], [76.0860812, 11.6934007], [76.085994, 11.6936041], [76.086455, 11.6936854], [76.0867665, 11.6938115], [76.0870614, 11.694023], [76.086779, 11.6944622], [76.087946, 11.6952308], [76.0877217, 11.695483], [76.088108, 11.6958856], [76.0885814, 11.6963004], [76.0885856, 11.6964346], [76.088814, 11.6966705], [76.0889261, 11.6969105], [76.0891421, 11.6970691], [76.0894494, 11.6972521], [76.0896197, 11.697248], [76.0897775, 11.6972724], [76.0901721, 11.6974473], [76.0902925, 11.6976018], [76.0904586, 11.6977279], [76.0906206, 11.6978499]]}}, {"type": "Feature", "properties": {"id": 796257575, "name": "unnamed"}, "geometry": {"type": "LineString", "coordinates": [[76.087946, 11.6952308], [76.088299, 11.6954586], [76.0887683, 11.6958002], [76.089084, 11.6960523], [76.0899478, 11.6966786], [76.0897103, 11.6970908], [76.0896197, 11.697248]]}}, {"type": "Feature", "properties": {"id": 796257576, "name": "chithramoola thodu"}, "geometry": {"type": "LineString", "coordinates": [[76.0906206, 11.6978499], [76.090712, 11.697736], [76.0910858, 11.6980532], [76.0913308, 11.6982769], [76.0917212, 11.6984762], [76.0921157, 11.6987609], [76.0922985, 11.6988259], [76.0928384, 11.6992774], [76.0935099, 11.6997731], [76.093833, 11.7002099], [76.0943636, 11.7008876], [76.094479, 11.7011889], [76.0943662, 11.7013723], [76.0942533, 11.7015557]]}}, {"type": "Feature", "properties": {"id": 796257577, "name": "chakkittattukunnu kaithodu"}, "geometry": {"type": "LineString", "coordinates": [[76.0884745, 11.6995152], [76.0889394, 11.6995101], [76.0892441, 11.6996011], [76.0905871, 11.6995354], [76.0910261, 11.6985693], [76.0910704, 11.6985268], [76.0913308, 11.6982769]]}}, {"type": "Feature", "properties": {"id": 796257583, "name": "manalvayal thodu"}, "geometry": {"type": "LineString", "coordinates": [[76.0695543, 11.6952646], [76.0694883, 11.6953219], [76.0690095, 11.695939], [76.0683385, 11.6965707], [76.067788, 11.6969919], [76.0669364, 11.697472], [76.0666018, 11.6971513]]}}, {"type": "Feature", "properties": {"id": 796257584, "name": "unnamed"}, "geometry": {"type": "LineString", "coordinates": [[76.0696792, 11.7005733], [76.069443, 11.7005059], [76.0687814, 11.7002884], [76.068203, 11.7000891], [76.067745, 11.699935], [76.0674442, 11.6997357], [76.0669214, 11.699568], [76.0663893, 11.6993778], [76.0659405, 11.6992056], [76.0654644, 11.6990015]]}}, {"type": "Feature", "properties": {"id": 796257585, "name": "unnamed"}, "geometry": {"type": "LineString", "coordinates": [[76.0680366, 11.7028508], [76.0680176, 11.7026886], [76.0680176, 11.7026376], [76.0680413, 11.7025264], [76.0680271, 11.7024337], [76.0680792, 11.7023317], [76.0681076, 11.7022529], [76.0681312, 11.7021093], [76.0681691, 11.7020397], [76.0677763, 11.7018358], [76.0674213, 11.7016782], [76.0672177, 11.7014418], [76.0669858, 11.7013538], [76.066877, 11.7011777], [76.0668864, 11.700983], [76.0667681, 11.700742], [76.0665409, 11.7005149], [76.0663232, 11.7004315], [76.0657694, 11.7001487], [76.0653955, 11.6999773], [76.0650594, 11.6998243], [76.0650102, 11.6996632]]}}, {"type": "Feature", "properties": {"id": 796257587, "name": "unnamed"}, "geometry": {"type": "LineString", "coordinates": [[76.0515126, 11.6946709], [76.0515174, 11.694692], [76.0515365, 11.6947771], [76.0515604, 11.6948837], [76.0517084, 11.6951596], [76.0518849, 11.6955894], [76.0519077, 11.6956448], [76.0519728, 11.6958858], [76.0520416, 11.6960701], [76.0521067, 11.696187], [76.0522334, 11.696311], [76.0524397, 11.6964563], [76.0526025, 11.6966264], [76.0526894, 11.6965237], [76.0528196, 11.6967327], [76.0527364, 11.696793], [76.0527581, 11.6968497], [76.0528377, 11.6969879], [76.0528992, 11.6971296], [76.0529246, 11.6974698], [76.0530368, 11.6976044], [76.0531164, 11.6977037], [76.0534167, 11.6975903], [76.0537424, 11.6974946], [76.0540645, 11.6973883], [76.0542382, 11.6973599], [76.0544336, 11.6973245], [76.0545059, 11.6974698], [76.0546217, 11.6974166], [76.0547484, 11.6975442], [76.0548389, 11.6978773], [76.0549691, 11.6984159], [76.055009, 11.6987596], [76.055132, 11.6990219], [76.0553061, 11.6991793]]}}, {"type": "Feature", "properties": {"id": 797062483, "name": "Karapuzha"}, "geometry": {"type": "LineString", "coordinates": [[76.1060358, 11.6712137], [76.1060813, 11.6711475], [76.1060943, 11.6710845], [76.106078, 11.6709862], [76.1060523, 11.6707392], [76.106092, 11.6706523], [76.1062274, 11.6705631], [76.1063441, 11.6704671], [76.1064072, 11.6704671], [76.1064819, 11.6704931], [76.106567, 11.6704598], [76.1066336, 11.6704182], [76.1067045, 11.6703807], [76.1067739, 11.6703696], [76.1068604, 11.6703849], [76.106927, 11.6704043], [76.1070007, 11.6704196], [76.1071099, 11.670396], [76.1072205, 11.6703238], [76.1072573, 11.6702655], [76.1072616, 11.6701863], [76.10728, 11.6700128], [76.1072602, 11.6698837], [76.1072205, 11.669799], [76.1072134, 11.669749], [76.107229, 11.6696352], [76.1072219, 11.6695075], [76.1071978, 11.6694519], [76.1072063, 11.6693923], [76.1072389, 11.6693187], [76.1072843, 11.6692048], [76.1073353, 11.669166], [76.1073849, 11.6691326], [76.1074614, 11.6691313], [76.1075649, 11.669134], [76.1076642, 11.6691382], [76.1078031, 11.6691396], [76.1079037, 11.6691229], [76.1079959, 11.6691077], [76.1080809, 11.6690896], [76.1081376, 11.6690618], [76.1081915, 11.6690216], [76.1082354, 11.6689827], [76.1082893, 11.6689619], [76.1083488, 11.6689577], [76.1084055, 11.6689577], [76.1085431, 11.668973], [76.1085927, 11.668998], [76.1086196, 11.6690313], [76.1086692, 11.6690785], [76.1086962, 11.6691521], [76.1087245, 11.6691993], [76.1087188, 11.6692465], [76.1087174, 11.6693034], [76.1087231, 11.6694353], [76.1087401, 11.6695033], [76.1087543, 11.6695505], [76.1087727, 11.6695783], [76.1088081, 11.6696366], [76.1088337, 11.6696782], [76.1088592, 11.669724], [76.1088719, 11.6697726], [76.1088719, 11.6698781], [76.1088578, 11.6699295], [76.1088365, 11.6699767], [76.1087826, 11.6700197], [76.1087387, 11.670067], [76.1086763, 11.6701142], [76.108638, 11.6701502], [76.1085842, 11.6702113], [76.1085445, 11.6702585], [76.1085161, 11.6703557], [76.1084892, 11.6704112], [76.1084523, 11.6704765], [76.1084098, 11.670539], [76.1083871, 11.6705778], [76.1083815, 11.6706306], [76.1083956, 11.6706597], [76.1084764, 11.6706931], [76.1086182, 11.6707], [76.108699, 11.6707541], [76.1087557, 11.6708], [76.1088422, 11.6708208], [76.1089315, 11.6708263], [76.1090066, 11.6708166], [76.1090562, 11.6707875], [76.1091243, 11.6707389], [76.1091767, 11.6706695], [76.109249, 11.6706056], [76.1092759, 11.6705029], [76.1093057, 11.6704404], [76.1093383, 11.6703682], [76.1093638, 11.6702599], [76.1093922, 11.6701961], [76.1094546, 11.6701433], [76.1095155, 11.6701128], [76.1095963, 11.6700475], [76.1096317, 11.6700128], [76.1096998, 11.6699878], [76.1097253, 11.6699809], [76.1097877, 11.6699989], [76.1098302, 11.6700211], [76.1098883, 11.6700642], [76.1099309, 11.6701017], [76.1099691, 11.6701627], [76.1099918, 11.6702155], [76.1100187, 11.6702696], [76.1100471, 11.6703835], [76.110091, 11.6704612], [76.1101123, 11.6705154], [76.1101378, 11.6705639], [76.1101591, 11.6706098], [76.1101959, 11.67065], [76.1102328, 11.6706861], [76.1102881, 11.6706847], [76.1103788, 11.6706695], [76.110478, 11.6706098], [76.1105503, 11.6705639], [76.1106014, 11.670507], [76.1106652, 11.6704584], [76.1107431, 11.6704001], [76.1107857, 11.6703765], [76.1108523, 11.6703377], [76.1109501, 11.6702932], [76.111004, 11.6702835], [76.1110181, 11.6702835], [76.1110607, 11.6702918], [76.1110933, 11.6703057], [76.1111344, 11.6703293], [76.1111911, 11.6703585], [76.1112322, 11.6704085], [76.1112832, 11.6704446], [76.1113257, 11.6704737], [76.1113754, 11.6705043], [76.111408, 11.6705417], [76.111442, 11.6705834], [76.1114746, 11.6706306], [76.1115299, 11.6707097], [76.1115752, 11.6707597], [76.1115795, 11.6708485], [76.1116163, 11.6709207], [76.1116759, 11.6709804], [76.111734, 11.6710207], [76.1118148, 11.6710179], [76.1118928, 11.6709957], [76.1119637, 11.6709818], [76.1120189, 11.6709568], [76.11207, 11.6708944], [76.1121054, 11.6708472], [76.1121253, 11.670768], [76.1121182, 11.6706223], [76.1120927, 11.6705167], [76.1120657, 11.6704668], [76.1120119, 11.6704126], [76.1119707, 11.6703654], [76.1119566, 11.670296], [76.112026, 11.6702488], [76.1120941, 11.670203], [76.1121678, 11.6701627], [76.1122401, 11.6701308], [76.1122769, 11.6701322], [76.1123577, 11.670135], [76.11244, 11.6701253], [76.1125378, 11.6700961], [76.1126327, 11.6700656], [76.1126852, 11.670035], [76.1127391, 11.6700017], [76.1127802, 11.6699753], [76.1128099, 11.6699309], [76.1128822, 11.6697976], [76.1129063, 11.6697518], [76.1129319, 11.6697004], [76.1129574, 11.6696255], [76.1129857, 11.6695311], [76.1130339, 11.6694575], [76.1131105, 11.6693936], [76.1131941, 11.6693825], [76.1132579, 11.6693798], [76.1133103, 11.669402], [76.1133557, 11.6694339], [76.1134096, 11.6694825], [76.1134408, 11.6695158], [76.1134833, 11.6695547], [76.11354, 11.6696532], [76.1135315, 11.6696907], [76.113479, 11.6697213], [76.1133869, 11.6697476], [76.113299, 11.6697935], [76.1132352, 11.6698157], [76.113153, 11.6698407], [76.1131147, 11.6698726], [76.1131048, 11.6699184], [76.1131034, 11.6699489], [76.1131317, 11.6699725], [76.1131899, 11.6699837], [76.1132395, 11.6699739], [76.1133103, 11.6699864], [76.1133685, 11.6700197], [76.1134096, 11.6700531], [76.1134705, 11.6700989], [76.1135272, 11.6701586], [76.1135627, 11.6702127], [76.1136265, 11.6702682], [76.1136931, 11.6703279], [76.1137654, 11.670389], [76.1138122, 11.6704487], [76.1138675, 11.6705265], [76.113927, 11.6705681], [76.1139638, 11.6705876], [76.1140135, 11.6706139], [76.1140872, 11.6706334], [76.1141822, 11.6706292], [76.1142757, 11.6706375], [76.1143438, 11.6706403], [76.1143849, 11.6706528], [76.1144444, 11.670682], [76.1145124, 11.6707305], [76.114555, 11.6707861], [76.114589, 11.6708777], [76.114589, 11.6709832], [76.114589, 11.6710429], [76.114589, 11.6710984], [76.1146003, 11.6711304], [76.1146542, 11.6711859], [76.1147038, 11.6712553], [76.1147308, 11.6713067], [76.1147931, 11.6713553], [76.1148654, 11.6714066], [76.1149802, 11.6714538], [76.1151121, 11.6714538], [76.1152312, 11.6714524], [76.1152949, 11.6714163], [76.1154055, 11.6713608], [76.115475, 11.6712872], [76.1155104, 11.6712234], [76.1155232, 11.6711595], [76.1154906, 11.6711026], [76.1154013, 11.6710512], [76.1153205, 11.6710346], [76.1152, 11.670961], [76.115139, 11.6709055], [76.1150596, 11.6708666], [76.1150214, 11.670818], [76.1150185, 11.6707375], [76.1150497, 11.670675], [76.1151121, 11.6706125], [76.1151815, 11.6705653], [76.115234, 11.6705348], [76.1152935, 11.6705056], [76.1153676, 11.6704464], [76.1154133, 11.6704095], [76.1154468, 11.6703637], [76.1154845, 11.6702861], [76.1155078, 11.6702095], [76.1155505, 11.6701567], [76.1156084, 11.6700641], [76.1156267, 11.6699935], [76.1156227, 11.6699387], [76.1156288, 11.669888], [76.1156196, 11.6698282], [76.1156074, 11.6697745], [76.1156145, 11.6697247], [76.1156298, 11.6696849], [76.115644, 11.669674], [76.1156847, 11.669663], [76.1157296, 11.6696714], [76.1158016, 11.6697066], [76.1158988, 11.6697792], [76.1159643, 11.6698789], [76.1160337, 11.6699322], [76.1161032, 11.6699312], [76.1165278, 11.6699483], [76.1169569, 11.6698012], [76.1171225, 11.6693159], [76.1170129, 11.6691807], [76.1170213, 11.6690026], [76.1172271, 11.6688298], [76.1176717, 11.6690454], [76.1177746, 11.6690597], [76.1178889, 11.6690406], [76.1179549, 11.6689918], [76.1179822, 11.6689374], [76.1179743, 11.6688808], [76.1179323, 11.6687913], [76.1178569, 11.6686676], [76.1178032, 11.6685513], [76.1177923, 11.668492], [76.1177996, 11.6684327], [76.1179869, 11.6678469], [76.118102, 11.667477], [76.1181424, 11.6674028], [76.1182141, 11.6673695], [76.1183015, 11.6673617], [76.1183862, 11.6673846], [76.1188447, 11.6677627]]}}, {"type": "Feature", "properties": {"id": 797062484, "name": "Karapuzha"}, "geometry": {"type": "LineString", "coordinates": [[76.1189903, 11.6679156], [76.119036, 11.6679411], [76.119097, 11.6679648], [76.1191515, 11.6679613], [76.1192059, 11.6679522], [76.119299, 11.6678903], [76.1193376, 11.6678442], [76.1193667, 11.6677943], [76.1194246, 11.667693], [76.1194488, 11.6676433], [76.1194691, 11.667586], [76.1194818, 11.6675245], [76.1194871, 11.6674495], [76.1194888, 11.6673677], [76.1194905, 11.6672869], [76.119491, 11.6671991], [76.1195004, 11.6671688], [76.1195165, 11.6671377], [76.1195389, 11.6671078], [76.1195757, 11.6670694], [76.1196561, 11.6670006], [76.1197403, 11.6669431], [76.1198524, 11.666883], [76.1199565, 11.6668218], [76.1200298, 11.6667729], [76.1200541, 11.6667555], [76.1200688, 11.6667361], [76.1200886, 11.6666859], [76.120095, 11.6666319], [76.1201474, 11.6665655], [76.1202721, 11.6665303], [76.1203922, 11.666447], [76.1204609, 11.6663409], [76.1204922, 11.6662531], [76.120599, 11.6661455], [76.1207131, 11.6661078], [76.1208565, 11.6660889], [76.1210286, 11.6660794], [76.1211868, 11.6660791], [76.1212834, 11.6661184], [76.1213247, 11.6662043], [76.1213243, 11.6663021], [76.1212798, 11.6663899], [76.1212085, 11.666523], [76.1211355, 11.666665], [76.1211013, 11.6667726], [76.1211076, 11.6668538], [76.1211652, 11.6669122], [76.121251, 11.6669057], [76.121392, 11.6668487], [76.1216175, 11.6666479], [76.1218167, 11.6665383], [76.1219373, 11.6664447], [76.121987, 11.6663727], [76.1220041, 11.6662527], [76.1220544, 11.6661613], [76.1221165, 11.666064], [76.1221849, 11.6660382], [76.122258, 11.6660215], [76.1223554, 11.6660189], [76.1224484, 11.6660473], [76.1225277, 11.6660913], [76.1226116, 11.6661727], [76.1226676, 11.6662728], [76.1227307, 11.6663389], [76.1228299, 11.6663605], [76.1229011, 11.6663639], [76.1230596, 11.6663386], [76.123216, 11.6662917], [76.1233689, 11.66625], [76.12345, 11.6662451], [76.1235031, 11.6662631], [76.1235982, 11.6663526], [76.1236793, 11.6664375], [76.1237674, 11.6665339], [76.1238555, 11.6666188], [76.1239276, 11.6666767], [76.1240313, 11.6667056], [76.1241603, 11.6666926], [76.1242598, 11.6666701], [76.1243429, 11.6665996], [76.1244257, 11.6661213], [76.1245154, 11.6656819], [76.1244992, 11.6656228], [76.1244437, 11.6655623], [76.124404, 11.6654552], [76.1243896, 11.6653689], [76.1244107, 11.6652864], [76.1244733, 11.6651959], [76.1246015, 11.6651623], [76.1246961, 11.6651771], [76.1248283, 11.6652125], [76.1249556, 11.6652864], [76.1250688, 11.6653988], [76.1251589, 11.6654279], [76.1252511, 11.6654648], [76.1253796, 11.6654902], [76.1254834, 11.6654196], [76.1256797, 11.6652972], [76.1258166, 11.6651844], [76.1258976, 11.6650569], [76.1259835, 11.6648962], [76.1260067, 11.664785], [76.1260085, 11.6647313], [76.1259983, 11.6646834], [76.125969, 11.6646735], [76.125895, 11.6646298], [76.1258264, 11.664639], [76.1257149, 11.6646261], [76.125594, 11.6646042], [76.1255078, 11.6645661], [76.1253979, 11.6644661], [76.1253254, 11.6643776], [76.1253149, 11.6643121], [76.125276, 11.6642561], [76.1252012, 11.6642126], [76.1251401, 11.6641386], [76.1250987, 11.6640413], [76.125056, 11.6639358], [76.1249793, 11.6637766], [76.1249605, 11.6636794], [76.1249574, 11.6635976], [76.1249756, 11.6634128], [76.1250757, 11.6633126], [76.1251915, 11.663197], [76.1253858, 11.6629897], [76.1256671, 11.662767], [76.1258087, 11.662663], [76.1258891, 11.6624989], [76.1260234, 11.6622896], [76.1260865, 11.6621752], [76.1261461, 11.6620525], [76.1262372, 11.6619826], [76.126346, 11.6619573], [76.1265153, 11.6619636], [76.1266474, 11.661961], [76.1267847, 11.6619423], [76.1269047, 11.6618825], [76.1270109, 11.661819], [76.1271415, 11.6617202], [76.12728, 11.661605], [76.1274027, 11.6615092], [76.1275249, 11.6614212], [76.127643, 11.6613275], [76.1276691, 11.6612093], [76.1276485, 11.6611521], [76.1276062, 11.6611085], [76.1275293, 11.6610474], [76.127479, 11.6610013], [76.1273748, 11.6609337], [76.1272851, 11.6608748], [76.1272231, 11.6608294], [76.1271767, 11.6607366], [76.1271475, 11.660634], [76.1271369, 11.660544], [76.1271777, 11.6604521]]}}, {"type": "Feature", "properties": {"id": 797062485, "name": "Karapuzha"}, "geometry": {"type": "LineString", "coordinates": [[76.1271777, 11.6604521], [76.1272517, 11.6603826], [76.1273376, 11.6603403], [76.127498, 11.6602513], [76.127592, 11.6601991], [76.1276386, 11.6601469], [76.127676, 11.6600562], [76.1277056, 11.6599694], [76.1277251, 11.6598267], [76.1277581, 11.6596033], [76.127789, 11.6594146], [76.1278469, 11.6593028], [76.1280551, 11.6590284], [76.1282265, 11.6588841], [76.1283696, 11.6588062], [76.1284889, 11.6587321], [76.1285632, 11.6586595], [76.1286656, 11.6584858], [76.1287683, 11.658364], [76.1288808, 11.6582722], [76.128949, 11.6582495], [76.1290375, 11.6582682], [76.1290864, 11.6582984], [76.1291823, 11.6583893], [76.1292425, 11.6584607], [76.1292577, 11.6585588], [76.1292811, 11.6587957], [76.1292849, 11.6590207], [76.1293757, 11.6592921], [76.1294422, 11.6594495], [76.1295031, 11.659536], [76.1295818, 11.6596147], [76.1297021, 11.6596545], [76.1298611, 11.6596241], [76.1299726, 11.6595704], [76.1301014, 11.6594948], [76.1301875, 11.6594454], [76.1303077, 11.659411], [76.1303883, 11.6594386], [76.1305044, 11.6595742], [76.13061, 11.6596614], [76.1307379, 11.6597592], [76.1308354, 11.6598332], [76.1309191, 11.6598957], [76.131051, 11.6599339], [76.1312415, 11.6599356], [76.1313921, 11.6599809], [76.1314872, 11.6600017], [76.1315763, 11.6599992], [76.1316501, 11.6599574], [76.1316596, 11.659878], [76.1316297, 11.6591603], [76.1318989, 11.6587355], [76.1322728, 11.6590577], [76.1327215, 11.6592628], [76.132886, 11.6588966], [76.1333048, 11.659336], [76.1334807, 11.6593692], [76.1336937, 11.6594093], [76.133948, 11.6597022], [76.1345163, 11.659629], [76.1352192, 11.6593946], [76.1352641, 11.658882], [76.1352192, 11.6586036], [76.1354735, 11.6585158], [76.1358923, 11.6586769], [76.1360568, 11.6584132], [76.1362662, 11.6576955], [76.1367747, 11.6577541], [76.1373131, 11.6578713], [76.1376123, 11.657798], [76.1380161, 11.6571535], [76.1382255, 11.6572414], [76.1385617, 11.6575616], [76.1390941, 11.6576256], [76.1396265, 11.6578085], [76.1394304, 11.6583482], [76.1388501, 11.6588841], [76.1388608, 11.6589734], [76.1389949, 11.6590995], [76.1392417, 11.6595671], [76.1395099, 11.6598456], [76.1397781, 11.660061], [76.1403521, 11.6603079], [76.1404326, 11.6603709], [76.1407544, 11.660187], [76.1412802, 11.6599086], [76.1415323, 11.6597615], [76.141661, 11.6597405], [76.1417898, 11.6598771], [76.1418488, 11.6600872], [76.1418381, 11.6602501], [76.1416986, 11.6603079], [76.141602, 11.6603972], [76.1416664, 11.6604813], [76.1418649, 11.6605128], [76.1418607, 11.6608783], [76.1417898, 11.6609698], [76.141779, 11.6610959], [76.1420795, 11.6614006], [76.1422457, 11.6614006], [76.1425515, 11.661532], [76.14275, 11.6616003], [76.1430826, 11.6617526], [76.1432918, 11.6618472], [76.1435064, 11.6618735], [76.1437853, 11.6616686], [76.1441287, 11.6615005], [76.144311, 11.6614689], [76.1445846, 11.6614795], [76.1449011, 11.6614689], [76.1452284, 11.6614164], [76.1454215, 11.6612746], [76.1455556, 11.6610749], [76.1454537, 11.660849], [76.1453035, 11.6607439], [76.1450835, 11.6606651], [76.1448904, 11.6606704], [76.1447402, 11.6607124], [76.1446222, 11.6608805], [76.1444934, 11.6609226], [76.1442896, 11.6607439], [76.1441716, 11.6605023], [76.1441126, 11.6602869], [76.1441448, 11.660103], [76.1442789, 11.6598035], [76.1444827, 11.6597615], [76.144649, 11.6598193], [76.1448636, 11.6599611], [76.1449762, 11.6600399], [76.1453035, 11.6601608], [76.1454376, 11.6602133], [76.1457219, 11.6602921], [76.1459096, 11.6603236], [76.146033, 11.6602396], [76.146151, 11.6600715], [76.1464675, 11.6597825], [76.1467787, 11.6597562], [76.1469021, 11.6598456], [76.1470254, 11.6599138], [76.1474063, 11.6600557], [76.1477121, 11.6599716], [76.1478569, 11.6598561], [76.1480286, 11.6600084], [76.1482378, 11.6600872], [76.1487099, 11.6600767], [76.1489298, 11.6600347], [76.14905, 11.6599289], [76.1490777, 11.6598324], [76.1490623, 11.6597388], [76.1490191, 11.6596755], [76.1490191, 11.6595669], [76.1490099, 11.6594522], [76.1490161, 11.6593707], [76.1490284, 11.6592953], [76.1491239, 11.6589241], [76.1491547, 11.6587521], [76.1493026, 11.6584413], [76.1494074, 11.6583991], [76.1495183, 11.6583508], [76.1496569, 11.6583146], [76.1497216, 11.658212], [76.1497155, 11.6580853], [76.1497339, 11.6579374], [76.1497278, 11.6577654], [76.1497678, 11.6576568], [76.1498017, 11.6575874], [76.1499096, 11.6574094], [76.1500297, 11.6572977], [76.1501961, 11.6571529], [76.150307, 11.6570895], [76.15027, 11.6568843], [76.1502608, 11.6566761], [76.1502639, 11.6565192], [76.150307, 11.6563985], [76.150401, 11.6562853], [76.1504857, 11.6562687], [76.1505381, 11.6562054], [76.1505989, 11.6561236]]}}, {"type": "Feature", "properties": {"id": 797556277, "name": "unnamed"}, "geometry": {"type": "LineString", "coordinates": [[76.1468324, 11.6999101], [76.1465765, 11.6998202], [76.1463151, 11.6996185], [76.1459587, 11.6994867], [76.145634, 11.6991997], [76.1452142, 11.6990757], [76.1450321, 11.6990136], [76.1452142, 11.6984862], [76.1453489, 11.6979589], [76.1452255, 11.697809], [76.1452116, 11.6977921]]}}, {"type": "Feature", "properties": {"id": 797556282, "name": "unnamed"}, "geometry": {"type": "LineString", "coordinates": [[76.121683, 11.6986994], [76.1214215, 11.6987607], [76.1213073, 11.6989086], [76.1210494, 11.6989916], [76.1207695, 11.6990529], [76.1206593, 11.6990901]]}}, {"type": "Feature", "properties": {"id": 797556283, "name": "unnamed"}, "geometry": {"type": "LineString", "coordinates": [[76.1355897, 11.6956462], [76.1355554, 11.6954781], [76.1353357, 11.695384], [76.1351675, 11.6955554], [76.1350131, 11.6955252], [76.1347522, 11.6953672], [76.1344158, 11.6952193], [76.1342812, 11.6953072], [76.1341996, 11.6953605], [76.1340485, 11.6953504], [76.1339353, 11.6952126], [76.1337945, 11.695216], [76.1336023, 11.6952899], [76.1334925, 11.6952596], [76.1332316, 11.6950344], [76.1330394, 11.6949403], [76.1330153, 11.6948462], [76.1329639, 11.694621], [76.1328986, 11.6945437], [76.1327133, 11.6946748], [76.1324764, 11.6948731], [76.1322121, 11.6946076], [76.1319856, 11.6944059], [76.1316114, 11.694305], [76.131203, 11.6942748], [76.1310966, 11.6944496], [76.130997, 11.6946916], [76.1307842, 11.6948361], [76.1306091, 11.6950344], [76.1306297, 11.6951991], [76.1305954, 11.6954176], [76.1304066, 11.6954512], [76.1301389, 11.6954949], [76.1298437, 11.6955722], [76.1296034, 11.6957638], [76.1294078, 11.6959117], [76.1292396, 11.6958815], [76.1290302, 11.695905], [76.1288723, 11.696063], [76.1288036, 11.6962714], [76.1286835, 11.696426], [76.1284707, 11.6965235], [76.1282476, 11.6966277], [76.1280656, 11.6968025], [76.1278528, 11.6968562], [76.1275913, 11.6968562], [76.1274218, 11.6970258], [76.1272782, 11.6972097], [76.1272266, 11.6973468], [76.1271124, 11.6974803], [76.1268877, 11.6975271], [76.1267073, 11.6976354], [76.1264936, 11.6977364], [76.126361, 11.6978806], [76.1261916, 11.6981331], [76.1259742, 11.6983784], [76.1257938, 11.698501], [76.1254954, 11.6984541], [76.1252744, 11.6984505], [76.125116, 11.6985371], [76.1249539, 11.6984397], [76.1246666, 11.6986128], [76.1244088, 11.6987174], [76.1241878, 11.6987066], [76.1239483, 11.6985263], [76.1235873, 11.6985118], [76.1234142, 11.6985371], [76.1232927, 11.6987102], [76.1230532, 11.6988112], [76.1229501, 11.6986958], [76.1226444, 11.6983784], [76.1225965, 11.6980177], [76.1225155, 11.6977003], [76.1223976, 11.6975524], [76.1223055, 11.6975957], [76.1220587, 11.6977941], [76.1217456, 11.6978698], [76.1216093, 11.6981475], [76.1215651, 11.6984397], [76.121683, 11.6986994]]}}, {"type": "Feature", "properties": {"id": 797556284, "name": "unnamed"}, "geometry": {"type": "LineString", "coordinates": [[76.1371822, 11.6968735], [76.1371487, 11.6968883], [76.1364694, 11.6964892], [76.1359769, 11.6959737], [76.1356749, 11.6957182], [76.1355897, 11.6956462]]}}, {"type": "Feature", "properties": {"id": 797556285, "name": "unnamed"}, "geometry": {"type": "LineString", "coordinates": [[76.1435057, 11.6961138], [76.1433561, 11.6960917], [76.1432685, 11.6960731], [76.1432076, 11.6959574], [76.1431695, 11.6958455], [76.1431199, 11.6958268], [76.1430552, 11.6959462], [76.1430057, 11.6960693], [76.1428685, 11.6960619], [76.1426742, 11.6959201], [76.1424075, 11.6958455], [76.1422818, 11.6959015], [76.1419923, 11.6960395], [76.1416609, 11.6962335], [76.1412266, 11.6963827], [76.1410818, 11.6963267], [76.1410314, 11.6963522], [76.1409831, 11.6963732], [76.1408865, 11.6964258], [76.1407551, 11.6965361], [76.1406746, 11.6967383], [76.1405861, 11.6968381], [76.1404896, 11.6968723], [76.1403125, 11.6968644], [76.1401141, 11.6968381], [76.1398646, 11.6968224], [76.1397466, 11.6968697], [76.1396983, 11.6969668], [76.139642, 11.6970535], [76.1395106, 11.6972111], [76.1393926, 11.697303], [76.1393201, 11.697437], [76.1392638, 11.6974816]]}}, {"type": "Feature", "properties": {"id": 797569903, "name": "olivumala thodu"}, "geometry": {"type": "LineString", "coordinates": [[76.0582459, 11.5550393], [76.0582418, 11.5550454], [76.0581183, 11.5552548], [76.0578912, 11.5555132], [76.057741, 11.5556898], [76.0576041, 11.5560137], [76.0575238, 11.5562173], [76.0574042, 11.5565948], [76.0573285, 11.556992], [76.0567215, 11.5569255], [76.0565905, 11.5575142], [76.0563083, 11.5577077], [76.055991, 11.5577146], [76.0555819, 11.5574589], [76.0551869, 11.5573898], [76.0546086, 11.557224], [76.0543476, 11.5572378], [76.0541501, 11.5572447], [76.0540302, 11.5575556], [76.0536423, 11.5577077], [76.0532897, 11.5576869], [76.0529463, 11.5578623], [76.052818, 11.558382], [76.0531983, 11.5587962], [76.0537089, 11.5592298], [76.0540017, 11.55957], [76.0540013, 11.5596854], [76.0539901, 11.5597207], [76.0539991, 11.5597607], [76.0540023, 11.5597868], [76.0540053, 11.5598078], [76.0539939, 11.559839], [76.0539901, 11.5598587], [76.0539931, 11.5598636], [76.0540043, 11.5598742], [76.0540529, 11.5599044]]}}, {"type": "Feature", "properties": {"id": 797569922, "name": "unnamed"}, "geometry": {"type": "LineString", "coordinates": [[76.0860516, 11.5378823], [76.08598, 11.5385285], [76.0857506, 11.5393573], [76.0857219, 11.539863], [76.0859226, 11.541057], [76.086066, 11.541661], [76.086396, 11.5434206], [76.0865534, 11.5442597], [76.0866681, 11.5448075], [76.0867685, 11.5453834], [76.0869262, 11.5460857], [76.08698, 11.54655], [76.0869979, 11.5467038], [76.0873993, 11.5476871], [76.0878007, 11.5485861], [76.0882882, 11.5497941], [76.0885319, 11.5506369], [76.0885463, 11.5514796], [76.0888617, 11.5526595], [76.0890911, 11.5533197], [76.0892816, 11.5536954], [76.0894782, 11.5540642], [76.0898079, 11.5546822], [76.0904674, 11.5553283], [76.0911986, 11.5558481], [76.0917147, 11.5565504], [76.0926323, 11.5570982], [76.0934925, 11.5571965], [76.094281, 11.5572948], [76.0953373, 11.5578701], [76.0957553, 11.5587888], [76.0967834, 11.5597739], [76.0973709, 11.5602498], [76.0979221, 11.5610147], [76.098969, 11.5618132], [76.1001491, 11.5628854], [76.1006319, 11.5647248], [76.1017263, 11.5661858], [76.1021554, 11.5670267], [76.1030137, 11.5679096], [76.1031071, 11.567898]]}}, {"type": "Feature", "properties": {"id": 797569924, "name": "unnamed"}, "geometry": {"type": "LineString", "coordinates": [[76.0937779, 11.5416439], [76.0945185, 11.5429441], [76.0949463, 11.5441363], [76.0962009, 11.5464876], [76.0971451, 11.5479802], [76.0990333, 11.5502928], [76.1002993, 11.551386], [76.100986, 11.5524582], [76.1010933, 11.5535303], [76.1016297, 11.555023], [76.1018872, 11.5563894], [76.103754, 11.5572514], [76.104548, 11.5584917], [76.10502, 11.5603627], [76.10605, 11.5619814], [76.1064855, 11.5629311], [76.1067152, 11.5634319], [76.1070156, 11.5647668], [76.1066294, 11.5654921], [76.1064791, 11.5664381], [76.1061998, 11.5669585]]}}, {"type": "Feature", "properties": {"id": 797588275, "name": "vandiyambetta thodu"}, "geometry": {"type": "LineString", "coordinates": [[76.0542344, 11.6627484], [76.0534965, 11.6624191], [76.0524598, 11.6620075], [76.0515912, 11.6615501], [76.0508159, 11.6611934], [76.0507506, 11.6612574], [76.0506945, 11.6611842], [76.050405, 11.6610287], [76.0502462, 11.6609098], [76.0501248, 11.6607635], [76.0497325, 11.6608732], [76.0494349, 11.6609664]]}}, {"type": "Feature", "properties": {"id": 802924348, "name": "cherupuzha"}, "geometry": {"type": "LineString", "coordinates": [[76.0566443, 11.6414909], [76.0559156, 11.6413889], [76.0558765, 11.6417076], [76.0565272, 11.6423321], [76.0561451, 11.6430502], [76.0553169, 11.6432881], [76.0541327, 11.6431606], [76.0545882, 11.6436577], [76.0544971, 11.6439254], [76.0540546, 11.6439254], [76.0532868, 11.6438999], [76.0532348, 11.6441548], [76.0537163, 11.6445499], [76.0538334, 11.6447283], [76.0541978, 11.6451362], [76.0540026, 11.6454548], [76.0533909, 11.6455313], [76.0530135, 11.6457862], [76.0526101, 11.6459392], [76.052379, 11.6460394], [76.0517032, 11.6479705], [76.0514057, 11.648063], [76.051061, 11.6482304], [76.0508107, 11.6483147], [76.0505829, 11.6483308], [76.0503409, 11.6483046], [76.0500721, 11.6482665], [76.0500002, 11.6484272], [76.0499756, 11.6487026], [76.0500167, 11.6490827], [76.0500537, 11.6494504], [76.0500742, 11.6496533], [76.0501234, 11.6499246], [76.0501275, 11.6501397], [76.050226, 11.6504031], [76.0503183, 11.6506342], [76.0503491, 11.6508754], [76.0503018, 11.650992], [76.0503305, 11.6511567], [76.0503962, 11.6513215], [76.0504126, 11.6515748], [76.0503243, 11.6516975], [76.0499263, 11.6517156], [76.049756, 11.6516794], [76.0495528, 11.6516231], [76.0493723, 11.6515709], [76.0491712, 11.6515147], [76.048929, 11.6514805], [76.0487793, 11.651577], [76.0488059, 11.6517659], [76.048888, 11.651991], [76.0490398, 11.6521658], [76.0492184, 11.6522623], [76.0494215, 11.6522884], [76.049598, 11.6522743], [76.0497744, 11.6522463], [76.0499878, 11.6523006], [76.0500987, 11.6524434], [76.0503039, 11.6526162], [76.0503388, 11.652853], [76.0504044, 11.6531243], [76.0503839, 11.6533273], [76.05039, 11.6535544], [76.0504434, 11.6538097], [76.050429, 11.6541172], [76.0504187, 11.6543945], [76.0504126, 11.6545734], [76.0504044, 11.6548326], [76.0505008, 11.6549753], [76.0504886, 11.655168], [76.0504642, 11.6554945], [76.0504317, 11.6558648], [76.0506919, 11.6561794], [76.0509521, 11.6564382], [76.0511309, 11.656482], [76.0512976, 11.6566532], [76.0515334, 11.6568961], [76.0515985, 11.6571429], [76.0515497, 11.6574017], [76.0514928, 11.6576327], [76.0514033, 11.6577999], [76.0513884, 11.6578136], [76.0512732, 11.6579193], [76.051135, 11.6579392], [76.0506268, 11.6578278], [76.0503664, 11.6577278], [76.0502179, 11.6577501], [76.0500839, 11.6578691], [76.0500249, 11.6579988], [76.0500455, 11.6580945], [76.0501959, 11.6583255], [76.0504357, 11.6585922], [76.0508504, 11.6589187], [76.0512976, 11.6592771], [76.051304, 11.659601], [76.0510496, 11.6598146], [76.0507406, 11.6598225], [76.0505374, 11.659719], [76.0504195, 11.6593726], [76.0503409, 11.6590272], [76.0500326, 11.6589083], [76.0494069, 11.6592925], [76.0492107, 11.6597498], [76.0492107, 11.6601432], [76.0492761, 11.6604816], [76.0494349, 11.6609664], [76.0494536, 11.6610579], [76.0494536, 11.6612591], [76.0493135, 11.6612957], [76.0491173, 11.6613232], [76.04908, 11.6615061], [76.048781, 11.6614642], [76.048362, 11.661597], [76.0477334, 11.662285], [76.0477704, 11.6626109], [76.0479415, 11.6630063], [76.0479135, 11.6634179], [76.0473531, 11.6638661], [76.0470262, 11.6639759], [76.0468204, 11.6639122], [76.0466578, 11.6636574], [76.0467879, 11.6631159], [76.0465927, 11.6629089], [76.0460158, 11.6630142], [76.0455581, 11.663252], [76.0455214, 11.6632972], [76.0451939, 11.6637003], [76.0448389, 11.664057], [76.0446148, 11.6643588], [76.0444, 11.6646973], [76.0439423, 11.6649809], [76.0436061, 11.6651364], [76.0432605, 11.6652095], [76.0430672, 11.665079], [76.0429896, 11.6650266], [76.0426721, 11.6648802], [76.0423732, 11.664615], [76.042121, 11.6644595], [76.0418875, 11.6645967], [76.0417661, 11.6648162], [76.0417661, 11.66499], [76.042093, 11.6650998], [76.0424759, 11.6652553], [76.0428028, 11.6653925], [76.0428682, 11.6657584], [76.0429336, 11.6661425], [76.0427414, 11.666268], [76.042644, 11.6663621], [76.0424479, 11.666609], [76.0422424, 11.6667645], [76.042093, 11.6670206], [76.0414642, 11.6673285], [76.0413458, 11.6673865], [76.0414485, 11.6677981], [76.0415886, 11.6680908], [76.0416727, 11.6682738], [76.0417287, 11.6685573], [76.0414205, 11.6688775], [76.0412711, 11.6689598], [76.0409628, 11.669097], [76.0408227, 11.6691336], [76.0404865, 11.6694263], [76.0403464, 11.6695909], [76.0403184, 11.6698288], [76.0403744, 11.669966], [76.0404958, 11.6700209], [76.0405452, 11.6702103], [76.0405799, 11.670405], [76.040449, 11.6706313], [76.0402519, 11.6707278], [76.040067, 11.6708968], [76.0398328, 11.6708244], [76.039611, 11.6709813], [76.0392782, 11.6711382], [76.0392782, 11.6712347], [76.0393522, 11.6713916], [76.0394878, 11.6715123], [76.0394878, 11.671633], [76.0393768, 11.6717296], [76.039118, 11.6720434], [76.039097, 11.6726215], [76.0391131, 11.6728106], [76.0392526, 11.6729682], [76.0394618, 11.6731153], [76.0396603, 11.6733254], [76.0397247, 11.6735408], [76.0397998, 11.6737825], [76.0400251, 11.6738718], [76.0400626, 11.6740399], [76.0399553, 11.6742973], [76.039789, 11.6744444], [76.0396978, 11.6747124], [76.0397783, 11.6749067], [76.0399714, 11.6750171], [76.0400733, 11.6751169], [76.0400626, 11.6754163], [76.0398588, 11.675763], [76.0398297, 11.6757834], [76.0395959, 11.6759469], [76.0393062, 11.6759101], [76.0390165, 11.6758523], [76.0388181, 11.6755476], [76.038743, 11.6752377], [76.0387054, 11.674975], [76.0386249, 11.6747701], [76.0384318, 11.6746125], [76.0383943, 11.6745705], [76.0383514, 11.674497], [76.0382763, 11.6743499], [76.038051, 11.6742553], [76.0378686, 11.6744392], [76.0378203, 11.6746598], [76.0378847, 11.6748227], [76.0378954, 11.6750223], [76.0377559, 11.6752692], [76.0375467, 11.67539], [76.0373375, 11.6754058], [76.0368815, 11.675327], [76.0363236, 11.6752535], [76.0358408, 11.6751589], [76.0356584, 11.6751326], [76.0354707, 11.6751011], [76.0352185, 11.675348], [76.0353687, 11.6755371], [76.0357389, 11.6757578], [76.0358354, 11.6758576], [76.0360715, 11.6759732], [76.0362592, 11.6761308], [76.0362914, 11.6763304], [76.0363129, 11.6765038], [76.0363558, 11.6766246], [76.0365811, 11.6766299], [76.0367903, 11.6766036], [76.0370317, 11.67653], [76.0372731, 11.6765143], [76.0374716, 11.6766824], [76.0376593, 11.6769398], [76.0376701, 11.6771289], [76.0374984, 11.6774704], [76.0372087, 11.6777541], [76.0370371, 11.6783214], [76.0369137, 11.6787522], [76.036844, 11.6789886], [76.0367957, 11.679225], [76.0365275, 11.6793616], [76.0363182, 11.6793248], [76.0361305, 11.6792776], [76.0359642, 11.6791305], [76.0357389, 11.6790096], [76.0355511, 11.6789413], [76.03524, 11.6789781], [76.0349503, 11.6790201], [76.0347196, 11.6790412], [76.0344675, 11.6789518], [76.0344407, 11.6787942], [76.0343388, 11.6786892], [76.0341832, 11.6785999], [76.0340598, 11.6786419], [76.0339418, 11.6787522], [76.0336199, 11.6790254], [76.0333517, 11.679183], [76.0331527, 11.6793444], [76.0330814, 11.6794917], [76.033216, 11.6798562], [76.0333665, 11.6800888], [76.0336515, 11.6802904], [76.0338178, 11.6805463], [76.0341108, 11.6806006], [76.0343721, 11.6806936], [76.0344671, 11.6808952], [76.0343721, 11.6811434], [76.034087, 11.6812364], [76.0338495, 11.6812597], [76.0335565, 11.6811899], [76.0335169, 11.6808332], [76.0334932, 11.6805618], [76.033319, 11.6803602], [76.0329072, 11.6803524], [76.0326301, 11.6805696], [76.0323134, 11.6806859], [76.0320996, 11.6807402], [76.0319016, 11.6808332], [76.0319175, 11.6810813], [76.0320125, 11.6812752], [76.0321075, 11.6812674], [76.0321233, 11.6814303], [76.0317908, 11.6816009], [76.0315691, 11.6815776], [76.0312602, 11.6815698], [76.030999, 11.6817094], [76.030706, 11.6820428], [76.0305555, 11.6823685], [76.030318, 11.6826011], [76.0299142, 11.6825003], [76.02974, 11.6823375], [76.0294708, 11.6822367], [76.0293045, 11.6819731], [76.0290907, 11.6817559], [76.0289402, 11.6814846], [76.0287819, 11.6811666], [76.0284968, 11.680996], [76.0275308, 11.6812907], [76.0272379, 11.681376], [76.0269766, 11.6813295], [76.0268499, 11.681314], [76.0266915, 11.6812907], [76.0266706, 11.6812994], [76.0265953, 11.6813307], [76.0266862, 11.6817048], [76.0269045, 11.6820255], [76.0268136, 11.6823996], [76.0267044, 11.6825599], [76.0267044, 11.6828806], [76.0266135, 11.6835753], [76.0261587, 11.683896], [76.0262496, 11.6841276], [76.0266317, 11.6841988], [76.0271774, 11.6841988], [76.0274866, 11.684377], [76.0273229, 11.6848579], [76.0269936, 11.6850827], [76.0267226, 11.6852677], [76.0261223, 11.6856418], [76.0255948, 11.6856596], [76.02514, 11.6853211], [76.0246488, 11.6850539], [76.0245943, 11.6853924], [76.0248307, 11.6858555], [76.0252855, 11.6861762], [76.0250672, 11.6864256], [76.0247216, 11.6864434], [76.0241577, 11.6864078], [76.0238666, 11.6861049], [76.023903, 11.6858377], [76.0240485, 11.6849648], [76.0237575, 11.6843413], [76.0231026, 11.6840563], [76.0228297, 11.6843948], [76.023062, 11.6846844], [76.0232203, 11.6850799], [76.0232124, 11.6853435], [76.0229274, 11.6855451], [76.0228244, 11.6857312], [76.0226582, 11.6856304], [76.0224523, 11.685421], [76.022286, 11.6851031], [76.0217601, 11.685039]]}}, {"type": "Feature", "properties": {"id": 804403296, "name": "paathiri puzha"}, "geometry": {"type": "LineString", "coordinates": [[76.2046298, 11.6524667], [76.204619, 11.6525613], [76.2046325, 11.6526191], [76.2046968, 11.6526752], [76.204772, 11.6527356], [76.2048605, 11.6528381], [76.2049276, 11.6529458], [76.2049812, 11.6530299], [76.2050241, 11.6530955], [76.2050295, 11.6531744], [76.2050054, 11.6532768], [76.2049893, 11.6533504], [76.2049383, 11.6533898], [76.2048632, 11.6534039], [76.2048068, 11.6534407], [76.2047693, 11.6534801], [76.2047156, 11.6535931], [76.2046781, 11.6536588], [76.2046298, 11.6537455], [76.2045734, 11.6538269], [76.2045144, 11.6538795], [76.2044581, 11.6539031], [76.2044098, 11.6539688], [76.2043696, 11.6540266], [76.2043105, 11.6540739], [76.2043052, 11.6541095], [76.2042971, 11.6541515], [76.2042837, 11.6541962], [76.2043213, 11.6542356], [76.2043588, 11.6542382], [76.2044125, 11.6542356], [76.2044527, 11.654204], [76.2044876, 11.6541935], [76.2045412, 11.6541567], [76.2045761, 11.6541384], [76.2046486, 11.6541016], [76.204662, 11.6541305], [76.2046968, 11.6541725], [76.2047022, 11.6542145], [76.2046727, 11.6542802], [76.2046673, 11.6543065], [76.2046351, 11.654338], [76.2046351, 11.6543801], [76.2046566, 11.6544405], [76.2046459, 11.6545062], [76.2045654, 11.654656], [76.2045332, 11.654719], [76.2044742, 11.6547847], [76.2044339, 11.6548451], [76.2043883, 11.6548872], [76.2043213, 11.6549581], [76.2042757, 11.6550185], [76.2042408, 11.655086], [76.2042461, 11.6551385], [76.2042274, 11.6552121], [76.2041844, 11.6552147], [76.2041683, 11.6552883], [76.2041442, 11.6553566], [76.2041174, 11.655438], [76.2041093, 11.6554775], [76.2040745, 11.6555536], [76.2040584, 11.6556351], [76.2040745, 11.6557034], [76.204104, 11.655756], [76.2041442, 11.6558295], [76.2041818, 11.6558742], [76.2041818, 11.655953], [76.2042059, 11.6560266], [76.2042005, 11.6560739], [76.204171, 11.6561133], [76.2041066, 11.6561212], [76.2040423, 11.6561343], [76.2039993, 11.6561868], [76.2039376, 11.6563051], [76.2039054, 11.6563997], [76.2038813, 11.6564391], [76.2038933, 11.6564824], [76.203869, 11.656516], [76.2038236, 11.656535], [76.2037383, 11.6565792], [76.2036774, 11.6566171], [76.2036534, 11.656675], [76.2036331, 11.6567191], [76.2036429, 11.6568027], [76.2036699, 11.6568293], [76.2037354, 11.6568602], [76.2038256, 11.6569088], [76.2039068, 11.6569243], [76.2039677, 11.6569309], [76.2040534, 11.6569088], [76.2041459, 11.6569375], [76.2041685, 11.6569817], [76.2041662, 11.6570347], [76.204164, 11.6570988], [76.2041685, 11.6571629], [76.2041775, 11.6572557], [76.204164, 11.6573264], [76.2041459, 11.6574059], [76.2041053, 11.6574567], [76.2040399, 11.6575274], [76.2039993, 11.65757], [76.2039497, 11.6576407], [76.2039113, 11.6577489], [76.2038527, 11.6578218], [76.2038087, 11.6578461], [76.2037523, 11.6578925], [76.2036891, 11.6579036], [76.2036463, 11.6578815], [76.2036508, 11.6578284], [76.2036102, 11.6577776], [76.2035854, 11.6577467], [76.2035312, 11.6577158], [76.2034432, 11.6576826], [76.2033756, 11.657665], [76.2032673, 11.6576605], [76.203159, 11.6576672], [76.2030485, 11.6577224], [76.2029311, 11.6577843], [76.2028499, 11.6578527], [76.2027687, 11.6579433], [76.2027326, 11.6580052], [76.2026717, 11.6580737], [76.2026447, 11.658151], [76.2026424, 11.6582593], [76.2026604, 11.6583278], [76.2026537, 11.6583631], [76.2026673, 11.6584943], [76.2026831, 11.6585495], [76.2026515, 11.6585893], [76.2026064, 11.6586268], [76.2025523, 11.6586666], [76.2025229, 11.6586622], [76.2024801, 11.6586776], [76.2024372, 11.6586555], [76.2024011, 11.6586202], [76.2023357, 11.6585605], [76.2023131, 11.6585141], [76.202241, 11.6584722], [76.202162, 11.65847], [76.2021417, 11.6584678], [76.2021124, 11.6585186], [76.2021282, 11.6585495], [76.2021327, 11.6586136], [76.2020988, 11.6586578], [76.2020469, 11.6587042], [76.2019748, 11.6587395], [76.2019206, 11.6587638], [76.2018394, 11.6588279], [76.2017942, 11.6588553], [76.2017265, 11.6588973], [76.2016724, 11.6589326], [76.2016183, 11.6589658], [76.2015799, 11.6590254], [76.2015641, 11.6590895], [76.2015754, 11.6591646], [76.2016814, 11.659295], [76.2017265, 11.6593679], [76.2017536, 11.659443], [76.2017852, 11.659538], [76.2017717, 11.6596153], [76.2017491, 11.6596927], [76.2017356, 11.6597515], [76.2017807, 11.6598399], [76.201801, 11.6599327], [76.2017536, 11.6599702], [76.2016769, 11.6600365], [76.2016138, 11.6601006], [76.2015777, 11.6601602], [76.2015303, 11.6602574], [76.2014807, 11.6603458], [76.2014491, 11.6604408], [76.2013882, 11.6605292], [76.2012934, 11.6605866], [76.2012325, 11.6606264], [76.2011378, 11.6606441], [76.2010701, 11.660633], [76.2010205, 11.6606242], [76.2009708, 11.6606441], [76.2009099, 11.6606882], [76.2008874, 11.6607523], [76.2008761, 11.6608009], [76.2008603, 11.6608716], [76.2008558, 11.6609202], [76.200831, 11.6609534], [76.2007407, 11.661002], [76.2006279, 11.6610351], [76.2005354, 11.661002], [76.2004993, 11.6609534], [76.2005016, 11.6609092], [76.2005129, 11.6608473], [76.2004723, 11.6607987], [76.2004114, 11.6607457], [76.2003775, 11.6607015], [76.2003008, 11.6606308], [76.2002512, 11.6605446], [76.2001339, 11.6604872], [76.2000301, 11.660443], [76.1999625, 11.6604165], [76.1998677, 11.6604209], [76.199782, 11.6604121], [76.1997008, 11.6604386], [76.199615, 11.6604342], [76.1995429, 11.6604253], [76.1994571, 11.6604077], [76.199394, 11.6603591], [76.1993128, 11.660306], [76.1991639, 11.6602928], [76.1990951, 11.660308], [76.199024, 11.6603237], [76.1988977, 11.6604121], [76.1987668, 11.6605137], [76.1986044, 11.6606463], [76.1985052, 11.6607081], [76.1984465, 11.6607744], [76.1983518, 11.6608716], [76.1982931, 11.660907], [76.1981938, 11.6610351], [76.1981126, 11.6610705], [76.1980224, 11.6611721], [76.1979953, 11.6612826], [76.1979592, 11.6613798], [76.1979096, 11.6615256], [76.1978282, 11.6616165], [76.1977921, 11.6617624], [76.1977515, 11.661864], [76.1976387, 11.6620231], [76.1974627, 11.6621998], [76.197404, 11.6624207], [76.197377, 11.6625549], [76.1972687, 11.6626963], [76.1971875, 11.6627758], [76.1970792, 11.6628863], [76.1969529, 11.6629393], [76.1968594, 11.6629615], [76.1968657, 11.6629931], [76.1968198, 11.6631217], [76.1967632, 11.6632065], [76.1968265, 11.6633326], [76.1968762, 11.6634563], [76.1969303, 11.6635756], [76.1969438, 11.6636772], [76.1969168, 11.6637965], [76.1968581, 11.6638805], [76.1967814, 11.6640351], [76.1967273, 11.6641677], [76.1967363, 11.6642693], [76.1967498, 11.6643444], [76.1968311, 11.6643975], [76.1969168, 11.6644328], [76.196998, 11.6643312], [76.1970882, 11.6642516], [76.1971785, 11.6642649], [76.1972191, 11.6643002], [76.1972777, 11.6643842], [76.197368, 11.6644372], [76.1974131, 11.6645256], [76.1974266, 11.6646095], [76.1973228, 11.6646802], [76.1972506, 11.6647481], [76.1972552, 11.6648762], [76.1972822, 11.664969], [76.1972642, 11.6650839], [76.1972146, 11.6651767], [76.1972055, 11.6652606], [76.1971739, 11.6653269], [76.1971604, 11.6653976], [76.1971424, 11.6654594], [76.1971649, 11.6655611], [76.1971514, 11.6656892], [76.1971092, 11.6658095], [76.1971018, 11.6658306], [76.1970702, 11.6659366], [76.1970205, 11.6660736], [76.1969484, 11.6661885], [76.1968987, 11.6662459], [76.1968491, 11.6663432], [76.196804, 11.6664094], [76.1968356, 11.6664934], [76.1968581, 11.6665773], [76.1969032, 11.6666613], [76.1969213, 11.6667894], [76.1969574, 11.6668911], [76.1969168, 11.6669618], [76.1967859, 11.6669794], [76.1966731, 11.6669264], [76.1965468, 11.6668469], [76.1964521, 11.6668248], [76.1963593, 11.6669068], [76.1962961, 11.6670261], [76.196251, 11.6671763], [76.1961698, 11.6672824], [76.1960796, 11.6674326], [76.1959803, 11.6674989], [76.1959307, 11.6676094], [76.1958585, 11.6677596], [76.195854, 11.6678789], [76.1958065, 11.6679278], [76.1957682, 11.6679673], [76.1956645, 11.6679761], [76.1956103, 11.6680291], [76.1955066, 11.6680556], [76.1954118, 11.668091], [76.1953216, 11.6680954], [76.1952043, 11.6681219], [76.1950509, 11.6681749], [76.19492, 11.6682677], [76.1948524, 11.6683472], [76.1948253, 11.6684577], [76.1948849, 11.6685107], [76.1948713, 11.6685947], [76.1947676, 11.668577], [76.1947044, 11.6685461], [76.1946773, 11.6684886], [76.1946232, 11.6684665], [76.1945871, 11.6684445], [76.1945375, 11.6684135], [76.1945375, 11.6683649], [76.1945375, 11.6683119], [76.1945149, 11.6682191], [76.1944833, 11.668144], [76.1944472, 11.6680645], [76.1944562, 11.6680114], [76.1944427, 11.6679319], [76.1944247, 11.667901], [76.1944021, 11.6678612], [76.194357, 11.6678612], [76.1943164, 11.6679275], [76.1942036, 11.6679407], [76.1941404, 11.6679187], [76.1940457, 11.6679187], [76.1940908, 11.66787], [76.1940953, 11.6678082], [76.1940682, 11.6677463], [76.1939825, 11.6677773], [76.1939418, 11.6678809], [76.1939464, 11.6680267], [76.1938877, 11.6681593], [76.1939644, 11.668283], [76.1939824, 11.6684686], [76.1938742, 11.6685702], [76.1937253, 11.6686232], [76.1935989, 11.6685702], [76.1935222, 11.6686055], [76.1933192, 11.6686541], [76.1931523, 11.6686541], [76.1928771, 11.6686939], [76.1927552, 11.6687646], [76.1926695, 11.6688751], [76.1924439, 11.6690783], [76.1921687, 11.6691932], [76.1920198, 11.6692241], [76.1918123, 11.6692418], [76.1916318, 11.6691976], [76.1914153, 11.6691623], [76.191113, 11.6692109], [76.1908603, 11.6692418], [76.1906347, 11.6692904], [76.1904182, 11.6693699], [76.1902557, 11.6694185], [76.1900888, 11.6694539], [76.1898542, 11.6694716]]}}, {"type": "Feature", "properties": {"id": 815185486, "name": "Puzhamoola thodu"}, "geometry": {"type": "LineString", "coordinates": [[76.1130388, 11.5594228], [76.1129809, 11.5594284], [76.1129241, 11.5594764], [76.1128906, 11.559532], [76.1129602, 11.5595471], [76.1130712, 11.5595952], [76.1131279, 11.5596811], [76.1131124, 11.5597418], [76.1130634, 11.5597519], [76.1129525, 11.5597316], [76.1128442, 11.5597114], [76.1127338, 11.5597116], [76.1125374, 11.5597019], [76.1124391, 11.5597236], [76.11239, 11.5597501], [76.1123777, 11.5598054], [76.1123434, 11.5598968], [76.1122599, 11.5599738], [76.1121248, 11.5600773], [76.1120427, 11.5600875], [76.1120094, 11.5600917], [76.1119333, 11.5600917], [76.11184, 11.5600941], [76.1117687, 11.5601374], [76.1117663, 11.5601879], [76.1116803, 11.5602481], [76.1114962, 11.5603106], [76.1112727, 11.5603563], [76.1111556, 11.5604412], [76.1109249, 11.560478], [76.1105763, 11.5605069], [76.1102678, 11.5605279], [76.1100988, 11.560662], [76.1099835, 11.5608328], [76.1098172, 11.5609694], [76.1096536, 11.5610535], [76.1094098, 11.5610273], [76.1090771, 11.5612325], [76.1086827, 11.5616008], [76.1083191, 11.5616853], [76.1079124, 11.5617698], [76.1077707, 11.5621321], [76.1075119, 11.5624399], [76.1071792, 11.5625426], [76.1068649, 11.562609], [76.1064855, 11.5629311]]}}, {"type": "Feature", "properties": {"id": 815185487, "name": "unnamed"}, "geometry": {"type": "LineString", "coordinates": [[76.137154, 11.5872079], [76.1375117, 11.5874099], [76.1377913, 11.5876496], [76.1379824, 11.5878174], [76.1382003, 11.5879886], [76.1382958, 11.5880479], [76.1383913, 11.5881073], [76.138523, 11.5882335], [76.1386092, 11.5883161], [76.1386978, 11.5884131], [76.1387444, 11.588525], [76.1387618, 11.5885946]]}}, {"type": "Feature", "properties": {"id": 815185491, "name": "unnamed"}, "geometry": {"type": "LineString", "coordinates": [[76.1068007, 11.6346305], [76.1065175, 11.6350287], [76.1065577, 11.6352382], [76.1065148, 11.6353502], [76.1064799, 11.6356502], [76.1064339, 11.636017], [76.1064291, 11.6362331], [76.1064418, 11.6363637], [76.1064371, 11.636485], [76.1064149, 11.6365736], [76.1063758, 11.636631], [76.1063709, 11.6366868], [76.1064296, 11.6367283], [76.1064735, 11.6367682], [76.1064914, 11.6368208], [76.1064686, 11.6368878], [76.1064377, 11.6369372], [76.1064198, 11.637017], [76.1064279, 11.6370951], [76.1064377, 11.6371988], [76.1064719, 11.6373152], [76.1065045, 11.6373663], [76.1066136, 11.6374651], [76.1066575, 11.6375305], [76.106721, 11.6376055], [76.1068415, 11.637631], [76.1069702, 11.6376836], [76.1070711, 11.6377363], [76.1071477, 11.6377969], [76.1072486, 11.6378814], [76.1073561, 11.6379053], [76.1074033, 11.6379516], [76.1074212, 11.6380042], [76.1074538, 11.6380935], [76.1074636, 11.6382147], [76.1074668, 11.6382897], [76.1074766, 11.6384157], [76.1074628, 11.6385195]]}}, {"type": "Feature", "properties": {"id": 815185493, "name": "unnamed"}, "geometry": {"type": "LineString", "coordinates": [[76.1044703, 11.63796], [76.1045416, 11.6380557], [76.1045639, 11.6381234], [76.1045965, 11.6382111], [76.1046453, 11.638245], [76.1047451, 11.6382729], [76.1048814, 11.6382908], [76.1050035, 11.6382849], [76.1051622, 11.638251], [76.1052701, 11.638247], [76.1054329, 11.6383207], [76.1055835, 11.6383646], [76.1057318, 11.6383684], [76.1059192, 11.6384403]]}}, {"type": "Feature", "properties": {"id": 815194184, "name": "unnamed"}, "geometry": {"type": "LineString", "coordinates": [[76.1820879, 11.628842], [76.1819296, 11.6285444], [76.1818674, 11.6283547], [76.1818702, 11.628226], [76.1819381, 11.6280031], [76.181931, 11.6279727], [76.1818745, 11.6279367], [76.1817755, 11.6278841], [76.1815861, 11.6277359], [76.181531, 11.6276557], [76.1814222, 11.6275006], [76.1812879, 11.6273871], [76.1810915, 11.6272777]]}}, {"type": "Feature", "properties": {"id": 815194189, "name": "padarikunnu thodu"}, "geometry": {"type": "LineString", "coordinates": [[76.1204684, 11.6906895], [76.1205328, 11.6909311], [76.1205543, 11.6910782], [76.1206079, 11.691178], [76.1207152, 11.6912253], [76.1207635, 11.6912989], [76.1207903, 11.6915247], [76.1209566, 11.6916456], [76.1210961, 11.6918084], [76.1211068, 11.6919713], [76.1211108, 11.6920855], [76.1212432, 11.6921537], [76.1214361, 11.6922152], [76.1215987, 11.692288], [76.121752, 11.6923153], [76.1218938, 11.692404], [76.122075, 11.6924882], [76.1220866, 11.6925314], [76.1220355, 11.6927931], [76.1219193, 11.6930843], [76.1217265, 11.6935461], [76.1216266, 11.6938988]]}}, {"type": "Feature", "properties": {"id": 815194191, "name": "unnamed"}, "geometry": {"type": "LineString", "coordinates": [[76.1216266, 11.6938988], [76.1215694, 11.6941379], [76.1215383, 11.6942596], [76.1215284, 11.6943801], [76.1215849, 11.6945748], [76.1215906, 11.6945946], [76.1216047, 11.6946624], [76.1216415, 11.6947357], [76.1217079, 11.6948132], [76.1218167, 11.6949738], [76.1218942, 11.6956553], [76.1215216, 11.6967622], [76.1215488, 11.697045], [76.1215823, 11.6973922], [76.1217456, 11.6978698]]}}, {"type": "Feature", "properties": {"id": 815327473, "name": "padavayal-padikolly thod"}, "geometry": {"type": "LineString", "coordinates": [[76.2040545, 11.6703204], [76.2040587, 11.6702844], [76.2039776, 11.669821], [76.2038994, 11.6698203], [76.2038394, 11.6698075], [76.2036896, 11.6697624], [76.2035732, 11.6697209], [76.2035425, 11.6697138], [76.203363, 11.6696617], [76.2032908, 11.6695795], [76.2032403, 11.6695115], [76.2032193, 11.6693904], [76.2030583, 11.6692755], [76.2028536, 11.6691593], [76.2026252, 11.6690457], [76.2024716, 11.6689931], [76.2023693, 11.6689809], [76.2022832, 11.6689882], [76.2021534, 11.6690151], [76.2020622, 11.6690444], [76.2020111, 11.6690432], [76.2019399, 11.6690237], [76.2018937, 11.668976], [76.2018326, 11.6689075], [76.2016328, 11.6686674], [76.2012612, 11.6685104], [76.2011168, 11.6683018], [76.2009833, 11.668111], [76.2009003, 11.6680368], [76.2009111, 11.6679838], [76.2007956, 11.6677929], [76.2007812, 11.6676622], [76.2006766, 11.6676728], [76.2005502, 11.6675208], [76.200377, 11.6673852], [76.200034, 11.6671289], [76.199797, 11.6671412], [76.1994073, 11.6670423], [76.1991791, 11.6668924], [76.1989388, 11.6667148], [76.1989384, 11.6666758]]}}, {"type": "Feature", "properties": {"id": 816095372, "name": "Karapuzha"}, "geometry": {"type": "LineString", "coordinates": [[76.1505989, 11.6561236], [76.1507076, 11.6559775], [76.1507923, 11.6558991], [76.1509803, 11.6556564], [76.1510263, 11.6554345], [76.1510581, 11.6551711], [76.1511148, 11.655029], [76.151274, 11.654925], [76.1516244, 11.655022], [76.1519783, 11.6551399], [76.1521163, 11.6551122], [76.1521694, 11.6549284], [76.1521659, 11.6546927], [76.1521022, 11.654516], [76.1519748, 11.6544674], [76.1516492, 11.6543877], [76.1515359, 11.6542976], [76.1515076, 11.6542109], [76.1515218, 11.6540896], [76.1514474, 11.6539648], [76.1510971, 11.6536875], [76.1508316, 11.6534692], [76.1507608, 11.6532265], [76.1507608, 11.653022], [76.1507998, 11.6529492], [76.1509201, 11.6529874], [76.1509626, 11.6529388], [76.1509166, 11.6528002], [76.1508812, 11.6527066], [76.1510298, 11.6526927], [76.1511962, 11.6527551], [76.1513377, 11.6528834], [76.1515925, 11.6529492], [76.1518014, 11.6530116], [76.1520208, 11.652821], [76.1522331, 11.6526685], [76.1522968, 11.6525541], [76.1522402, 11.652457], [76.1521128, 11.6523634], [76.1518283, 11.6516155]]}}, {"type": "Feature", "properties": {"id": 816105520, "name": "unnamed"}, "geometry": {"type": "LineString", "coordinates": [[76.0856482, 11.6529856], [76.0858616, 11.6529682], [76.0860246, 11.6529363], [76.0862498, 11.6529421], [76.0866766, 11.6529682], [76.0868752, 11.6529537], [76.0870344, 11.6529547], [76.0874361, 11.6528541], [76.0879404, 11.6529273], [76.0880992, 11.652909], [76.0884635, 11.6530736], [76.0887566, 11.6530941]]}}, {"type": "Feature", "properties": {"id": 816105521, "name": "muranikkara Thodu"}, "geometry": {"type": "LineString", "coordinates": [[76.0888687, 11.653102], [76.0889865, 11.6531102], [76.0899579, 11.6532474], [76.0902567, 11.6534487], [76.0903221, 11.6537688], [76.091391, 11.6538276], [76.0920562, 11.6539327], [76.0926892, 11.654001], [76.0934932, 11.6536643], [76.0951184, 11.6528684], [76.0960804, 11.6523653], [76.096251, 11.6522466]]}}, {"type": "Feature", "properties": {"id": 816105522, "name": "unnamed"}, "geometry": {"type": "LineString", "coordinates": [[76.0887566, 11.6530941], [76.0888687, 11.653102]]}}, {"type": "Feature", "properties": {"id": 816105523, "name": "Vellampadi Thodu"}, "geometry": {"type": "LineString", "coordinates": [[76.093437, 11.6508306], [76.0936211, 11.6507856], [76.0944244, 11.6506538], [76.0949608, 11.6504729]]}}, {"type": "Feature", "properties": {"id": 816135843, "name": "unnamed"}, "geometry": {"type": "LineString", "coordinates": [[76.1323469, 11.6341254], [76.1320661, 11.6342727], [76.131867, 11.6345023], [76.131668, 11.6346193], [76.1314778, 11.634654], [76.1312345, 11.6345673], [76.1310664, 11.6345348], [76.1309381, 11.6345933], [76.1307833, 11.6346626], [76.1306373, 11.6346865], [76.1304759, 11.6346041], [76.1303216, 11.6346275], [76.1301765, 11.6346862], [76.1298354, 11.6348284], [76.1296949, 11.6347991], [76.1295797, 11.6347268], [76.1294391, 11.6345779], [76.1293654, 11.6345734], [76.1292824, 11.6346162], [76.1291465, 11.6346862], [76.1290405, 11.6347923], [76.1289829, 11.6348668], [76.1289806, 11.6349796]]}}, {"type": "Feature", "properties": {"id": 816135844, "name": "Thoomulli Thodu"}, "geometry": {"type": "LineString", "coordinates": [[76.1167722, 11.6393198], [76.1168597, 11.6393895], [76.1169023, 11.6394492], [76.116941, 11.6394672], [76.1169979, 11.6394592], [76.117128, 11.6394731], [76.1172459, 11.639511], [76.1173882, 11.6395548], [76.1174105, 11.6396583], [76.1174715, 11.6397001], [76.1175284, 11.639714], [76.1176057, 11.6397379], [76.1176656, 11.6397614], [76.1177053, 11.6397519], [76.1177544, 11.6397775], [76.1177987, 11.6397868], [76.1178319, 11.6398085], [76.1178446, 11.6398216], [76.1178593, 11.6398514], [76.1179146, 11.6398753], [76.1180065, 11.6398727], [76.1180917, 11.6398335], [76.1181658, 11.6397783], [76.1182514, 11.639806], [76.1183533, 11.6399005], [76.1185126, 11.6399455], [76.1187143, 11.6398901], [76.1187589, 11.6398996], [76.1188771, 11.6399247], [76.1189936, 11.6399279], [76.1190874, 11.6398938], [76.1191733, 11.6399122], [76.1193101, 11.6399148], [76.1193986, 11.6398255], [76.1194603, 11.6396994], [76.1195434, 11.6396101], [76.1196131, 11.639589], [76.1196775, 11.6396521], [76.119707, 11.6397388], [76.1197741, 11.6398018], [76.1198438, 11.6398806], [76.1199592, 11.639878], [76.120171, 11.6398334], [76.1202474, 11.6398601]]}}, {"type": "Feature", "properties": {"id": 816135845, "name": "Varadoor Puzha"}, "geometry": {"type": "LineString", "coordinates": [[76.1202474, 11.6398601], [76.120346, 11.640023], [76.1204877, 11.6403369], [76.1204754, 11.6406386], [76.1204631, 11.6408197], [76.1205678, 11.6410611], [76.1206048, 11.6412663], [76.1206418, 11.6414775], [76.1205863, 11.6416345], [76.1203891, 11.641719], [76.1203398, 11.6418698], [76.1203891, 11.6419905], [76.1205062, 11.6420509], [76.1206726, 11.642075], [76.120802, 11.642232], [76.1209314, 11.6423828], [76.1209437, 11.6424915], [76.1208636, 11.6426182], [76.1207589, 11.6427872], [76.1205165, 11.6432519], [76.1205, 11.6433847], [76.1208143, 11.6435175], [76.1210115, 11.6436442], [76.121221, 11.6436623], [76.1213689, 11.6437891], [76.1213319, 11.6440969], [76.1210793, 11.6445073], [76.120346, 11.6453643], [76.119558, 11.6461775], [76.1192897, 11.6462093], [76.118753, 11.646066], [76.118379, 11.6461695], [76.118379, 11.646496], [76.1186717, 11.6468544], [76.1187551, 11.6470666], [76.1187937, 11.647165], [76.1187227, 11.6474641], [76.1187069, 11.6477001], [76.1185781, 11.6483516], [76.1182562, 11.6484672], [76.1179237, 11.648835], [76.1163572, 11.6510941], [76.1154238, 11.6531957], [76.1147586, 11.6534374], [76.1145119, 11.6537316], [76.1135034, 11.6539627], [76.1131493, 11.6541519], [76.1122481, 11.6550555], [76.1112503, 11.6547929], [76.1111936, 11.6548238], [76.1107675, 11.6550555], [76.1105744, 11.6556335], [76.1103276, 11.6559277], [76.1104349, 11.6562429], [76.1102525, 11.6565056], [76.1092118, 11.6560538], [76.1090294, 11.6564636], [76.1086861, 11.657115], [76.108096, 11.6573567], [76.1079244, 11.6582814], [76.1083535, 11.6590904], [76.1092118, 11.6589433], [76.109405, 11.6591115], [76.1094157, 11.6596894], [76.1093299, 11.6603513], [76.1095015, 11.6609608], [76.1095516, 11.6612321], [76.1095334, 11.6615033], [76.1095386, 11.6616728], [76.1095794, 11.6617599], [76.1096585, 11.6618497], [76.109698, 11.6619568], [76.1096868, 11.6620502], [76.1096024, 11.6621085], [76.1095448, 11.6621369], [76.109523, 11.6622322], [76.1092333, 11.6625894], [76.1091495, 11.6627348], [76.1090849, 11.6628864], [76.1090685, 11.6629789], [76.109108, 11.6631063], [76.1091361, 11.6632182], [76.1091458, 11.6633175], [76.1091582, 11.6633998], [76.1093728, 11.6642075], [76.1091475, 11.6647014], [76.1088685, 11.664922], [76.108611, 11.6654054], [76.1082248, 11.6665506], [76.1078707, 11.6670865], [76.1076132, 11.6670445], [76.1072377, 11.6672967], [76.106594, 11.6684945], [76.1066086, 11.6686276], [76.1065547, 11.6688436], [76.1065188, 11.6689224], [76.1064894, 11.668969], [76.1064471, 11.6689933], [76.1063856, 11.668994], [76.1063307, 11.6689708], [76.106302, 11.6688914], [76.1062762, 11.6687912], [76.1061885, 11.6686517], [76.1061201, 11.6685422], [76.1060193, 11.6684549], [76.1058909, 11.6684225], [76.1057827, 11.6684287], [76.1056713, 11.668505], [76.1055634, 11.6686787], [76.1054752, 11.6687942], [76.1054246, 11.6689046], [76.1054131, 11.6690309], [76.1053365, 11.6691965], [76.1052868, 11.6693654], [76.1052816, 11.6694594], [76.1052958, 11.6695662], [76.1052935, 11.6696409], [76.1052684, 11.6697539], [76.1052401, 11.6698663], [76.1052358, 11.6699417], [76.1052542, 11.6700155], [76.1052906, 11.6700851], [76.1053675, 11.6701582], [76.1054385, 11.6701692], [76.1055241, 11.6701595], [76.1056139, 11.6701632], [76.1057321, 11.6702066], [76.1057439, 11.6702282], [76.1057411, 11.6703631], [76.1057147, 11.6704414], [76.1056925, 11.6705236], [76.1056867, 11.6706057], [76.1056823, 11.6706873], [76.1056876, 11.6707753], [76.1057129, 11.6708544], [76.1057545, 11.6709334], [76.1057987, 11.6709959], [76.1058574, 11.6710366], [76.1059113, 11.6710774], [76.1059876, 11.6711554], [76.1060358, 11.6712137], [76.1061007, 11.671311], [76.1061581, 11.6714747], [76.106182, 11.6715789], [76.1061993, 11.6716927], [76.1062338, 11.6718411], [76.1063048, 11.6720189], [76.1063644, 11.6721489], [76.106471, 11.6723208], [76.1065521, 11.6724244], [76.1065975, 11.672465], [76.1066575, 11.672547], [76.1066648, 11.6726043], [76.1066525, 11.6726616], [76.1066336, 11.6727221], [76.1065855, 11.6727587], [76.106526, 11.6727825], [76.1064636, 11.6728055], [76.106408, 11.6728266], [76.1063589, 11.6728701], [76.1063042, 11.6729009], [76.106241, 11.6729068], [76.1061687, 11.6728827], [76.1061241, 11.6728441], [76.1061015, 11.6727669], [76.1060609, 11.672639], [76.1059902, 11.6725288], [76.1059275, 11.6724474], [76.1058793, 11.67235], [76.105821, 11.6722534], [76.1057283, 11.6721573], [76.1055517, 11.6720295], [76.1053946, 11.6719639], [76.1051796, 11.6719529], [76.1050086, 11.6719498], [76.104721, 11.6719611], [76.1045105, 11.6719491], [76.1043417, 11.6719448], [76.1041371, 11.6719723], [76.1040471, 11.6719846], [76.103924, 11.6720465], [76.1038709, 11.6720894], [76.1038112, 11.6721498], [76.103779, 11.6722287], [76.1037255, 11.6727143], [76.1037032, 11.6728456], [76.1036972, 11.6729705], [76.1036882, 11.6730326], [76.1036674, 11.6731004], [76.1036457, 11.6731438], [76.1035929, 11.6731872], [76.1035196, 11.6731936], [76.1033959, 11.6731792], [76.1032545, 11.6731676], [76.1031203, 11.6731554], [76.10298, 11.6731525], [76.1028349, 11.6731575], [76.1027005, 11.6731711], [76.1025937, 11.6731815], [76.1025114, 11.6731976], [76.1024352, 11.6732471], [76.1023922, 11.6733053], [76.102372, 11.6733907], [76.10235, 11.6734914], [76.1023438, 11.6735577], [76.1023505, 11.6736451], [76.1023947, 11.6737309], [76.1024468, 11.6738455], [76.1025478, 11.6739555], [76.1026683, 11.6740376], [76.1027953, 11.6741265], [76.1028523, 11.6741629], [76.1028897, 11.6741994], [76.1029069, 11.674308], [76.102909, 11.6744596], [76.1029101, 11.6745705], [76.1028671, 11.6746973], [76.1028318, 11.6748083], [76.102788, 11.6748798], [76.1027638, 11.6749353], [76.1027397, 11.6750235], [76.1027341, 11.6751219], [76.102759, 11.6751934], [76.1027986, 11.6752665], [76.1028865, 11.6753546], [76.1030428, 11.6754396], [76.1031155, 11.6755063], [76.1031583, 11.6755987], [76.1031667, 11.6756688], [76.1031719, 11.6757803], [76.1031508, 11.6758955], [76.1031272, 11.6759834], [76.1030939, 11.6760267], [76.1030521, 11.6760311], [76.1029759, 11.6760205], [76.1029019, 11.6760057], [76.1028166, 11.6759956], [76.1026991, 11.6759836], [76.1026142, 11.6760062], [76.1025197, 11.6759921], [76.1023976, 11.6759419], [76.1023267, 11.6758977], [76.1022396, 11.6758328], [76.1021416, 11.6757719], [76.1020861, 11.6757319], [76.1020225, 11.6757805], [76.1019198, 11.6758004], [76.101807, 11.6758794], [76.1017343, 11.6759316], [76.1016621, 11.6759617], [76.1016258, 11.6760509], [76.101597, 11.6761364], [76.1016249, 11.6762781], [76.1016421, 11.6763696], [76.1016349, 11.6764421], [76.1015878, 11.6765008], [76.1015447, 11.6765732], [76.1015358, 11.6766536], [76.1015301, 11.6767109], [76.1015456, 11.6767905], [76.1016081, 11.6768421], [76.1016622, 11.6768678], [76.1017218, 11.6768624], [76.1017781, 11.6768346], [76.1019002, 11.6767547], [76.1020248, 11.6766828], [76.1021201, 11.6766269], [76.1022228, 11.6765489], [76.1023767, 11.6764541], [76.1024684, 11.6764195], [76.10256, 11.6764167], [76.1026539, 11.6764635], [76.1027578, 11.6765603], [76.1028389, 11.6766794], [76.10315, 11.6773623], [76.1032483, 11.6774956], [76.1033301, 11.6776397], [76.1033736, 11.6777443], [76.1033977, 11.677857], [76.1034191, 11.6779656], [76.103446, 11.6780904], [76.1034739, 11.678183], [76.1035086, 11.6783174], [76.1035808, 11.6785025], [76.1036231, 11.6786648], [76.1036278, 11.6787896], [76.1036245, 11.6788805], [76.1035899, 11.6789594], [76.1035464, 11.6790049], [76.1034836, 11.6790288], [76.1034049, 11.6790307], [76.1033247, 11.6790318], [76.1032361, 11.6790231], [76.1031067, 11.6789739], [76.1029154, 11.6788801], [76.1025354, 11.6786897], [76.102428, 11.6786392], [76.1022516, 11.6785684], [76.1020064, 11.6785078], [76.1018304, 11.6784866], [76.1011759, 11.6786231], [76.100661, 11.6788543], [76.1004893, 11.6791275], [76.1002103, 11.6801676], [76.1001884, 11.6803151], [76.1001245, 11.6807455], [76.100146, 11.6812813], [76.100382, 11.6816386], [76.1010043, 11.6817857], [76.10145, 11.6816986], [76.101624, 11.6816677], [76.1017638, 11.6816337], [76.1018969, 11.6816294], [76.102036, 11.6816528], [76.1021334, 11.6817029], [76.1022503, 11.6817657], [76.1023539, 11.6818627], [76.1024102, 11.6819544], [76.1024408, 11.6819995], [76.1024518, 11.6820573], [76.1024357, 11.6821212], [76.1023824, 11.682195], [76.102194, 11.6822974], [76.1020428, 11.6823408], [76.1019363, 11.6823721], [76.1018119, 11.6823459], [76.1016832, 11.682302], [76.1015281, 11.6822645], [76.101304, 11.682257], [76.1011643, 11.6822373], [76.1010097, 11.6822705], [76.1008666, 11.6823404], [76.1006609, 11.682399], [76.1004357, 11.6824896], [76.1002854, 11.6827838], [76.1000172, 11.6834352], [76.0998456, 11.6835928], [76.0994057, 11.6836243], [76.0990624, 11.6833091], [76.0987834, 11.6835192], [76.0983328, 11.6841706], [76.0979466, 11.6847275], [76.0980217, 11.6851057], [76.0984723, 11.6850637], [76.098998, 11.684696], [76.0991414, 11.6845184], [76.0991911, 11.6843598], [76.0992221, 11.6842558], [76.0992637, 11.684213], [76.0993108, 11.6841729], [76.0993862, 11.6841294], [76.099456, 11.6841211], [76.0995569, 11.6841214], [76.0996167, 11.6841334], [76.0996737, 11.6841617], [76.0997301, 11.6842257], [76.0997809, 11.6843059], [76.0998563, 11.6844858], [76.1000029, 11.6847474], [76.1001046, 11.6850603], [76.1000972, 11.6851427], [76.1000649, 11.6852277], [76.0999959, 11.6853169], [76.0998807, 11.6854248], [76.0997983, 11.6855044], [76.0996983, 11.6856066], [76.0996566, 11.685638], [76.0996317, 11.6856501], [76.099497, 11.6857079], [76.0993801, 11.6857575], [76.0992814, 11.6857877], [76.0992355, 11.6858035], [76.099212, 11.6858172], [76.0991753, 11.6858419], [76.0991444, 11.6858704], [76.0991049, 11.6859168], [76.0990822, 11.6859442], [76.0990665, 11.6859762], [76.0990457, 11.6860448], [76.0990266, 11.6861041], [76.0990157, 11.6861565], [76.0990116, 11.6862033], [76.0990145, 11.686241], [76.0990768, 11.6863673], [76.0991641, 11.6864253], [76.0992941, 11.6865228], [76.0993884, 11.6866098], [76.0994486, 11.6866581], [76.0995161, 11.6867174], [76.0995727, 11.6867789], [76.0996237, 11.6868591], [76.0996781, 11.6869472], [76.0997312, 11.6870455], [76.0997789, 11.6871968], [76.099885, 11.6874948], [76.0999129, 11.6875919], [76.0999496, 11.6876617], [76.0999825, 11.6877507], [76.1000039, 11.6878208], [76.1000195, 11.6878989], [76.1000028, 11.687965], [76.0999699, 11.6880471], [76.0999308, 11.688108], [76.0998771, 11.6881576], [76.0996914, 11.6882838], [76.0995283, 11.6882596], [76.0994369, 11.6882547], [76.0993505, 11.6882483], [76.0992547, 11.6882349], [76.099154, 11.6882359], [76.0990727, 11.6882425], [76.0990051, 11.6882641], [76.098929, 11.68831], [76.0988909, 11.6883335], [76.0988625, 11.6883698], [76.0988179, 11.68841], [76.0987824, 11.6884626], [76.098768, 11.6885335], [76.0987868, 11.6886471], [76.0987816, 11.6887429], [76.0987405, 11.6889616], [76.0985259, 11.6894133], [76.098483, 11.6897075], [76.098591, 11.6898314], [76.0988585, 11.6901383], [76.0990278, 11.6902596], [76.0996023, 11.6905515], [76.0996674, 11.6907714], [76.0996335, 11.6909752], [76.0992164, 11.6914935], [76.0989229, 11.6916512], [76.0988178, 11.6918931], [76.0988478, 11.6920819], [76.0989859, 11.6922978], [76.0992545, 11.6923955], [76.099488, 11.6925921], [76.0995337, 11.692781], [76.0994621, 11.6929586], [76.0993199, 11.6929434], [76.0990493, 11.6928465], [76.0987941, 11.6928594], [76.0987405, 11.693038], [76.0988585, 11.6934898], [76.0988263, 11.6940466], [76.0985581, 11.6945509], [76.0986976, 11.6948241], [76.0992984, 11.6950027], [76.1002103, 11.6952968], [76.100399, 11.6955978], [76.1005859, 11.6958957], [76.100382, 11.6961058], [76.0998992, 11.6961478], [76.0996203, 11.6965576], [76.0994486, 11.6970724], [76.0990087, 11.6969568], [76.0985903, 11.6968097], [76.0981933, 11.6968622], [76.0977642, 11.6971669], [76.0977964, 11.6975871], [76.0980217, 11.6980179], [76.0984007, 11.698282], [76.0985796, 11.6984066], [76.0987834, 11.6985852], [76.098365, 11.699037], [76.0983221, 11.6994152], [76.098601, 11.699951], [76.0982899, 11.7005708], [76.0983864, 11.7008545], [76.0988907, 11.7009385], [76.0990516, 11.7011907], [76.0997597, 11.7013588], [76.0997705, 11.7016004], [76.099867, 11.7023568], [76.0999207, 11.7029977], [76.0997545, 11.7030853], [76.0993628, 11.7032919], [76.0991267, 11.7037436], [76.0987512, 11.7043739], [76.0987727, 11.7049097], [76.0986225, 11.7055821], [76.0986439, 11.7058973], [76.0989443, 11.7063385], [76.0995452, 11.7068743], [76.0994593, 11.7073996], [76.0989443, 11.7078093], [76.0987298, 11.7081035], [76.0987298, 11.7083979], [76.0987298, 11.7085972], [76.099116, 11.7088914], [76.0997555, 11.7090174], [76.0999657, 11.709423], [76.0999314, 11.7100995], [76.0998692, 11.7105092], [76.0997126, 11.710734], [76.0996096, 11.7110902], [76.0997254, 11.7112346], [76.0999529, 11.7112446], [76.1005215, 11.7112656], [76.1012725, 11.7116228], [76.10153, 11.71198], [76.1014763, 11.7125788], [76.1016136, 11.7128835], [76.1017231, 11.7131041], [76.101648, 11.7138395], [76.1019484, 11.7141967], [76.1022072, 11.7145007], [76.1023776, 11.7147009], [76.1028175, 11.7151526], [76.102914, 11.7155413], [76.1028926, 11.7165498], [76.102517, 11.7171276], [76.1016266, 11.7176739], [76.1007897, 11.7184303], [76.100669, 11.7187437], [76.1005429, 11.7190711], [76.1008112, 11.7196489], [76.1015515, 11.7203422], [76.1015729, 11.720794], [76.1011116, 11.7212037], [76.1010365, 11.7215818], [76.1012618, 11.7219495], [76.101648, 11.7222962], [76.1017017, 11.7230736], [76.1011867, 11.7235253], [76.1010706, 11.7235425], [76.1008326, 11.7235778], [76.1002211, 11.7236408], [76.1000065, 11.7230736], [76.0996739, 11.7228845], [76.099352, 11.7230631], [76.0990945, 11.7233992], [76.0990731, 11.7240715], [76.0988907, 11.7243447], [76.0986332, 11.7246913], [76.0985604, 11.724982], [76.0987405, 11.726141], [76.0985474, 11.7266978], [76.0983006, 11.72716], [76.0979787, 11.7273596], [76.0973779, 11.72716], [76.0970775, 11.7273386], [76.0970775, 11.7276852], [76.0972706, 11.7286097], [76.0974638, 11.7294816], [76.0974423, 11.7297232], [76.0972921, 11.7299228], [76.0967557, 11.7298072], [76.0962943, 11.729324], [76.0958223, 11.7290299], [76.0955111, 11.7294185], [76.0952965, 11.7299333], [76.0952107, 11.7303955], [76.0954146, 11.7311308], [76.0953609, 11.731614], [76.0948888, 11.7316455], [76.0941056, 11.7313619], [76.0936121, 11.7311308], [76.0935177, 11.7312233], [76.0933546, 11.7313829], [76.0933868, 11.7316666], [76.093816, 11.7321603], [76.094052, 11.7325174], [76.0939769, 11.7328851], [76.0936014, 11.7335259], [76.0932581, 11.7334629], [76.0930971, 11.7329166], [76.0925392, 11.7322653], [76.0922817, 11.7323914], [76.0918311, 11.7329691], [76.0915844, 11.7330952], [76.0911659, 11.7330112], [76.0911767, 11.7332633], [76.0913912, 11.7336099], [76.0921315, 11.733862], [76.0925392, 11.7343662], [76.092537, 11.7344467], [76.0925285, 11.7347654], [76.0921101, 11.7352381], [76.091874, 11.7355323], [76.0915629, 11.7357003], [76.0908655, 11.7354062], [76.0903827, 11.7354902], [76.0898517, 11.73611], [76.089798, 11.7364987], [76.0897122, 11.7367928], [76.0892616, 11.7369924], [76.0887895, 11.7368978], [76.0882746, 11.7367823], [76.0880492, 11.7370974], [76.0877918, 11.7370764], [76.0874806, 11.7366878], [76.087266, 11.7367613], [76.0872553, 11.7371815], [76.0874055, 11.7376017], [76.0876952, 11.7379693], [76.0876415, 11.7382214], [76.0871158, 11.7380849], [76.0865472, 11.7378328], [76.0860966, 11.7377067], [76.0859464, 11.7375071], [76.0857104, 11.7369084], [76.0852597, 11.7367823], [76.0851417, 11.7365092], [76.0850559, 11.7359945], [76.0847394, 11.7357739], [76.0843907, 11.736047], [76.0840903, 11.7365932], [76.0838006, 11.7366457], [76.0835002, 11.7365197], [76.0834144, 11.7367298], [76.083747, 11.737192], [76.0840045, 11.7373075], [76.0843907, 11.7378643], [76.08438, 11.7382109], [76.0840581, 11.7384735], [76.0837899, 11.738358], [76.0836933, 11.7380008], [76.0833822, 11.7377172], [76.0831569, 11.7374861], [76.0822986, 11.7374966], [76.082202, 11.7368768], [76.0820685, 11.7366155], [76.0820196, 11.7365197], [76.0817729, 11.7364882], [76.0812901, 11.7369084], [76.0806893, 11.7374441], [76.080421, 11.7378222], [76.0798631, 11.7379273], [76.0797666, 11.7380533], [76.0802708, 11.7388412], [76.0806785, 11.7387782], [76.0808824, 11.7385365], [76.0812472, 11.7383895], [76.0816656, 11.7385576], [76.0817407, 11.7390303], [76.0815798, 11.739713], [76.081569, 11.7401122], [76.0810862, 11.740837], [76.0806539, 11.7411944], [76.0803996, 11.7413412], [76.0800026, 11.7414673], [76.0796271, 11.7412467], [76.0791872, 11.7408055], [76.0789834, 11.7404484], [76.0790048, 11.7401122], [76.0793911, 11.7396605], [76.0792838, 11.739524], [76.0791121, 11.7394189], [76.0786508, 11.739503], [76.0780178, 11.7395135], [76.0777925, 11.739608], [76.0774599, 11.7400597], [76.0773311, 11.7405639], [76.0775135, 11.7410051], [76.077535, 11.7417404], [76.0773955, 11.7425912], [76.0771487, 11.7429589], [76.0766874, 11.743148], [76.0762475, 11.7429694], [76.0760115, 11.7426648], [76.0757218, 11.7425912], [76.0755823, 11.7428013], [76.0759027, 11.7440306], [76.0759696, 11.7442872]]}}, {"type": "Feature", "properties": {"id": 816455701, "name": "Vattakkund Chelod Thodu"}, "geometry": {"type": "LineString", "coordinates": [[76.0528081, 11.5607708], [76.0527615, 11.5608195], [76.0527052, 11.5608392], [76.0525778, 11.5608576], [76.0524544, 11.5608142], [76.0523109, 11.5607643], [76.0521929, 11.5607275], [76.052091, 11.5607117], [76.0519712, 11.5607035], [76.0518968, 11.5606639], [76.0518253, 11.5606236], [76.0517613, 11.560614], [76.0516702, 11.5605969], [76.0516152, 11.5605824], [76.0515468, 11.5605588], [76.0514717, 11.5605377], [76.0514364, 11.5605027], [76.0514133, 11.5604596], [76.0513961, 11.5604008], [76.0513361, 11.5603377], [76.0512888, 11.5602914], [76.0512331, 11.5603083], [76.0511901, 11.5603671], [76.0511901, 11.560426], [76.0511515, 11.5604848], [76.0510399, 11.5604975], [76.0510228, 11.5605689], [76.0510056, 11.5606194], [76.0509927, 11.5606698], [76.0509327, 11.5606909], [76.0508769, 11.5607455], [76.050761, 11.5607455], [76.0507009, 11.5607245], [76.0506858, 11.5606796], [76.0506888, 11.5606406], [76.0506891, 11.5606209], [76.0506946, 11.5605624], [76.05048, 11.560431], [76.0501152, 11.5602418], [76.0501176, 11.559895], [76.0503298, 11.5591776], [76.0501608, 11.558962], [76.0499436, 11.5585285], [76.0497826, 11.5581763], [76.049552, 11.5581028], [76.049216, 11.5581904], [76.0490477, 11.5582342], [76.0484791, 11.558313], [76.0477012, 11.5582604], [76.0469288, 11.5583288], [76.046498, 11.5581422], [76.0459025, 11.5578427], [76.0457523, 11.5577796], [76.0455807, 11.5577323], [76.0454841, 11.5576955], [76.0453768, 11.5575956], [76.0451944, 11.557501], [76.045071, 11.5573697], [76.0449208, 11.5572383], [76.0448457, 11.557438], [76.0446702, 11.5576766], [76.0444434, 11.5577743], [76.0440035, 11.5580108], [76.0437836, 11.5581212], [76.0435958, 11.5580844], [76.0434134, 11.5581449]]}}, {"type": "Feature", "properties": {"id": 816756580, "name": "unnamed"}, "geometry": {"type": "LineString", "coordinates": [[76.0761499, 11.6177877], [76.0759988, 11.617855], [76.0758344, 11.6178813], [76.0756867, 11.6179372], [76.0755206, 11.6180326], [76.0754283, 11.6180819], [76.0752756, 11.6181148], [76.0750742, 11.6182117], [76.0749265, 11.6183235], [76.0748174, 11.6184041], [76.0746513, 11.6185405], [76.0744432, 11.6188183]]}}, {"type": "Feature", "properties": {"id": 816756582, "name": "unnamed"}, "geometry": {"type": "LineString", "coordinates": [[76.0513798, 11.5988511], [76.0511044, 11.5991188], [76.0507429, 11.5992895], [76.0502437, 11.5993358], [76.0499726, 11.5992979], [76.0499126, 11.5993013], [76.0495638, 11.5993211], [76.0492303, 11.5992979], [76.0487742, 11.5992705]]}}, {"type": "Feature", "properties": {"id": 816764483, "name": "karikunnu thodu"}, "geometry": {"type": "LineString", "coordinates": [[76.1449137, 11.6296198], [76.1448296, 11.6299486], [76.1448976, 11.6300678], [76.1449482, 11.6301236], [76.1450525, 11.6301809], [76.1451617, 11.6303126], [76.1452929, 11.6303978], [76.145323, 11.6304458], [76.1455116, 11.6306475], [76.1456105, 11.631089], [76.1457095, 11.6313582], [76.1457919, 11.6316542], [76.1458139, 11.6318642], [76.145693, 11.6321172], [76.1454841, 11.6322356], [76.1452643, 11.6321926], [76.1450499, 11.6323756], [76.1450884, 11.6325694], [76.144904, 11.6327406]]}}, {"type": "Feature", "properties": {"id": 816764488, "name": "unnamed"}, "geometry": {"type": "LineString", "coordinates": [[76.147396, 11.5983129], [76.1472689, 11.5984506], [76.1471579, 11.5985871], [76.147021, 11.5986995], [76.1468495, 11.5988095], [76.1467558, 11.598911], [76.1466707, 11.5989745]]}}, {"type": "Feature", "properties": {"id": 816764492, "name": "cheengeri adivaram thodu"}, "geometry": {"type": "LineString", "coordinates": [[76.1866296, 11.6201632], [76.1864978, 11.6199248], [76.1863842, 11.6198255], [76.1862747, 11.6197739], [76.1861571, 11.6197798], [76.1858996, 11.6198116], [76.1857313, 11.6198116], [76.1856481, 11.6197898], [76.1855022, 11.619752], [76.1852953, 11.6196825], [76.1849761, 11.6195332], [76.184595, 11.6196531], [76.1840779, 11.6196665], [76.1836832, 11.6198531], [76.1827033, 11.620213], [76.1819684, 11.6206662], [76.1818459, 11.6210128], [76.1817893, 11.6214078]]}}, {"type": "Feature", "properties": {"id": 816764499, "name": "vengoor thodu"}, "geometry": {"type": "LineString", "coordinates": [[76.1781821, 11.6681509], [76.1779556, 11.668092], [76.1776229, 11.6679811], [76.1774778, 11.667839], [76.1772478, 11.6677592], [76.1768757, 11.6676874], [76.1766987, 11.6676978], [76.1766209, 11.6676458], [76.1764829, 11.6675904], [76.1764687, 11.667677], [76.1763611, 11.6678522], [76.1762, 11.6678333], [76.1760699, 11.6678413], [76.1759236, 11.6677856], [76.1756878, 11.6677139], [76.1754723, 11.6676661], [76.175269, 11.6675706], [76.1750983, 11.6675148], [76.1746821, 11.6674486], [76.1746099, 11.6674427], [76.1745127, 11.6674656], [76.174458, 11.6674731], [76.1743664, 11.6674875], [76.1743302, 11.6674777], [76.1742779, 11.6674892], [76.174249, 11.6674839], [76.1742363, 11.6674419], [76.1742544, 11.6674222], [76.1742598, 11.6674025], [76.1742604, 11.667392], [76.174253, 11.6673506], [76.174243, 11.6673053], [76.174243, 11.6672745], [76.1742343, 11.6672213], [76.1742323, 11.6671832], [76.1742289, 11.6671661], [76.1742093, 11.6671597], [76.1741807, 11.6671396], [76.1741427, 11.6671385], [76.1741176, 11.6671276], [76.1740838, 11.6671259], [76.1740505, 11.6671351], [76.1740382, 11.6671499], [76.1740242, 11.6671499], [76.1740026, 11.6671442], [76.1739378, 11.6671431], [76.1739051, 11.6671505], [76.1738865, 11.6671459], [76.1738403, 11.6671622], [76.1737516, 11.6673166], [76.1736991, 11.6674138], [76.1736127, 11.667543], [76.1735636, 11.6676139], [76.173547, 11.6676092], [76.1735275, 11.6676037], [76.1734789, 11.6675925], [76.1734341, 11.6675786], [76.1734119, 11.6675786], [76.1733769, 11.6675877], [76.1733535, 11.6675877], [76.1733162, 11.6676083], [76.1732835, 11.6676175], [76.1732286, 11.6676243], [76.173144, 11.6676098], [76.1728521, 11.6676337], [76.1726209, 11.6677032], [76.1725601, 11.6677707], [76.172479, 11.667866]]}}, {"type": "Feature", "properties": {"id": 816841552, "name": "unnamed"}, "geometry": {"type": "LineString", "coordinates": [[76.1205633, 11.5817941], [76.1205913, 11.581508], [76.1204776, 11.581331], [76.1204742, 11.5808755], [76.1203939, 11.5806199], [76.1202902, 11.5804757], [76.1200728, 11.5800986], [76.120179, 11.5799606], [76.1201415, 11.5797661], [76.1201737, 11.5795612], [76.1199913, 11.5792984], [76.1197982, 11.5790672], [76.1197821, 11.5788517], [76.1199323, 11.5786678], [76.1200543, 11.5783519]]}}, {"type": "Feature", "properties": {"id": 816841554, "name": "mangavayal thodu"}, "geometry": {"type": "LineString", "coordinates": [[76.094516, 11.5820757], [76.0943193, 11.5819473], [76.0941517, 11.581795], [76.0940691, 11.5816333], [76.0940327, 11.5814953], [76.0940412, 11.5813775], [76.0940497, 11.5812598], [76.0940691, 11.5810909], [76.0940133, 11.5809434], [76.0938652, 11.5808173], [76.0936248, 11.5806674]]}}, {"type": "Feature", "properties": {"id": 817138748, "name": "firestation thodu"}, "geometry": {"type": "LineString", "coordinates": [[76.0807103, 11.5976388], [76.0805602, 11.598143], [76.0802814, 11.5985632], [76.0800133, 11.5988258], [76.0797773, 11.5990885]]}}, {"type": "Feature", "properties": {"id": 817138751, "name": "unnamed"}, "geometry": {"type": "LineString", "coordinates": [[76.0797773, 11.5990885], [76.0795843, 11.5993301], [76.0794556, 11.5996347], [76.0792089, 11.5998448], [76.079284, 11.6000129], [76.0794234, 11.6003386], [76.0793162, 11.6005172], [76.0794195, 11.6007494]]}}, {"type": "Feature", "properties": {"id": 817138752, "name": "arakkal thodu"}, "geometry": {"type": "LineString", "coordinates": [[76.0823726, 11.6134801], [76.0819436, 11.6134381], [76.0815575, 11.613228], [76.0811393, 11.6132385]]}}, {"type": "Feature", "properties": {"id": 817138753, "name": "arakkal thodu"}, "geometry": {"type": "LineString", "coordinates": [[76.0845978, 11.6118782], [76.0843941, 11.6118047], [76.0841689, 11.6118362], [76.0840026, 11.6118677], [76.0838067, 11.6120156], [76.0837466, 11.6120134], [76.0836803, 11.6120644], [76.0836166, 11.6121093], [76.0835629, 11.6123719], [76.0834718, 11.6124087], [76.0833324, 11.6124822], [76.0832734, 11.6126188], [76.0831983, 11.6126713], [76.0831072, 11.6127553], [76.083016, 11.6128866], [76.0829034, 11.6129234], [76.0829141, 11.6130862], [76.0827801, 11.6130915], [76.082587, 11.613081], [76.082453, 11.6130652], [76.082453, 11.6132175], [76.082453, 11.6133593], [76.0823726, 11.6134801]]}}, {"type": "Feature", "properties": {"id": 817138756, "name": "unnamed"}, "geometry": {"type": "LineString", "coordinates": [[76.0779971, 11.6174981], [76.0779596, 11.6175979], [76.0777183, 11.6177345], [76.0776218, 11.617703], [76.0776539, 11.6176084], [76.0775735, 11.6175401], [76.0773805, 11.6176189], [76.0772571, 11.6174614], [76.0771016, 11.6175401], [76.076914, 11.6174509], [76.0766995, 11.6176189], [76.0765118, 11.6176925], [76.0763724, 11.6177712], [76.0761499, 11.6177877]]}}, {"type": "Feature", "properties": {"id": 817138757, "name": "unnamed"}, "geometry": {"type": "LineString", "coordinates": [[76.0806089, 11.6135692], [76.0805924, 11.613811], [76.0804798, 11.6141419], [76.0803618, 11.6141682], [76.0802706, 11.6144833], [76.0801419, 11.6147564], [76.0797181, 11.6149781], [76.0795896, 11.6150978], [76.0793162, 11.6151976], [76.07915, 11.6151451], [76.0788658, 11.6152502], [76.0786406, 11.6154918], [76.0782813, 11.615455]]}}, {"type": "Feature", "properties": {"id": 817138758, "name": "unnamed"}, "geometry": {"type": "LineString", "coordinates": [[76.0782813, 11.615455], [76.0782438, 11.6157124], [76.0783081, 11.6160905], [76.0782438, 11.6164739], [76.0783778, 11.6166735], [76.0784046, 11.6168731], [76.0782835, 11.6170651], [76.0781312, 11.6173458], [76.0779971, 11.6174981]]}}, {"type": "Feature", "properties": {"id": 817138761, "name": "puliyarmala thodu"}, "geometry": {"type": "LineString", "coordinates": [[76.0761419, 11.6334498], [76.075781, 11.6330778], [76.0752875, 11.6329307], [76.0747618, 11.6323212], [76.074397, 11.6318273], [76.074228, 11.6316341]]}}, {"type": "Feature", "properties": {"id": 817138762, "name": "puliyarmala thodu 2"}, "geometry": {"type": "LineString", "coordinates": [[76.0766179, 11.6334456], [76.0761419, 11.6334498]]}}, {"type": "Feature", "properties": {"id": 817138763, "name": "puliyarmala thodu"}, "geometry": {"type": "LineString", "coordinates": [[76.0801241, 11.6347588], [76.0799554, 11.6347247], [76.0798606, 11.6346098], [76.0796757, 11.6345612], [76.0795223, 11.634654], [76.0793554, 11.6347468], [76.0791524, 11.6348528], [76.0789991, 11.6347777], [76.0788547, 11.634738], [76.0787735, 11.6346408], [76.078557, 11.6344508], [76.0784487, 11.6344243], [76.0784307, 11.6342873], [76.0783224, 11.6342122], [76.0783134, 11.634115], [76.0783359, 11.6339869], [76.0781307, 11.6338974], [76.0779969, 11.6339401], [76.0776693, 11.6340446], [76.0773474, 11.6340235], [76.077047, 11.6336452], [76.0766179, 11.6334456]]}}, {"type": "Feature", "properties": {"id": 817138764, "name": "unnamed"}, "geometry": {"type": "LineString", "coordinates": [[76.0736675, 11.6265099], [76.0736782, 11.6270038], [76.0736996, 11.6274032], [76.073709, 11.6284218], [76.0737102, 11.6285545], [76.0737104, 11.6285801], [76.0736031, 11.6291161], [76.0730214, 11.6293474]]}}, {"type": "Feature", "properties": {"id": 817138765, "name": "unnamed"}, "geometry": {"type": "LineString", "coordinates": [[76.0735763, 11.6229619], [76.0737211, 11.6231484], [76.073764, 11.6233717], [76.0739598, 11.6235189], [76.0740778, 11.623574], [76.0741985, 11.6237553], [76.0741824, 11.623863], [76.0739384, 11.6238972], [76.0739317, 11.6241323], [76.0740416, 11.624265], [76.074098, 11.6243556], [76.0740765, 11.6244239], [76.0740014, 11.6244252], [76.0739102, 11.6243714], [76.0738284, 11.6243254], [76.073768, 11.6242873], [76.0737345, 11.6243018], [76.0736849, 11.6243569], [76.0736608, 11.6244699], [76.0736849, 11.6245776], [76.0737332, 11.6246236], [76.0738378, 11.6246853], [76.0738794, 11.6247917], [76.0738445, 11.6249205], [76.0736996, 11.6249257], [76.0735253, 11.6249914], [76.0733992, 11.6249914], [76.0733429, 11.6250361], [76.0732839, 11.6251412], [76.0733027, 11.625262], [76.0735307, 11.6253303], [76.0736433, 11.6254328], [76.0736487, 11.6255484], [76.0736004, 11.6257034], [76.0735709, 11.6259188], [76.0735441, 11.626058], [76.0734877, 11.6262104], [76.0736192, 11.6263365], [76.0736675, 11.6265099]]}}, {"type": "Feature", "properties": {"id": 817138766, "name": "unnamed"}, "geometry": {"type": "LineString", "coordinates": [[76.0744432, 11.6188183], [76.0744171, 11.6188857], [76.074452, 11.6190066], [76.0744305, 11.6191485], [76.0743447, 11.619314], [76.0743018, 11.6193508], [76.074224, 11.6194454], [76.0741945, 11.6195951], [76.0740711, 11.6198552], [76.0740711, 11.6199235], [76.0741623, 11.6200759], [76.0743635, 11.6201757], [76.0745539, 11.6202834], [76.0746022, 11.620449], [76.0746159, 11.6205772], [76.0745996, 11.6207139], [76.0745459, 11.6208719], [76.0745253, 11.6210748], [76.0743315, 11.6210882], [76.0741352, 11.6211003], [76.0741784, 11.6213107], [76.0741784, 11.6214], [76.0741462, 11.6214788], [76.0739853, 11.6215787], [76.0740658, 11.62171], [76.0740363, 11.6217757], [76.0739799, 11.6218204], [76.074047, 11.6219412], [76.0740577, 11.6221015], [76.0739531, 11.6221225], [76.0738834, 11.6222591], [76.0738351, 11.622422], [76.0737627, 11.6225639], [76.0736324, 11.6225982], [76.0735132, 11.6226296], [76.0734274, 11.6227767], [76.0735763, 11.6229619]]}}, {"type": "Feature", "properties": {"id": 817138769, "name": "bypass thodu"}, "geometry": {"type": "LineString", "coordinates": [[76.0832656, 11.6159351], [76.0832224, 11.6158191], [76.0831959, 11.6158111], [76.0831625, 11.6158171], [76.0831261, 11.6158061], [76.0830209, 11.6156503], [76.0828895, 11.6155004], [76.082807, 11.6154145], [76.0827406, 11.6153043], [76.0827178, 11.615046], [76.082691, 11.6148621], [76.0826614, 11.6146861], [76.0826266, 11.6145521], [76.082602, 11.6144865], [76.0825122, 11.614297], [76.0823843, 11.6142755], [76.0822439, 11.6142296], [76.0822172, 11.6142139], [76.0821821, 11.6141926], [76.08214, 11.6141922], [76.0820521, 11.614226], [76.0820381, 11.6142573], [76.0820363, 11.6142874], [76.0820392, 11.6143164], [76.0820431, 11.6143461], [76.082047, 11.6143873], [76.0820004, 11.6144215], [76.0819377, 11.6144019], [76.0818322, 11.61436], [76.0817267, 11.6143126], [76.0815756, 11.6142539], [76.0815186, 11.6142483], [76.0814131, 11.6141897], [76.0813333, 11.6141478], [76.0812934, 11.6141171], [76.0812221, 11.6140724], [76.0812124, 11.6140527], [76.0812147, 11.6140325], [76.0812666, 11.6140092], [76.0813239, 11.6139802], [76.0814016, 11.6139216], [76.0814033, 11.6138971], [76.0813969, 11.6138731], [76.0813252, 11.613819], [76.0812838, 11.613799], [76.0812412, 11.6137714], [76.0812118, 11.613737], [76.0811846, 11.6136961], [76.0811654, 11.6136828], [76.0811528, 11.6136652], [76.0811433, 11.6136533], [76.0811292, 11.6136367], [76.0811132, 11.6136232], [76.0810859, 11.6136236], [76.081053, 11.6136411], [76.081001, 11.6136554], [76.0809606, 11.6136641], [76.080921, 11.6136755], [76.0808868, 11.6136781], [76.0808412, 11.6136807]]}}, {"type": "Feature", "properties": {"id": 817138774, "name": "jaithra thodu"}, "geometry": {"type": "LineString", "coordinates": [[76.0831488, 11.6181514], [76.0830281, 11.6180305], [76.0829932, 11.6179044], [76.0830415, 11.6178098], [76.0831085, 11.6177546], [76.0831997, 11.6175786], [76.0831085, 11.6174604], [76.0830817, 11.6173369], [76.0829288, 11.6171241], [76.0828215, 11.6170321], [76.0827539, 11.6169284], [76.0828229, 11.6168223], [76.0828918, 11.6167373], [76.0829516, 11.6166657], [76.083071, 11.6165067], [76.0831694, 11.6164232], [76.0831857, 11.6163651], [76.0831992, 11.6163172], [76.083233, 11.616233], [76.0832474, 11.6161732], [76.0832714, 11.6160556], [76.0832784, 11.6159787]]}}, {"type": "Feature", "properties": {"id": 817138775, "name": "unnamed"}, "geometry": {"type": "LineString", "coordinates": [[76.0849539, 11.6178965], [76.0849056, 11.6178597], [76.0847661, 11.6177783], [76.0846776, 11.6176706], [76.084514, 11.6177573], [76.0844584, 11.6177826], [76.0843584, 11.6178282], [76.0842297, 11.6178545], [76.084109, 11.6179543], [76.0840044, 11.6180305], [76.083814, 11.6181986], [76.0836638, 11.6182853], [76.0835001, 11.6182643], [76.0833124, 11.6181697], [76.0831488, 11.6181514]]}}, {"type": "Feature", "properties": {"id": 821747265, "name": "karamkolli vellakettmoola thodu"}, "geometry": {"type": "LineString", "coordinates": [[76.1780323, 11.6273372], [76.1777165, 11.62739], [76.1771479, 11.62739], [76.1768367, 11.6275581], [76.1767831, 11.6277578], [76.1773088, 11.6281361], [76.1777379, 11.6285354], [76.1778345, 11.6289032], [76.1770728, 11.6288191], [76.1769226, 11.6289873], [76.1772659, 11.6293551], [76.1772873, 11.6297439], [76.1769655, 11.6297754], [76.177062, 11.6299856], [76.1769331, 11.6302981]]}}, {"type": "Feature", "properties": {"id": 821747266, "name": "malakkadu thodu"}, "geometry": {"type": "LineString", "coordinates": [[76.1663089, 11.6280886], [76.1658611, 11.6281256], [76.1651852, 11.6276842], [76.1648848, 11.6274951], [76.1643162, 11.6276842], [76.1639943, 11.6276317]]}}, {"type": "Feature", "properties": {"id": 821760883, "name": "unnamed"}, "geometry": {"type": "LineString", "coordinates": [[76.1059192, 11.6384403], [76.1065379, 11.6383896], [76.1066038, 11.6384035], [76.1066407, 11.6383913], [76.1066634, 11.6383441], [76.1067002, 11.6383122], [76.1067725, 11.6383011], [76.1068363, 11.6383372], [76.1068604, 11.6383802], [76.1069171, 11.6383955], [76.1069894, 11.6383872], [76.107039, 11.6383785]]}}, {"type": "Feature", "properties": {"id": 821760884, "name": "unnamed"}, "geometry": {"type": "LineString", "coordinates": [[76.1134985, 11.6401095], [76.1138013, 11.6399133], [76.1140695, 11.639556], [76.1145738, 11.6394509], [76.1152068, 11.6394819], [76.1154321, 11.6394929], [76.1161509, 11.6394404], [76.1167722, 11.6393198]]}}, {"type": "Feature", "properties": {"id": 821760885, "name": "Thoomulli 1"}, "geometry": {"type": "LineString", "coordinates": [[76.1186078, 11.6357835], [76.1187258, 11.6363194], [76.118994, 11.6371706], [76.119273, 11.6379062], [76.1193803, 11.6385262], [76.1195519, 11.6391041], [76.1195434, 11.6396101]]}}, {"type": "Feature", "properties": {"id": 821760886, "name": "Thoomulli 3"}, "geometry": {"type": "LineString", "coordinates": [[76.1154642, 11.6366767], [76.1155608, 11.6368869], [76.1158183, 11.6372231], [76.1158505, 11.6375069], [76.1157325, 11.6378221], [76.1153891, 11.6381269], [76.1151746, 11.6386733], [76.1150887, 11.638915], [76.1152068, 11.6394819]]}}, {"type": "Feature", "properties": {"id": 821760887, "name": "Thoomulli 2"}, "geometry": {"type": "LineString", "coordinates": [[76.115947, 11.6360252], [76.1161938, 11.6364245], [76.1162582, 11.6369394], [76.1164084, 11.6372021], [76.1165049, 11.6376645], [76.1166015, 11.6382635], [76.1167624, 11.6386943], [76.117095, 11.6389045], [76.117846, 11.6390201], [76.1178623, 11.6391161], [76.1179558, 11.6391423], [76.1179959, 11.6392288], [76.1180293, 11.6393011], [76.1180722, 11.6394229], [76.118155, 11.6395802], [76.1181699, 11.6396159], [76.1181716, 11.6397286], [76.1181633, 11.6397626], [76.1181658, 11.6397783]]}}, {"type": "Feature", "properties": {"id": 821760889, "name": "unnamed"}, "geometry": {"type": "LineString", "coordinates": [[76.1273089, 11.6378536], [76.1271962, 11.6377328], [76.1270192, 11.6376382], [76.1267671, 11.6376592], [76.1264559, 11.6374859], [76.1262199, 11.6373965], [76.125941, 11.637365], [76.1258712, 11.6372652], [76.1256727, 11.6372967], [76.1254152, 11.6371496], [76.1251002, 11.6370584]]}}, {"type": "Feature", "properties": {"id": 821768011, "name": "unnamed"}, "geometry": {"type": "LineString", "coordinates": [[76.1075743, 11.6386914], [76.1076467, 11.6388245], [76.1077988, 11.639016], [76.1079836, 11.6391777], [76.108196, 11.6391797], [76.108329, 11.6392046], [76.1085319, 11.6392841], [76.1086809, 11.6393264], [76.1087245, 11.6394157], [76.1087602, 11.6395279], [76.1087848, 11.6395992], [76.1087988, 11.6396785], [76.108791, 11.6397685], [76.1087656, 11.6398539], [76.1087757, 11.6399311], [76.10885, 11.6399909], [76.1089804, 11.6400163], [76.1091852, 11.6400078], [76.1096566, 11.6398736], [76.1098402, 11.6398822], [76.1099747, 11.6399319]]}}, {"type": "Feature", "properties": {"id": 821768012, "name": "Kakkavayal-Muttil Thodu"}, "geometry": {"type": "LineString", "coordinates": [[76.1187227, 11.6474641], [76.1191845, 11.647416], [76.1199087, 11.6474462], [76.1206467, 11.6476062], [76.1219984, 11.6479889], [76.1226952, 11.6481181], [76.1234502, 11.648258]]}}, {"type": "Feature", "properties": {"id": 837528870, "name": "Kakkavayal-Muttil Thodu"}, "geometry": {"type": "LineString", "coordinates": [[76.1236757, 11.6482965], [76.1243558, 11.6484248], [76.1252141, 11.6486139], [76.1268556, 11.6487926], [76.1284182, 11.6489317], [76.1284733, 11.6489312]]}}, {"type": "Feature", "properties": {"id": 837528871, "name": "Kakkavayal-Muttil Thodu"}, "geometry": {"type": "LineString", "coordinates": [[76.1234502, 11.648258], [76.1236757, 11.6482965]]}}, {"type": "Feature", "properties": {"id": 844645827, "name": "Kakkavayal-Muttil Thodu"}, "geometry": {"type": "LineString", "coordinates": [[76.1304238, 11.6490649], [76.1306809, 11.6490845]]}}, {"type": "Feature", "properties": {"id": 844645828, "name": "Kakkavayal-Muttil Thodu"}, "geometry": {"type": "LineString", "coordinates": [[76.1303202, 11.6490087], [76.1304238, 11.6490649]]}}, {"type": "Feature", "properties": {"id": 844645829, "name": "Kakkavayal-Muttil Thodu"}, "geometry": {"type": "LineString", "coordinates": [[76.1307829, 11.6490923], [76.1332528, 11.6492808], [76.1339701, 11.6492878], [76.1355621, 11.6493638], [76.135841, 11.6493585], [76.1359983, 11.6493706], [76.1369329, 11.6493931]]}}, {"type": "Feature", "properties": {"id": 844645830, "name": "Kakkavayal-Muttil Thodu"}, "geometry": {"type": "LineString", "coordinates": [[76.1306809, 11.6490845], [76.1307829, 11.6490923]]}}, {"type": "Feature", "properties": {"id": 845714019, "name": "unnamed"}, "geometry": {"type": "LineString", "coordinates": [[76.0512003, 11.6942099], [76.0515735, 11.6942893], [76.0515126, 11.6946709]]}}, {"type": "Feature", "properties": {"id": 853729343, "name": "kottimunda thodu"}, "geometry": {"type": "LineString", "coordinates": [[76.1364226, 11.6760604], [76.1365943, 11.6763304], [76.1367367, 11.6767031], [76.1368138, 11.6767352], [76.137143, 11.6767786], [76.1377011, 11.6768724], [76.1383852, 11.6769776], [76.1385347, 11.6770215], [76.1391364, 11.6772433], [76.1391222, 11.6774443], [76.1395328, 11.6775275], [76.1397522, 11.6777701], [76.1403326, 11.6780751], [76.1409414, 11.6784148], [76.1411013, 11.6787061], [76.141273, 11.6789976], [76.1413883, 11.6793286], [76.1415519, 11.6798854], [76.1416807, 11.6804922], [76.1417745, 11.6806971], [76.1418336, 11.6809046], [76.1419703, 11.6812172], [76.1421813, 11.6818364], [76.1425818, 11.6816976], [76.1432504, 11.6814562], [76.1432854, 11.6814534], [76.1433321, 11.681462]]}}, {"type": "Feature", "properties": {"id": 882290212, "name": "unnamed"}, "geometry": {"type": "LineString", "coordinates": [[76.1378422, 11.6809216], [76.1381158, 11.6816642], [76.1381416, 11.6826056], [76.1380471, 11.6835302], [76.1382531, 11.6842867], [76.1383944, 11.6853639], [76.1383406, 11.6860492], [76.1386395, 11.6870005], [76.1388882, 11.687887], [76.1390972, 11.6884822], [76.1398401, 11.6897712]]}}, {"type": "Feature", "properties": {"id": 882290213, "name": "unnamed"}, "geometry": {"type": "LineString", "coordinates": [[76.1470274, 11.6927747], [76.1472151, 11.6927888], [76.1481606, 11.6931988], [76.1484637, 11.6937147], [76.1487813, 11.6942165], [76.1487389, 11.6943235], [76.1487725, 11.6945496], [76.1489041, 11.6947609]]}}, {"type": "Feature", "properties": {"id": 882290214, "name": "unnamed"}, "geometry": {"type": "LineString", "coordinates": [[76.1538741, 11.6780177], [76.1540986, 11.6784813], [76.1544385, 11.6789211], [76.1546072, 11.6790652]]}}, {"type": "Feature", "properties": {"id": 882290215, "name": "unnamed"}, "geometry": {"type": "LineString", "coordinates": [[76.1546072, 11.6790652], [76.1546449, 11.6792064], [76.1546934, 11.6792658], [76.1548126, 11.6792943]]}}, {"type": "Feature", "properties": {"id": 882290216, "name": "unnamed"}, "geometry": {"type": "LineString", "coordinates": [[76.1548126, 11.6792943], [76.1550007, 11.6794144], [76.1550219, 11.6795303], [76.1549794, 11.6796402], [76.1549733, 11.6797918], [76.155028, 11.6799434], [76.1550614, 11.6800266], [76.1551364, 11.6803365], [76.1552625, 11.6806246], [76.1553385, 11.6807601]]}}, {"type": "Feature", "properties": {"id": 882290217, "name": "unnamed"}, "geometry": {"type": "LineString", "coordinates": [[76.1553385, 11.6807601], [76.1554023, 11.6808451], [76.1554942, 11.6808976], [76.1558029, 11.6809176], [76.1561525, 11.68095], [76.1563082, 11.681025], [76.1565429, 11.6810175], [76.1566487, 11.6811077]]}}, {"type": "Feature", "properties": {"id": 882290218, "name": "unnamed"}, "geometry": {"type": "LineString", "coordinates": [[76.136556, 11.6931108], [76.1363457, 11.6931991], [76.1361526, 11.6934848], [76.1357964, 11.6938463], [76.1356032, 11.6942707], [76.1355818, 11.6947708], [76.1356419, 11.695065], [76.135762, 11.6952709], [76.1356749, 11.6957182]]}}, {"type": "Feature", "properties": {"id": 882290220, "name": "palakkamoola kongiyambam thodu"}, "geometry": {"type": "LineString", "coordinates": [[76.1503591, 11.6777751], [76.1503736, 11.6777598], [76.1504285, 11.6777171], [76.1505097, 11.67766], [76.1505841, 11.6775838], [76.1507027, 11.6774706], [76.1509363, 11.6772662], [76.1511503, 11.6771393], [76.1513592, 11.6770287], [76.1516318, 11.6769508], [76.1518813, 11.6768936], [76.1520936, 11.6768988], [76.1523282, 11.676815], [76.1526024, 11.6768572], [76.1527872, 11.67699], [76.1528505, 11.6770518], [76.1528569, 11.6770604], [76.1528581, 11.6770701], [76.152861, 11.6770753], [76.1528732, 11.6770804], [76.152882, 11.6770798], [76.1529199, 11.6770581], [76.1529608, 11.6770392], [76.1530057, 11.6770038], [76.1530758, 11.6769381], [76.1531385, 11.676905], [76.1532243, 11.6768471]]}}, {"type": "Feature", "properties": {"id": 882291524, "name": "thodu town canal"}, "geometry": {"type": "LineString", "coordinates": [[76.1545305, 11.6571972], [76.1543058, 11.6571299], [76.1541787, 11.6570919], [76.1541151, 11.6570729], [76.1540893, 11.657115], [76.1539992, 11.6576067], [76.1537675, 11.658233], [76.153437, 11.6585104], [76.1531881, 11.6589895], [76.1530165, 11.6594434], [76.1529435, 11.6596746], [76.1523556, 11.6598133], [76.1519865, 11.6598763], [76.1511325, 11.6600402], [76.1505145, 11.6601915], [76.1502536, 11.6601058], [76.1502256, 11.6599137], [76.1501322, 11.6596118], [76.1500014, 11.6592276], [76.1499267, 11.658999], [76.1497119, 11.6586056], [76.1496569, 11.6583146]]}}, {"type": "Feature", "properties": {"id": 882291533, "name": "unnamed"}, "geometry": {"type": "LineString", "coordinates": [[76.1352746, 11.6657967], [76.135751, 11.6656483], [76.1364836, 11.6653868], [76.1366944, 11.6652988]]}}, {"type": "Feature", "properties": {"id": 882291534, "name": "unnamed"}, "geometry": {"type": "LineString", "coordinates": [[76.1367398, 11.6653055], [76.1371007, 11.6651641], [76.1377899, 11.6648213], [76.138075, 11.664641], [76.1385045, 11.6643371], [76.1386991, 11.6642082]]}}, {"type": "Feature", "properties": {"id": 882291535, "name": "unnamed"}, "geometry": {"type": "LineString", "coordinates": [[76.1386991, 11.6642082], [76.1390097, 11.6639978], [76.1394139, 11.6640614], [76.1398144, 11.6641144], [76.1408321, 11.6644396], [76.1406372, 11.6650015], [76.1405542, 11.6654468], [76.1407274, 11.6655281], [76.1412868, 11.6656129], [76.1411388, 11.6660653]]}}, {"type": "Feature", "properties": {"id": 882291539, "name": "maranelly thodu"}, "geometry": {"type": "LineString", "coordinates": [[76.1554433, 11.6689035], [76.1556497, 11.6690997], [76.1561565, 11.6695871], [76.1563052, 11.6697148], [76.1564539, 11.6697208], [76.1567179, 11.6697535], [76.1571002, 11.6699407], [76.1572155, 11.6700031]]}}, {"type": "Feature", "properties": {"id": 882291890, "name": "maanikkavu thodu"}, "geometry": {"type": "LineString", "coordinates": [[76.1552079, 11.6986132], [76.1550406, 11.6984871], [76.1548603, 11.6982896], [76.1546732, 11.6980674], [76.1545534, 11.6978766], [76.1544064, 11.6974173], [76.1541475, 11.6970435], [76.1540778, 11.6968911], [76.1541851, 11.6967388], [76.1539981, 11.6964052], [76.1538686, 11.6962765], [76.1538096, 11.6961032], [76.1537398, 11.6959193], [76.1536218, 11.6957828], [76.1535731, 11.6957374]]}}, {"type": "Feature", "properties": {"id": 882291891, "name": "unnamed"}, "geometry": {"type": "LineString", "coordinates": [[76.1578451, 11.7013527], [76.1577399, 11.7012725], [76.1575773, 11.7010575], [76.1574228, 11.7008186], [76.1571949, 11.7006219], [76.1568559, 11.7002059], [76.1565727, 11.6996848], [76.156371, 11.6996133], [76.1562808, 11.6994158], [76.156092, 11.6992561], [76.1557356, 11.6989129], [76.1554347, 11.6987298], [76.1552079, 11.6986132]]}}, {"type": "Feature", "properties": {"id": 882855187, "name": "unnamed"}, "geometry": {"type": "LineString", "coordinates": [[76.1911094, 11.6655688], [76.1913548, 11.6654415], [76.1919322, 11.6650174], [76.1923363, 11.6648054], [76.1924518, 11.6651588], [76.1925384, 11.6658798], [76.1925096, 11.6663604], [76.1925817, 11.6670673], [76.1925817, 11.6673924], [76.1925817, 11.667661], [76.1925096, 11.6680003], [76.1926684, 11.668283], [76.1927552, 11.6687646]]}}, {"type": "Feature", "properties": {"id": 883115416, "name": "unnamed"}, "geometry": {"type": "LineString", "coordinates": [[76.0934894, 11.580614], [76.0934407, 11.5805949], [76.0933418, 11.5805767]]}}, {"type": "Feature", "properties": {"id": 883115417, "name": "unnamed"}, "geometry": {"type": "LineString", "coordinates": [[76.0936248, 11.5806674], [76.0936, 11.5806576]]}}, {"type": "Feature", "properties": {"id": 883115418, "name": "unnamed"}, "geometry": {"type": "LineString", "coordinates": [[76.0936, 11.5806576], [76.0934894, 11.580614]]}}, {"type": "Feature", "properties": {"id": 883115419, "name": "unnamed"}, "geometry": {"type": "LineString", "coordinates": [[76.0990633, 11.5836083], [76.0990219, 11.5835966], [76.0989858, 11.5835708], [76.0989425, 11.5835399], [76.0988631, 11.583481], [76.0988094, 11.5834264], [76.0987214, 11.5834369], [76.0986528, 11.5834642], [76.0985927, 11.5834684], [76.0985069, 11.5834579], [76.0983717, 11.5834558], [76.0982794, 11.5834936], [76.098215, 11.5835462], [76.0981528, 11.5835924], [76.0980605, 11.5836555], [76.0979082, 11.5837101], [76.0976228, 11.5837017], [76.0975778, 11.5836324], [76.0975155, 11.5835441], [76.0974705, 11.5834747], [76.0973632, 11.5834369], [76.0972516, 11.5834243], [76.0971851, 11.5834768], [76.0970799, 11.5835378], [76.0970091, 11.5835924], [76.0969211, 11.5836471], [76.0968096, 11.5836765], [76.0966744, 11.5836723], [76.0965435, 11.5836324], [76.0964233, 11.5835987], [76.0963182, 11.5835672], [76.096183, 11.5835525], [76.0960221, 11.5835167], [76.0959212, 11.583481], [76.095844, 11.5833065], [76.0958311, 11.5832225], [76.0958011, 11.5831342], [76.0956895, 11.5831195], [76.0955736, 11.5830543], [76.0954706, 11.5829702], [76.0954084, 11.5828735], [76.0953161, 11.5827222], [76.0952968, 11.5826381], [76.0952668, 11.5825414], [76.0951595, 11.5824699], [76.0949964, 11.5824426], [76.0948912, 11.5824384], [76.094829, 11.582369], [76.0947818, 11.5822744], [76.0947282, 11.5822135], [76.0946501, 11.5821695], [76.0946123, 11.5821483], [76.094516, 11.5820757]]}}, {"type": "Feature", "properties": {"id": 883115420, "name": "unnamed"}, "geometry": {"type": "LineString", "coordinates": [[76.1022377, 11.5833382], [76.1021804, 11.5833381], [76.1021053, 11.5833486], [76.1019787, 11.5833654], [76.1019058, 11.583399], [76.1018178, 11.5834621], [76.1017234, 11.583502], [76.1016397, 11.5835209], [76.1014444, 11.5835167], [76.1013779, 11.5834852], [76.1013672, 11.5833801], [76.1013607, 11.5832666], [76.1013135, 11.5831888], [76.1012084, 11.5831447], [76.1011419, 11.5831384], [76.1010024, 11.5831237], [76.1008028, 11.583111], [76.1006891, 11.5830732], [76.1005561, 11.58309], [76.1004767, 11.5831552], [76.1003758, 11.583233], [76.1003072, 11.5832876], [76.1002471, 11.583275], [76.099981, 11.5832161], [76.0998887, 11.5832393], [76.0997943, 11.5832582], [76.09973, 11.583296], [76.0997042, 11.5833654], [76.0996978, 11.5834621], [76.0997278, 11.5835861], [76.0997514, 11.5836786], [76.0997106, 11.5837396], [76.0995476, 11.5838152], [76.0994274, 11.5837837], [76.0993695, 11.5837206], [76.0993072, 11.5836681], [76.099215, 11.5836513], [76.0991645, 11.583637]]}}, {"type": "Feature", "properties": {"id": 883115421, "name": "unnamed"}, "geometry": {"type": "LineString", "coordinates": [[76.0991645, 11.583637], [76.0990633, 11.5836083]]}}, {"type": "Feature", "properties": {"id": 883115422, "name": "unnamed"}, "geometry": {"type": "LineString", "coordinates": [[76.1056688, 11.5821319], [76.1055865, 11.5822078], [76.1052969, 11.5823445], [76.1050286, 11.582334], [76.1048087, 11.582087], [76.1046853, 11.5819819], [76.1045727, 11.5819819], [76.1042883, 11.5821238], [76.104063, 11.5821868], [76.103886, 11.5821763], [76.1036822, 11.5821553], [76.1034783, 11.5820817], [76.1032473, 11.5821639], [76.1032006, 11.5823469], [76.103322, 11.5825025], [76.1034154, 11.582722], [76.1033501, 11.5828318], [76.10321, 11.5830057], [76.1030045, 11.5830148], [76.102855, 11.5828684], [76.1027336, 11.5829965], [76.1027523, 11.5831887], [76.102771, 11.5833351], [76.1026589, 11.5834516], [76.1025946, 11.5834453], [76.1024958, 11.5834243], [76.1024186, 11.5833864], [76.1023285, 11.5833423], [76.1022668, 11.5833384]]}}, {"type": "Feature", "properties": {"id": 883115423, "name": "unnamed"}, "geometry": {"type": "LineString", "coordinates": [[76.1022668, 11.5833384], [76.1022377, 11.5833382]]}}, {"type": "Feature", "properties": {"id": 885814837, "name": "maranelly thodu"}, "geometry": {"type": "LineString", "coordinates": [[76.1572155, 11.6700031], [76.1572513, 11.6700453], [76.1572938, 11.6700632], [76.1573727, 11.6699354], [76.1591934, 11.67072], [76.1593396, 11.6707718], [76.1594315, 11.6708317], [76.1595004, 11.6708717], [76.1595079, 11.6708765]]}}, {"type": "Feature", "properties": {"id": 885814838, "name": "maranelly thodu"}, "geometry": {"type": "LineString", "coordinates": [[76.1595413, 11.6710438], [76.1595401, 11.6711467], [76.1595681, 11.6712061], [76.159588, 11.6713205], [76.1595996, 11.6713959], [76.1596183, 11.6714439], [76.1596522, 11.6715034], [76.1597351, 11.6716114], [76.1599903, 11.6720463], [76.1600566, 11.6722087], [76.1601153, 11.6722862], [76.1602072, 11.6722937], [76.1602991, 11.6723361], [76.1603782, 11.6723311], [76.1604649, 11.6723486], [76.1605491, 11.6723436], [76.1606078, 11.6723486], [76.1606691, 11.6724011], [76.1607124, 11.6724336], [76.1608145, 11.6724386], [76.1608349, 11.6724886], [76.1608273, 11.6725461], [76.1608477, 11.6725985], [76.1608962, 11.672606], [76.1609421, 11.6726435], [76.161011, 11.6726535], [76.1610646, 11.6727385], [76.1611105, 11.6728334], [76.1611462, 11.6729184], [76.1611896, 11.6730184], [76.161381, 11.6732583], [76.161677, 11.6736331], [76.161767, 11.673788], [76.1618005, 11.6738441]]}}, {"type": "Feature", "properties": {"id": 885814840, "name": "koottakav thodu"}, "geometry": {"type": "LineString", "coordinates": [[76.1700921, 11.6635069], [76.1701586, 11.6635874], [76.1702486, 11.6636601], [76.1703581, 11.6637444], [76.1704128, 11.6638401], [76.1702877, 11.6639167], [76.1703542, 11.6640431], [76.170319, 11.6640891], [76.1702329, 11.6642308], [76.1702437, 11.6643566], [76.1702836, 11.6645548], [76.1703606, 11.6646302], [76.1704632, 11.6648061], [76.1705259, 11.6649848], [76.1705345, 11.6652584], [76.170563, 11.6654483], [76.1706115, 11.6656326], [76.1706665, 11.6657572], [76.1706715, 11.6658159], [76.1706742, 11.6658477], [76.1706727, 11.6658719], [76.1706988, 11.6659368], [76.1707189, 11.6660575], [76.1707666, 11.6663049], [76.170779, 11.6663803], [76.170782, 11.6664346], [76.1707944, 11.666495], [76.1708104, 11.6665995], [76.1708554, 11.6665932], [76.1709778, 11.6666142], [76.1710722, 11.6666184], [76.1711494, 11.6666079], [76.1712138, 11.6666121], [76.1712116, 11.666692], [76.1712546, 11.6667361], [76.1713275, 11.6667424], [76.1714327, 11.6667613], [76.1715249, 11.6667697], [76.1715078, 11.6668622], [76.1715507, 11.666942], [76.1715695, 11.6670213], [76.1714751, 11.6672237], [76.1714266, 11.6673261], [76.1714037, 11.6674961], [76.1714164, 11.6675885], [76.1713628, 11.6676985], [76.1713092, 11.667786], [76.1712786, 11.667836], [76.1713322, 11.6680559], [76.1713552, 11.6681158], [76.1713628, 11.6682008], [76.1713424, 11.6682683]]}}, {"type": "Feature", "properties": {"id": 885814841, "name": "unnamed"}, "geometry": {"type": "LineString", "coordinates": [[76.1717395, 11.6665953], [76.171703, 11.66661], [76.1716601, 11.6667109], [76.1716387, 11.6667445], [76.1715764, 11.6667529], [76.1715249, 11.6667697]]}}, {"type": "Feature", "properties": {"id": 885814842, "name": "muthukolly thodu"}, "geometry": {"type": "LineString", "coordinates": [[76.1729555, 11.6642129], [76.1728562, 11.6644598], [76.1727733, 11.664664], [76.1726705, 11.6647463], [76.1726647, 11.6648115], [76.1726554, 11.6648355], [76.1726437, 11.6648686], [76.1726298, 11.6649219], [76.1726135, 11.6649539], [76.1725738, 11.6649973], [76.1725528, 11.6650248], [76.1725411, 11.6650751], [76.1725808, 11.6651803], [76.1725901, 11.6652397], [76.1725714, 11.665274], [76.1725598, 11.6653152], [76.1725574, 11.6653495], [76.1725201, 11.6653861], [76.172492, 11.6654524], [76.1724664, 11.6655004], [76.1724383, 11.6655347], [76.172457, 11.6656067], [76.1724508, 11.6656301], [76.1724465, 11.6656503], [76.1724433, 11.6656896], [76.1724219, 11.6657484], [76.1723661, 11.6657925], [76.1722888, 11.6658724], [76.1722266, 11.6659523], [76.172188, 11.6660405], [76.1721515, 11.6661015], [76.1721279, 11.6661876], [76.1721086, 11.6662507], [76.1720163, 11.6663011], [76.1719562, 11.6663704], [76.1719391, 11.6664167], [76.1719391, 11.666507], [76.1718876, 11.6665533], [76.1718275, 11.6665638], [76.1718218, 11.6665658]]}}, {"type": "Feature", "properties": {"id": 885814843, "name": "unnamed"}, "geometry": {"type": "LineString", "coordinates": [[76.1718218, 11.6665658], [76.1717395, 11.6665953]]}}, {"type": "Feature", "properties": {"id": 885829805, "name": "karamkolli vellakettmoola thodu"}, "geometry": {"type": "LineString", "coordinates": [[76.1892315, 11.6312374], [76.1888327, 11.6315472], [76.1885961, 11.6318746], [76.1883366, 11.6319769], [76.1882364, 11.6319739], [76.1880877, 11.6319962], [76.1879831, 11.6320363], [76.1878723, 11.6320467], [76.1877357, 11.6320824], [76.1876204, 11.6321552], [76.1875537, 11.6322027], [76.1875218, 11.6322414], [76.1874702, 11.6322473], [76.1873245, 11.6322325], [76.1872153, 11.6321745], [76.187103, 11.6320957], [76.1869998, 11.6319917], [76.1868815, 11.6318594], [76.1867753, 11.6317212], [76.1867009, 11.6316885], [76.1866114, 11.6316618], [76.1864202, 11.6316365], [76.1862837, 11.6315979], [76.1861487, 11.6315266], [76.1860091, 11.6314686], [76.1859089, 11.6313348], [76.1858528, 11.6312858], [76.1856844, 11.631268], [76.1855448, 11.6312799], [76.1854568, 11.6312486], [76.1853961, 11.6312026], [76.1852914, 11.6311015], [76.1852322, 11.6311015], [76.1851776, 11.6311491], [76.1851427, 11.6312085], [76.1850972, 11.6312828], [76.1850319, 11.6312932], [76.1849151, 11.6312561], [76.1848256, 11.6311907], [76.1847087, 11.6311164], [76.184645, 11.6310272], [76.1845358, 11.6309172], [76.1844341, 11.6309425], [76.184381, 11.6309202], [76.184252, 11.6308712], [76.1841367, 11.6308251], [76.1840593, 11.6307686], [76.1840169, 11.6307181], [76.1838327, 11.6305537], [76.1833286, 11.6302113], [76.183044, 11.630044], [76.1825643, 11.629606], [76.1821496, 11.6291361], [76.1820879, 11.628842]]}}, {"type": "Feature", "properties": {"id": 885829806, "name": "karamkolli vellakettmoola thodu"}, "geometry": {"type": "LineString", "coordinates": [[76.1931992, 11.6322519], [76.1927626, 11.6323939], [76.192282, 11.6323939], [76.1919492, 11.6323939], [76.1916923, 11.6324974], [76.1915443, 11.6325973], [76.1914703, 11.6326023], [76.1913989, 11.6326086], [76.191321, 11.6325923], [76.1912139, 11.6324774], [76.191182, 11.6324599], [76.1911399, 11.6324499], [76.1911029, 11.6324299], [76.1910276, 11.6324311], [76.1909408, 11.6324074], [76.1908809, 11.6323799], [76.1908196, 11.6323899], [76.190775, 11.6324349], [76.1907431, 11.6324924], [76.1906895, 11.6325049], [76.1906269, 11.6325049], [76.190581, 11.6325286], [76.1905313, 11.6325561], [76.1904534, 11.6325386], [76.1903782, 11.6325024], [76.1903258, 11.6324849], [76.1902633, 11.6324536], [76.1901957, 11.6324311], [76.1901102, 11.6323999], [76.1900337, 11.6323286], [76.1899839, 11.6322974], [76.1899367, 11.6322799], [76.1898806, 11.6322424], [76.1898193, 11.6322149], [76.1898002, 11.6321812], [76.1898142, 11.6321337], [76.189827, 11.6320487], [76.1898295, 11.631925], [76.1898244, 11.6317963], [76.189818, 11.6316701], [76.1897989, 11.6316076], [76.1897172, 11.6315751], [76.1896305, 11.6315389], [76.1895705, 11.6314739], [76.1895016, 11.6314339], [76.1894455, 11.6314364], [76.1893932, 11.6313826], [76.1893664, 11.6312977], [76.1893166, 11.6312589], [76.1892315, 11.6312374]]}}, {"type": "Feature", "properties": {"id": 1035116197, "name": "unnamed"}, "geometry": {"type": "LineString", "coordinates": [[76.1032115, 11.567885], [76.1042797, 11.567752], [76.1049124, 11.5678309]]}}, {"type": "Feature", "properties": {"id": 1035116198, "name": "unnamed"}, "geometry": {"type": "LineString", "coordinates": [[76.1031071, 11.567898], [76.1032115, 11.567885]]}}, {"type": "Feature", "properties": {"id": 1039988070, "name": "mananchery thodu"}, "geometry": {"type": "LineString", "coordinates": [[76.0718997, 11.6853399], [76.0720365, 11.6854941], [76.0720257, 11.6856622], [76.0718916, 11.6856044], [76.0714436, 11.6861073], [76.0713561, 11.6861434], [76.0711489, 11.6863012], [76.0710568, 11.6863869], [76.070937, 11.6864771], [76.0707298, 11.6866936], [76.0705916, 11.6867342], [76.0704304, 11.686901], [76.0699147, 11.6872393], [76.0697305, 11.6872528], [76.0695324, 11.6874151], [76.0691594, 11.6876902], [76.0688581, 11.6877911], [76.0684774, 11.6879042], [76.0683994, 11.687953]]}}, {"type": "Feature", "properties": {"id": 1083280492, "name": "arivaram thodu"}, "geometry": {"type": "LineString", "coordinates": [[76.0915738, 11.6805859], [76.0916752, 11.680727], [76.0918543, 11.6809088], [76.0921359, 11.6808649], [76.0924238, 11.6810278], [76.0925774, 11.6811719], [76.0926477, 11.6812847], [76.0927309, 11.6814727], [76.0928077, 11.6814351], [76.0929229, 11.6814351], [76.0930445, 11.6813098], [76.0932172, 11.6813098], [76.0932748, 11.6814727], [76.0933004, 11.6816231], [76.0936395, 11.6816419], [76.0936843, 11.6820241], [76.0937227, 11.6823688], [76.0938859, 11.6825913], [76.094081, 11.6828575]]}}, {"type": "Feature", "properties": {"id": 1095535319, "name": "anachal thodu"}, "geometry": {"type": "LineString", "coordinates": [[76.0518077, 11.5729093], [76.0518075, 11.5729164], [76.0517769, 11.5729864], [76.0517692, 11.5730714], [76.0517692, 11.5731639], [76.05181, 11.5732414], [76.0518177, 11.5733689], [76.0518049, 11.5735264], [76.0517922, 11.5737064], [76.0517871, 11.5738239], [76.0517718, 11.5739864], [76.0517715, 11.5740453]]}}, {"type": "Feature", "properties": {"id": 1095535699, "name": "unnamed"}, "geometry": {"type": "LineString", "coordinates": [[76.0517715, 11.5740453], [76.0517471, 11.574124], [76.0517007, 11.5742223], [76.0516363, 11.5742686], [76.051544, 11.5742496], [76.0514689, 11.5742791], [76.0513423, 11.5743127], [76.0512029, 11.5743505], [76.0510891, 11.574401], [76.0510012, 11.5744641], [76.0509175, 11.5745082]]}}, {"type": "Feature", "properties": {"id": 1095535700, "name": "vellamkolli thodu"}, "geometry": {"type": "LineString", "coordinates": [[76.0508073, 11.5745187], [76.0507301, 11.5745502], [76.0506443, 11.574586]]}}, {"type": "Feature", "properties": {"id": 1095535701, "name": "unnamed"}, "geometry": {"type": "LineString", "coordinates": [[76.0509175, 11.5745082], [76.0508073, 11.5745187]]}}, {"type": "Feature", "properties": {"id": 1095544406, "name": "anachal thodu"}, "geometry": {"type": "LineString", "coordinates": [[76.0513952, 11.5685297], [76.051468, 11.5686664], [76.0514923, 11.5688448], [76.0514619, 11.5690648], [76.0514983, 11.5692432], [76.051559, 11.5694334], [76.0515712, 11.5696534], [76.0516076, 11.5698615], [76.0516217, 11.5700518], [76.0516474, 11.5701863], [76.0516646, 11.5704049], [76.0517504, 11.5706908], [76.0518082, 11.5710719], [76.0518339, 11.5711391], [76.0518683, 11.5711812], [76.0518361, 11.5713388], [76.0518232, 11.5714061], [76.0517975, 11.5714524], [76.0517889, 11.5715259], [76.0517674, 11.571589], [76.0517331, 11.5716521], [76.0516837, 11.5716794], [76.0516172, 11.5716941], [76.0515636, 11.5717025], [76.0515555, 11.5717529], [76.0515563, 11.5717767], [76.0515582, 11.5717897], [76.0515646, 11.571803], [76.0515711, 11.5718253], [76.0515758, 11.5718456], [76.051579, 11.5718637], [76.0515844, 11.5718787], [76.0515844, 11.5718915], [76.0515825, 11.5718965], [76.0515837, 11.57191], [76.0515891, 11.5719244], [76.0515964, 11.571935], [76.0515993, 11.5719469], [76.0515964, 11.5719616], [76.0515974, 11.5719732], [76.0515993, 11.5719891], [76.0516057, 11.5720188], [76.0516107, 11.5720257], [76.0516116, 11.5720369], [76.0516093, 11.5720439], [76.0516086, 11.5720469], [76.051611, 11.5720582], [76.051614, 11.5720721], [76.0516175, 11.5720816], [76.0516206, 11.5720899], [76.0516232, 11.5720975], [76.051623, 11.5720996], [76.0516245, 11.5721058], [76.0516257, 11.5721146], [76.0516269, 11.5721237], [76.0516253, 11.5721323], [76.0516247, 11.5721361], [76.0516239, 11.57214], [76.0516233, 11.5721437], [76.0516226, 11.5721479], [76.0516217, 11.5721523], [76.0516208, 11.5721562], [76.05162, 11.57216], [76.0516188, 11.5721636], [76.0516187, 11.572167], [76.0516184, 11.5721718], [76.051618, 11.5721776], [76.051618, 11.5721882], [76.051621, 11.5721954], [76.0516237, 11.5722018], [76.0516253, 11.5722154], [76.0516261, 11.5722233], [76.051628, 11.5722393], [76.0516307, 11.5722504], [76.0516316, 11.5722594], [76.051634, 11.5722723], [76.0516412, 11.5722826], [76.0516414, 11.5722899], [76.0516434, 11.5722989], [76.0516423, 11.5723102], [76.051645, 11.5723224], [76.0516516, 11.5723317], [76.0516552, 11.572345], [76.051663, 11.572369], [76.0516565, 11.5723957], [76.0516626, 11.5724113], [76.0516646, 11.5724183], [76.0516679, 11.5724249], [76.0516703, 11.5724298], [76.0516733, 11.5724383], [76.051675, 11.5724426], [76.0516763, 11.5724461], [76.0516773, 11.572452], [76.0516779, 11.5724557], [76.0516783, 11.5724582], [76.05168, 11.5724636], [76.0516818, 11.5724676], [76.0516813, 11.5724767], [76.051687, 11.572489], [76.0516883, 11.5725065], [76.0516927, 11.5725204], [76.0516986, 11.5725346], [76.0516978, 11.5725446], [76.0516959, 11.5725559], [76.051697, 11.5725722], [76.0516986, 11.5725922], [76.0517082, 11.5726248]]}}, {"type": "Feature", "properties": {"id": 1095544633, "name": "anachal thodu"}, "geometry": {"type": "LineString", "coordinates": [[76.0517082, 11.5726248], [76.0518624, 11.572717], [76.0518109, 11.5728053]]}}, {"type": "Feature", "properties": {"id": 1095544634, "name": "anachal thodu"}, "geometry": {"type": "LineString", "coordinates": [[76.0518109, 11.5728053], [76.0518077, 11.5729093]]}}, {"type": "Feature", "properties": {"id": 1095561458, "name": "unnamed"}, "geometry": {"type": "LineString", "coordinates": [[76.0504402, 11.5872388], [76.0503479, 11.5872829], [76.0502835, 11.5873081], [76.050202, 11.5873397], [76.0501634, 11.5873481], [76.0501162, 11.5873775], [76.0500883, 11.5873565], [76.0500368, 11.5873628], [76.0500175, 11.5874153], [76.0499037, 11.5873964], [76.0498823, 11.587367], [76.0497879, 11.5873544], [76.0497643, 11.5873964], [76.0497407, 11.5874322], [76.0497149, 11.5874364], [76.0496956, 11.5873859], [76.0496591, 11.5873229], [76.0496291, 11.5872829], [76.0496119, 11.5872178], [76.0495583, 11.5871211], [76.0495089, 11.5870454], [76.0494682, 11.5869928], [76.0494403, 11.5869256], [76.0494124, 11.5868688], [76.0493673, 11.5868016], [76.049333, 11.5867553], [76.0492729, 11.5866292]]}}, {"type": "Feature", "properties": {"id": 1095561538, "name": "unnamed"}, "geometry": {"type": "LineString", "coordinates": [[76.0504407, 11.5876004], [76.0503871, 11.587592], [76.0503249, 11.5875836], [76.0502648, 11.5875731], [76.0502111, 11.5875584], [76.0501253, 11.5875395], [76.0500738, 11.5874974], [76.0500137, 11.587489], [76.0499215, 11.5874995], [76.0498485, 11.5874995], [76.0497691, 11.5875142]]}}, {"type": "Feature", "properties": {"id": 1095572510, "name": "unnamed"}, "geometry": {"type": "LineString", "coordinates": [[76.0570322, 11.5651068], [76.057093, 11.5649454], [76.0570129, 11.5646892], [76.0569127, 11.564395], [76.0568832, 11.5643635], [76.056855, 11.5643096], [76.0568296, 11.5642584], [76.0567598, 11.5641585], [76.0567075, 11.5641283], [76.0566579, 11.564102], [76.056611, 11.5640652], [76.056559, 11.5640263], [76.0565412, 11.5639601], [76.0565144, 11.563897], [76.0564715, 11.5638116], [76.05645, 11.5637538], [76.0564165, 11.5636973], [76.0563991, 11.5636382], [76.0563065, 11.563654], [76.0562918, 11.5636356], [76.0562569, 11.5636356], [76.056222, 11.5636238], [76.0562086, 11.563587], [76.0562126, 11.5635475], [76.0561617, 11.5635357], [76.056096, 11.5634937], [76.0559847, 11.563428], [76.055925, 11.5634003], [76.0558731, 11.5633594], [76.0557677, 11.5632779], [76.0556383, 11.5630666], [76.0556629, 11.5629096], [76.0555859, 11.5627044], [76.0555181, 11.5625112], [76.055475, 11.5624327]]}}, {"type": "Feature", "properties": {"id": 1095788230, "name": "unnamed"}, "geometry": {"type": "LineString", "coordinates": [[76.0582087, 11.5498297], [76.0581985, 11.5498228], [76.058187, 11.5498172], [76.058178, 11.5498109], [76.0581717, 11.5498066], [76.0581627, 11.5498003], [76.0581519, 11.5497928], [76.0581417, 11.5497859], [76.0581398, 11.5497753], [76.0581296, 11.5497622], [76.0581481, 11.5497697], [76.0581506, 11.5497616], [76.0581519, 11.5497522], [76.0581557, 11.5497409], [76.0581608, 11.5497266], [76.058157, 11.5497191], [76.0581442, 11.5497153], [76.0581359, 11.5497109], [76.058127, 11.5497034], [76.0581181, 11.5497053], [76.0581111, 11.5497103], [76.0580996, 11.5497103], [76.0580913, 11.5497109], [76.0580945, 11.5497184], [76.058083, 11.5497172], [76.0580721, 11.5497172], [76.0580607, 11.5497234], [76.058053, 11.5497291], [76.0580428, 11.5497347], [76.0580351, 11.5497478], [76.0580262, 11.5497616], [76.0580173, 11.5497716], [76.0580032, 11.5497822], [76.0579937, 11.5497866], [76.0579828, 11.5497903], [76.0579739, 11.5498016], [76.0579662, 11.5498097], [76.0579586, 11.5498184], [76.057956, 11.5498259], [76.0579471, 11.5498284], [76.0579369, 11.5498303], [76.0579305, 11.5498403], [76.0579267, 11.5498478], [76.0579171, 11.549852], [76.0579095, 11.5498584], [76.0579031, 11.5498659], [76.0578922, 11.5498766], [76.0578827, 11.5498841], [76.0578744, 11.5498897], [76.057868, 11.5498947], [76.0578591, 11.5498978], [76.0578527, 11.5499059], [76.0578444, 11.5499047], [76.0578355, 11.5498972], [76.0578272, 11.5499009], [76.0578157, 11.5499016], [76.0578087, 11.5499078], [76.0578017, 11.5499178], [76.057794, 11.5499203], [76.0577876, 11.5499297], [76.05778, 11.5499384], [76.0577717, 11.5499372], [76.0577621, 11.5499359], [76.0577525, 11.5499359], [76.0577513, 11.5499441], [76.0577455, 11.5499484], [76.0577385, 11.5499534], [76.0577321, 11.5499622], [76.0577264, 11.5499709], [76.0577252, 11.5499821], [76.0577174, 11.5499797], [76.0577085, 11.5499847], [76.0577028, 11.5499934], [76.0576951, 11.5499991], [76.0576855, 11.5499991], [76.0576779, 11.5500034], [76.0576677, 11.5500122], [76.0576639, 11.5500191], [76.0576645, 11.5500272], [76.0576683, 11.5500359], [76.0576452, 11.5500586], [76.0576195, 11.5500775], [76.057598, 11.5500943], [76.057583, 11.5501196], [76.0575615, 11.5501322], [76.0575379, 11.5501406], [76.0575143, 11.5501469], [76.0574907, 11.5501679], [76.0574693, 11.5501826], [76.0574392, 11.5501995], [76.0574157, 11.5502256], [76.0574122, 11.5502435], [76.0574122, 11.5502614], [76.0574137, 11.5502881], [76.0574127, 11.5503081], [76.0573985, 11.5503327], [76.0573864, 11.5503565], [76.0573409, 11.5503654], [76.0573136, 11.5503639], [76.0572387, 11.5503418], [76.0570892, 11.5503033], [76.0568415, 11.5502493], [76.0564836, 11.5500914], [76.0562713, 11.5500374], [76.055996, 11.5500451], [76.0555831, 11.5499142], [76.0553432, 11.5499296], [76.0551162, 11.5500483], [76.0548753, 11.550181], [76.0544194, 11.5502187], [76.053979, 11.5503291], [76.0535434, 11.5503525], [76.053004, 11.5502689], [76.0528572, 11.5501786], [76.052666, 11.5500113], [76.0526216, 11.5496133], [76.0525636, 11.549242], [76.0522495, 11.5490514], [76.0518934, 11.5489095]]}}, {"type": "Feature", "properties": {"id": 1096902522, "name": "unnamed"}, "geometry": {"type": "LineString", "coordinates": [[76.0506443, 11.574586], [76.05056, 11.5746027], [76.0504886, 11.5746027], [76.0504171, 11.5746427], [76.050315, 11.5746627], [76.0501977, 11.5746977], [76.0501109, 11.5747677], [76.0499884, 11.5748477], [76.0498965, 11.5748727], [76.0498047, 11.5749577], [76.0497026, 11.5749877], [76.0496465, 11.5750477], [76.0495597, 11.5751076], [76.0494985, 11.5751626], [76.049427, 11.5752176], [76.0493505, 11.5752676], [76.0492892, 11.5753276], [76.0492535, 11.5753776], [76.0492025, 11.5754426], [76.0491463, 11.5754776], [76.0490749, 11.5755526], [76.0490749, 11.5756426], [76.04908, 11.5757126], [76.0490647, 11.5757676], [76.0490596, 11.5758376], [76.0490596, 11.5758976], [76.04908, 11.5759626], [76.0491157, 11.5760276], [76.0491616, 11.5760826], [76.0491974, 11.5761376], [76.0492521, 11.5762253], [76.0491331, 11.5762966], [76.0491637, 11.5763616], [76.0492402, 11.5764066], [76.0492862, 11.5764616], [76.049327, 11.5765115], [76.0493831, 11.5765515], [76.0494597, 11.5766365], [76.0493576, 11.5767365], [76.0492913, 11.5767365], [76.0491994, 11.5767715], [76.0491031, 11.5767896], [76.0490358, 11.5768797], [76.0490004, 11.5769365], [76.0489697, 11.5770065], [76.0489391, 11.5770565], [76.048934, 11.5771415], [76.0489748, 11.5772065], [76.0490011, 11.5772796], [76.0490361, 11.5773615], [76.049082, 11.5774065], [76.0491331, 11.5774715], [76.0490922, 11.5775365], [76.0490463, 11.5776015], [76.0490616, 11.5776865], [76.0490922, 11.5777665], [76.0491228, 11.5778365], [76.049179, 11.5779165], [76.0491446, 11.57808]]}}, {"type": "Feature", "properties": {"id": 1096902523, "name": "unnamed"}, "geometry": {"type": "LineString", "coordinates": [[76.0509509, 11.5795442], [76.0508659, 11.5795679], [76.0508113, 11.5795352], [76.0507809, 11.5794817], [76.0507809, 11.5794431], [76.0507566, 11.5794193], [76.0507172, 11.5794015], [76.0506626, 11.5794015], [76.0506292, 11.5794312], [76.050611, 11.5794609], [76.0505776, 11.5794877], [76.0505412, 11.5795025], [76.0504957, 11.5795025], [76.0504593, 11.5794639], [76.0504168, 11.5794342], [76.0503925, 11.5794074], [76.05035, 11.5793985], [76.0503075, 11.5793985], [76.050259, 11.5793866], [76.0502195, 11.5793866], [76.0501861, 11.5794163], [76.0501346, 11.5794163], [76.050089, 11.5793955], [76.0500557, 11.5793539], [76.0499798, 11.5793925], [76.0499585, 11.579449], [76.0498979, 11.5794371], [76.0498317, 11.5794901], [76.0497158, 11.5795085], [76.0496251, 11.5795267], [76.0495792, 11.5795217]]}}, {"type": "Feature", "properties": {"id": 1096902524, "name": "anjil thodu"}, "geometry": {"type": "LineString", "coordinates": [[76.0543369, 11.5794785], [76.0543016, 11.579617], [76.0542529, 11.5796791], [76.0541895, 11.5797556], [76.0540383, 11.5798224], [76.0539371, 11.5798548], [76.0538649, 11.5798673], [76.0537927, 11.5799005], [76.0536824, 11.5799629], [76.0536059, 11.5800003], [76.0535295, 11.5800794], [76.0534404, 11.5801126], [76.0533809, 11.5800918], [76.0533173, 11.5800586], [76.0532239, 11.5800794], [76.0530729, 11.5801015], [76.0530092, 11.5801306], [76.0529328, 11.5802138], [76.0528818, 11.580272], [76.0528394, 11.5803261], [76.052729, 11.580322], [76.0526144, 11.5802804], [76.0524913, 11.5802346], [76.0524063, 11.5802471], [76.0523012, 11.5802612], [76.0522626, 11.5802528], [76.0522283, 11.5802528], [76.0522025, 11.5802528], [76.0521725, 11.5802549], [76.0521446, 11.580257], [76.0521189, 11.5802507], [76.0520953, 11.5802339], [76.0520781, 11.580215], [76.0520631, 11.580196], [76.0520352, 11.5801897], [76.0520137, 11.580175], [76.0520051, 11.5801498], [76.0519794, 11.5801309], [76.0519751, 11.5801035], [76.0519665, 11.5800762], [76.0519343, 11.5800678], [76.0518936, 11.5800489], [76.0518678, 11.5800174], [76.0518292, 11.580009], [76.0518034, 11.5800026], [76.0517712, 11.5799816], [76.0517562, 11.5799375], [76.0517412, 11.5799102], [76.0517219, 11.5798912], [76.0516876, 11.5798807], [76.0516833, 11.5798492], [76.0516854, 11.5798219], [76.0516682, 11.5798029], [76.0516425, 11.5797924], [76.051606, 11.5797861], [76.0515695, 11.5797798], [76.0515416, 11.5797777], [76.0515009, 11.5797756], [76.0514601, 11.579763], [76.0514043, 11.579763], [76.0513528, 11.5797693], [76.0513206, 11.5797798], [76.0512949, 11.5797714], [76.0512627, 11.5797735], [76.0512327, 11.5797756], [76.0512091, 11.5797861], [76.0511854, 11.5797945], [76.0511597, 11.5797819], [76.0511447, 11.5797525], [76.0511339, 11.5797252], [76.0510996, 11.5797105], [76.0510674, 11.5797042], [76.0510674, 11.5796789], [76.0510825, 11.5796411], [76.0510782, 11.5796138], [76.0510503, 11.5795948], [76.0510245, 11.5795696], [76.0509988, 11.579557], [76.0509509, 11.5795442]]}}, {"type": "Feature", "properties": {"id": 1102119523, "name": "unnamed"}, "geometry": {"type": "LineString", "coordinates": [[76.0863812, 11.5740889], [76.0865309, 11.5740684], [76.0872427, 11.5739516], [76.0873619, 11.5740147], [76.0873651, 11.5742167], [76.0874295, 11.5743713], [76.0876711, 11.5743586], [76.0877226, 11.5743397], [76.0877983, 11.5745006], [76.0879288, 11.5747294], [76.0881194, 11.5754806], [76.0889001, 11.5761607]]}}, {"type": "Feature", "properties": {"id": 1102119524, "name": "unnamed"}, "geometry": {"type": "LineString", "coordinates": [[76.0889001, 11.5761607], [76.0887745, 11.5762999], [76.0887276, 11.5765018], [76.0888065, 11.5766249], [76.0887534, 11.5768442], [76.0887227, 11.5771567]]}}, {"type": "Feature", "properties": {"id": 1102119525, "name": "unnamed"}, "geometry": {"type": "LineString", "coordinates": [[76.0887227, 11.5771567], [76.0887472, 11.5783649], [76.0886381, 11.5786291], [76.0883624, 11.5793059], [76.0881594, 11.5798076], [76.0879626, 11.5798577], [76.0879497, 11.579965], [76.0880512, 11.5800786], [76.0882783, 11.5800975], [76.0883878, 11.5802379], [76.087728, 11.5804691]]}}, {"type": "Feature", "properties": {"id": 1102119526, "name": "unnamed"}, "geometry": {"type": "LineString", "coordinates": [[76.0796279, 11.5718423], [76.0796072, 11.5720594], [76.0797881, 11.5721554], [76.0801349, 11.5723253], [76.0804138, 11.5722957], [76.0806475, 11.5722071], [76.0808737, 11.5721776], [76.0811934, 11.5721296], [76.0813426, 11.5721077], [76.0815341, 11.5720516], [76.0818587, 11.5720082], [76.0822579, 11.5720273], [76.0823552, 11.5721418], [76.0825889, 11.5724232], [76.0827155, 11.5729383], [76.0827447, 11.5732101], [76.082927, 11.5735128], [76.0830856, 11.5737643], [76.0832366, 11.5740232], [76.0834782, 11.5741415], [76.0836475, 11.5741951], [76.0836899, 11.5740763], [76.08366, 11.5739812], [76.083807, 11.5739031], [76.0839464, 11.5739617], [76.0841233, 11.5739543], [76.0842179, 11.5739739], [76.0845877, 11.5741685], [76.0847687, 11.5741702], [76.0849049, 11.5739572], [76.0852597, 11.5738759], [76.0856221, 11.5738907], [76.0860827, 11.5740164], [76.0863812, 11.5740889]]}}, {"type": "Feature", "properties": {"id": 1102163764, "name": "unnamed"}, "geometry": {"type": "LineString", "coordinates": [[76.07508, 11.5705858], [76.0753972, 11.5706388], [76.0756763, 11.5707476], [76.0758751, 11.5708464], [76.0759525, 11.5710168], [76.0758795, 11.5711499], [76.0756983, 11.5712945], [76.0755828, 11.5712687], [76.0754337, 11.5712129], [76.0752218, 11.5712301], [76.0751414, 11.5712086], [76.0750947, 11.5712602], [76.0750932, 11.5713418], [76.0751707, 11.5714921], [76.0752174, 11.5716539], [76.0752072, 11.5717384], [76.075118, 11.5718057], [76.0750771, 11.5718772], [76.0751493, 11.5719868]]}}, {"type": "Feature", "properties": {"id": 1105470798, "name": "unnamed"}, "geometry": {"type": "LineString", "coordinates": [[76.0603421, 11.5781957], [76.0602876, 11.5781925], [76.0602457, 11.5782199], [76.0602101, 11.5782373], [76.060162, 11.5782634], [76.0601183, 11.5782872], [76.060077, 11.5782993], [76.0600314, 11.5783168], [76.0599762, 11.5783291], [76.0599209, 11.5783436], [76.0598695, 11.5783658], [76.0598089, 11.5783758], [76.0597562, 11.5784104], [76.0596877, 11.5784427], [76.0596359, 11.5784825], [76.0596041, 11.5785167], [76.0595932, 11.5785434]]}}, {"type": "Feature", "properties": {"id": 1105470799, "name": "unnamed"}, "geometry": {"type": "LineString", "coordinates": [[76.0605032, 11.5783355], [76.0604944, 11.5782895], [76.0604766, 11.5782398], [76.0604779, 11.5782037], [76.0604618, 11.5782028]]}}, {"type": "Feature", "properties": {"id": 1105470800, "name": "unnamed"}, "geometry": {"type": "LineString", "coordinates": [[76.0604618, 11.5782028], [76.0603421, 11.5781957]]}}, {"type": "Feature", "properties": {"id": 1105471408, "name": "unnamed"}, "geometry": {"type": "LineString", "coordinates": [[76.0595932, 11.5785434], [76.0595698, 11.5785692], [76.0595554, 11.5785888], [76.0595467, 11.5785961], [76.0595204, 11.5786096], [76.0594991, 11.5786372], [76.0594885, 11.5786403], [76.0594566, 11.5786513], [76.0594044, 11.5786568], [76.059324, 11.5786962], [76.0592614, 11.5787334], [76.0591775, 11.5787728]]}}, {"type": "Feature", "properties": {"id": 1105472704, "name": "unnamed"}, "geometry": {"type": "LineString", "coordinates": [[76.0591242, 11.5791272], [76.0591203, 11.5790829], [76.059136, 11.579029], [76.0591537, 11.5789462], [76.0591832, 11.5788999], [76.0591773, 11.5788441], [76.0591906, 11.5788162], [76.0591932, 11.5787932], [76.0591775, 11.5787728], [76.0591436, 11.5787651], [76.0591019, 11.5787523], [76.0590712, 11.5787444], [76.0590305, 11.5787379], [76.0590008, 11.5787379], [76.058971, 11.5787433], [76.0589468, 11.5787487], [76.0589225, 11.5787552], [76.0588994, 11.5787552], [76.0588598, 11.5787595], [76.0588245, 11.5787671], [76.0588003, 11.5787736], [76.0587849, 11.5787811], [76.0587705, 11.5787811], [76.058732, 11.5787822], [76.0586857, 11.5787671], [76.0586527, 11.5787477], [76.0586196, 11.578739], [76.0585943, 11.5787369], [76.0585723, 11.5787336], [76.0585613, 11.5787336], [76.058537, 11.5787347], [76.0585139, 11.5787293], [76.0584798, 11.5787336], [76.0584654, 11.5787347], [76.0583707, 11.5787228], [76.0583311, 11.578711], [76.0583002, 11.5787002], [76.0582881, 11.5786969], [76.0582628, 11.5786808], [76.0582264, 11.5786646], [76.0581945, 11.5786527], [76.0581658, 11.5786344], [76.0581526, 11.5786193], [76.0580919, 11.5785946], [76.0580612, 11.5785512], [76.058051, 11.5784642], [76.0580464, 11.5784274], [76.058038, 11.5784027], [76.0580245, 11.5783878], [76.0579858, 11.5783878], [76.0579083, 11.5783994], [76.0578848, 11.5784027], [76.0578578, 11.5784093], [76.0578275, 11.578401], [76.0578053, 11.5783683], [76.0577825, 11.5783422], [76.0577488, 11.5783268], [76.0577043, 11.5783183], [76.057663, 11.5783162], [76.0576391, 11.5783247], [76.0576152, 11.5783194], [76.0576016, 11.5783183]]}}, {"type": "Feature", "properties": {"id": 1106542462, "name": "unnamed"}, "geometry": {"type": "LineString", "coordinates": [[76.0611937, 11.5779745], [76.0611371, 11.5779768], [76.0610522, 11.57803], [76.0609295, 11.5780993], [76.060795, 11.5781386], [76.0606676, 11.5781525], [76.0606039, 11.578104], [76.0604618, 11.5782028]]}}, {"type": "Feature", "properties": {"id": 1107391413, "name": "unnamed"}, "geometry": {"type": "LineString", "coordinates": [[76.0576152, 11.5783194], [76.0574715, 11.5781838], [76.0572638, 11.57816], [76.0570131, 11.5781312], [76.0567546, 11.5779449], [76.0565644, 11.577964], [76.0560524, 11.5779449], [76.0557305, 11.5778923], [76.0555793, 11.5779688], [76.0553658, 11.5781029], [76.0553238, 11.578166], [76.0552846, 11.5782346], [76.0552314, 11.5782923], [76.0552061, 11.5783389], [76.0551949, 11.5783664], [76.0552202, 11.5784158], [76.0552258, 11.5784432], [76.0551865, 11.5784926], [76.0551361, 11.5785283], [76.0550437, 11.5785886], [76.0550465, 11.5786792], [76.0549933, 11.5787176], [76.0549064, 11.578745], [76.0548448, 11.5788081], [76.054842, 11.5788905], [76.0548504, 11.5789645], [76.0547832, 11.5790551], [76.0546936, 11.5791182], [76.0546207, 11.5792115], [76.0545625, 11.5793062], [76.054532, 11.5793182], [76.0544883, 11.5793411], [76.054472, 11.5793779], [76.0544304, 11.5793879], [76.0543704, 11.5794476], [76.0543369, 11.5794785]]}}, {"type": "Feature", "properties": {"id": 1108265863, "name": "chundavayal thodu"}, "geometry": {"type": "LineString", "coordinates": [[76.0576744, 11.5666653], [76.0575199, 11.5665597], [76.0574878, 11.56654], [76.0574516, 11.5665243], [76.0574341, 11.5664848], [76.0574288, 11.5664257], [76.0574288, 11.5663692], [76.057418, 11.566314], [76.0573912, 11.5662786], [76.0573724, 11.5662523], [76.0573657, 11.5662208], [76.0573389, 11.5661879], [76.0573148, 11.566138], [76.0572973, 11.5661012], [76.0572785, 11.5660618], [76.0572624, 11.5660316], [76.0572401, 11.5659935], [76.057217, 11.5659595], [76.0571862, 11.5659203], [76.05717, 11.5658886], [76.0571451, 11.5658631], [76.0571132, 11.5658111], [76.0570939, 11.5657501], [76.0570682, 11.5656586], [76.0570542, 11.5656014], [76.0570355, 11.5655053], [76.0570612, 11.5654115], [76.0570635, 11.5653337], [76.0570705, 11.5652445], [76.0570322, 11.5651068]]}}, {"type": "Feature", "properties": {"id": 1108269201, "name": "unnamed"}, "geometry": {"type": "LineString", "coordinates": [[76.0515365, 11.5585653], [76.0517728, 11.5585994], [76.0519522, 11.5587562], [76.0522657, 11.5586242], [76.0524522, 11.5586553], [76.0526597, 11.5587052], [76.0531983, 11.5587962]]}}, {"type": "Feature", "properties": {"id": 1108270391, "name": "chundavayal thodu"}, "geometry": {"type": "LineString", "coordinates": [[76.055475, 11.5624327], [76.0554212, 11.5624882], [76.0553041, 11.5625516], [76.0551375, 11.5623936], [76.0549133, 11.5620916], [76.0548376, 11.5620122], [76.054797, 11.5618608], [76.0548864, 11.5616736], [76.0546791, 11.5614744], [76.0546181, 11.5613231], [76.0543782, 11.5611478], [76.0541506, 11.5609407], [76.0540571, 11.5608531], [76.0538967, 11.5607472], [76.0538253, 11.5603234], [76.0538294, 11.5601481], [76.0538328, 11.5600224], [76.053817, 11.5599862], [76.0537914, 11.5599611], [76.0537695, 11.5599397], [76.0537405, 11.5599112], [76.0537088, 11.5599086], [76.0536323, 11.5599293], [76.0535795, 11.5599474], [76.053511, 11.5599655], [76.0534186, 11.5600017], [76.0533405, 11.5600456], [76.0533053, 11.5601087], [76.0532973, 11.5601875], [76.0532919, 11.5602874], [76.053308, 11.5603793], [76.0533322, 11.5604818], [76.0533402, 11.5605607], [76.0532884, 11.5606956], [76.0532658, 11.5607341], [76.0532162, 11.5607945], [76.0531384, 11.5608076], [76.0530092, 11.5607805], [76.0529412, 11.5607708], [76.0528648, 11.560759], [76.0528366, 11.5607577], [76.0528081, 11.5607708]]}}, {"type": "Feature", "properties": {"id": 1108497186, "name": "unnamed"}, "geometry": {"type": "LineString", "coordinates": [[76.0570025, 11.56574], [76.0570682, 11.5656586]]}}, {"type": "Feature", "properties": {"id": 1108497187, "name": "chundavayal kaithodu2"}, "geometry": {"type": "LineString", "coordinates": [[76.0556934, 11.5665785], [76.0558928, 11.5664902], [76.056324, 11.5663011], [76.0567744, 11.5659607], [76.0568388, 11.5657779], [76.0569248, 11.565758], [76.0570025, 11.56574]]}}, {"type": "Feature", "properties": {"id": 1108947313, "name": "vattakundu thodu"}, "geometry": {"type": "LineString", "coordinates": [[76.0624493, 11.5579927], [76.0624187, 11.5579113], [76.0623618, 11.557847], [76.0623531, 11.5577741], [76.0622918, 11.5577055], [76.0622131, 11.5576584], [76.0621562, 11.5576369], [76.0620993, 11.5576198], [76.0620512, 11.5575941], [76.0619943, 11.5575769], [76.0619637, 11.5575298], [76.0619637, 11.5574569], [76.0619199, 11.5574312], [76.0618499, 11.557414], [76.0618106, 11.5573712], [76.0617581, 11.5573498], [76.0616924, 11.5573112], [76.0616487, 11.5572512], [76.0616312, 11.5571954], [76.0615656, 11.5572169], [76.0615087, 11.5572769], [76.0614693, 11.557324], [76.0614256, 11.5573626], [76.0613731, 11.5573926], [76.0612987, 11.5573712], [76.0612943, 11.5572983], [76.0612899, 11.5572212], [76.0612943, 11.5571397], [76.0612112, 11.5570197], [76.0611849, 11.556964], [76.0611499, 11.5569297], [76.0610843, 11.5570197], [76.0610843, 11.5570969], [76.0610406, 11.5571483], [76.0609706, 11.557174], [76.0609181, 11.5572126], [76.0608656, 11.5572512], [76.0607999, 11.5572469], [76.0607256, 11.5572512], [76.0606599, 11.5572255], [76.0605549, 11.5572297], [76.0604849, 11.5572426], [76.0604281, 11.5573026], [76.0603843, 11.5573498], [76.0603012, 11.557354], [76.0602049, 11.557354], [76.0601524, 11.557384], [76.0600912, 11.5574312], [76.0600562, 11.5574826], [76.0599774, 11.5575298], [76.0598987, 11.5576155], [76.0598068, 11.5576455], [76.059728, 11.5576627], [76.0596143, 11.5576712], [76.0595618, 11.5576712], [76.0594655, 11.5576712], [76.0593168, 11.5577098], [76.0592293, 11.5576969], [76.0591724, 11.5577184], [76.0591112, 11.5577612], [76.0590499, 11.5577527], [76.058993, 11.5577055], [76.0589362, 11.5576669], [76.0588662, 11.5576627], [76.0587918, 11.5577055], [76.0587349, 11.5577698], [76.0586955, 11.557817], [76.058643, 11.557847], [76.0585512, 11.5578641], [76.0584943, 11.5578855], [76.0584112, 11.557907], [76.058363, 11.5578727], [76.058293, 11.5578298], [76.0582449, 11.5577955], [76.0581443, 11.5577827], [76.0580962, 11.5578427], [76.0580437, 11.5579156], [76.0580393, 11.5579756], [76.0579503, 11.5579681], [76.0578278, 11.5580066], [76.0577622, 11.5579423], [76.0576966, 11.5578438], [76.0576266, 11.5578823], [76.0575741, 11.5579295], [76.0575128, 11.5579423], [76.0574603, 11.5579209], [76.0574035, 11.5578909], [76.0573466, 11.5578823], [76.0573028, 11.5578352], [76.0572241, 11.5578352], [76.0571716, 11.557818], [76.0571191, 11.557788], [76.0570578, 11.5577795], [76.0569747, 11.5577966], [76.0569178, 11.5577795], [76.0568522, 11.5577752], [76.0567822, 11.5577709], [76.0567253, 11.5577537], [76.056592, 11.5578555], [76.0564557, 11.5580246], [76.0564353, 11.5581982], [76.056508, 11.558483], [76.0565829, 11.5587121], [76.056508, 11.5588724], [76.0563153, 11.5591242], [76.0560972, 11.5592716], [76.0561649, 11.559537], [76.0562928, 11.5597655], [76.0565916, 11.5599873], [76.0566539, 11.561247], [76.0566539, 11.5615271], [76.0564959, 11.5616893], [76.0562702, 11.5616008], [76.0558264, 11.5615751], [76.0557078, 11.5616156], [76.0555839, 11.5617404], [76.0554618, 11.561912], [76.0554583, 11.5620126], [76.0554671, 11.5621235], [76.0554689, 11.5622016], [76.055475, 11.5624327]]}}, {"type": "Feature", "properties": {"id": 1108957731, "name": "unnamed"}, "geometry": {"type": "LineString", "coordinates": [[76.053906, 11.5589875], [76.0540021, 11.5592002], [76.0540591, 11.5594652], [76.0540626, 11.5596116], [76.0540697, 11.5598278], [76.0540529, 11.5599044], [76.0539194, 11.5599329], [76.0537914, 11.5599611]]}}, {"type": "Feature", "properties": {"id": 1111715123, "name": "unnamed"}, "geometry": {"type": "LineString", "coordinates": [[76.0600384, 11.5713883], [76.0600384, 11.571413], [76.06003, 11.5714477], [76.0600048, 11.5714988], [76.0599795, 11.57154], [76.0599694, 11.571601], [76.0599467, 11.571659]]}}, {"type": "Feature", "properties": {"id": 1111717321, "name": "anappara thodu"}, "geometry": {"type": "LineString", "coordinates": [[76.0604372, 11.5664586], [76.0603151, 11.5664149], [76.0602084, 11.5663389], [76.0600669, 11.5662477], [76.059968, 11.5661888], [76.0599195, 11.5661338], [76.0598807, 11.5661205], [76.0598632, 11.5661015], [76.0598613, 11.566073], [76.0598613, 11.5660445], [76.0598439, 11.5660274], [76.0597896, 11.5660293], [76.0596868, 11.566073], [76.0595472, 11.5661623], [76.0594056, 11.5662154], [76.0593106, 11.5662363], [76.0591865, 11.5662097], [76.0590158, 11.5661926], [76.0589286, 11.5661736], [76.0588103, 11.566168], [76.0587172, 11.5661604], [76.0585912, 11.5661642], [76.0584884, 11.5662002], [76.0583934, 11.5662496], [76.0583953, 11.5663104], [76.0584011, 11.5663769], [76.058372, 11.5664225], [76.0583391, 11.5664396], [76.058277, 11.5664263], [76.058141, 11.5665032], [76.0581054, 11.566631], [76.0579069, 11.5666919], [76.0576744, 11.5666653]]}}, {"type": "Feature", "properties": {"id": 1111717323, "name": "chundavayal kaithodu"}, "geometry": {"type": "LineString", "coordinates": [[76.0599467, 11.571659], [76.0598877, 11.5717553], [76.0598091, 11.57184], [76.0597383, 11.5718709], [76.0596596, 11.5719286], [76.0595534, 11.5719633], [76.0594315, 11.5720327], [76.0593057, 11.5720404], [76.0592192, 11.5720134]]}}, {"type": "Feature", "properties": {"id": 1111717962, "name": "unnamed"}, "geometry": {"type": "LineString", "coordinates": [[76.0592192, 11.5720134], [76.0590866, 11.5719787], [76.0589463, 11.5720237], [76.0587377, 11.5721151]]}}, {"type": "Feature", "properties": {"id": 1112197118, "name": "kinfra thodu"}, "geometry": {"type": "LineString", "coordinates": [[76.063223, 11.5807651], [76.0627577, 11.5804288], [76.0624825, 11.5801468], [76.062082, 11.5798495], [76.0618392, 11.579469], [76.0614629, 11.579136], [76.0611716, 11.5789339], [76.0610016, 11.5786485], [76.0605032, 11.5783355]]}}, {"type": "Feature", "properties": {"id": 1112199584, "name": "kattadi pathi thodu"}, "geometry": {"type": "LineString", "coordinates": [[76.0513884, 11.5500393], [76.0514415, 11.5501166], [76.0514961, 11.5501686], [76.0515341, 11.5502251], [76.051572, 11.550292], [76.0516023, 11.55035], [76.0516585, 11.5504332], [76.0518299, 11.5505239], [76.0519225, 11.5506473], [76.0519559, 11.5507707], [76.0519817, 11.5509788], [76.0519752, 11.5510367], [76.0519619, 11.5511557], [76.0518815, 11.5512419], [76.0518057, 11.5513088], [76.0516797, 11.5513594], [76.051613, 11.5514158], [76.0516008, 11.5514753], [76.0513838, 11.551603]]}}, {"type": "Feature", "properties": {"id": 1112199585, "name": "kannadichola thodu"}, "geometry": {"type": "LineString", "coordinates": [[76.0513027, 11.5516373], [76.0509947, 11.5517354], [76.050854, 11.5517655], [76.050417, 11.551971], [76.0498632, 11.5522152], [76.049517, 11.5523644], [76.0493786, 11.5532122], [76.0488663, 11.5541686], [76.0483609, 11.5546841], [76.048354, 11.5555048], [76.0483955, 11.5561899], [76.0483023, 11.556597]]}}, {"type": "Feature", "properties": {"id": 1112199586, "name": "unnamed"}, "geometry": {"type": "LineString", "coordinates": [[76.0513838, 11.551603], [76.0513027, 11.5516373]]}}, {"type": "Feature", "properties": {"id": 1112202078, "name": "kattadipathi kaithodu"}, "geometry": {"type": "LineString", "coordinates": [[76.0535525, 11.5512838], [76.0535252, 11.5513581], [76.0534767, 11.5513789], [76.053419, 11.5513938], [76.053328, 11.5513521], [76.0532642, 11.5512778], [76.0532217, 11.5512332], [76.053152, 11.5511916], [76.053152, 11.5511411], [76.0531793, 11.5511054], [76.0531004, 11.5510281], [76.0530609, 11.5509983], [76.0529972, 11.5509954], [76.0529335, 11.5509805], [76.0528485, 11.5509359], [76.0527817, 11.550921], [76.0527059, 11.5508973], [76.05263, 11.5508794], [76.052545, 11.5508705], [76.052457, 11.5508646], [76.0523903, 11.5508883], [76.0523235, 11.550921], [76.0522537, 11.5509538], [76.0521779, 11.5509865], [76.0519752, 11.5510367]]}}, {"type": "Feature", "properties": {"id": 1112205716, "name": "unnamed"}, "geometry": {"type": "LineString", "coordinates": [[76.0518934, 11.5489095], [76.0518028, 11.5489494], [76.051762, 11.5490692], [76.0516805, 11.5491447], [76.0515536, 11.5492246], [76.0514268, 11.5493044], [76.051386, 11.549371], [76.0513498, 11.5494376], [76.0513226, 11.5495885], [76.0513407, 11.5497216], [76.0513724, 11.5498503], [76.0513884, 11.5500393]]}}, {"type": "Feature", "properties": {"id": 1115917416, "name": "kindikunnu thodu"}, "geometry": {"type": "LineString", "coordinates": [[76.0779297, 11.6686727], [76.0779592, 11.6685966], [76.0779646, 11.6684836], [76.0779861, 11.6683759], [76.0779968, 11.6682551], [76.078029, 11.668108], [76.0780451, 11.6680397], [76.0780773, 11.6679451], [76.078088, 11.6678584], [76.0780719, 11.6678217], [76.0780451, 11.6677613], [76.0779842, 11.667697], [76.0780245, 11.6675289], [76.0780888, 11.6673713], [76.0781371, 11.6671822], [76.0781961, 11.6669563], [76.0782551, 11.6667724], [76.0782169, 11.666661], [76.0782518, 11.6666111], [76.0782746, 11.6665625], [76.0783014, 11.6665047], [76.0783175, 11.6664509], [76.0783014, 11.666443], [76.0782357, 11.6664101], [76.0781646, 11.6663839], [76.0781392, 11.6663642], [76.0781687, 11.6663221], [76.0782384, 11.6661974], [76.0783028, 11.6660345], [76.0783511, 11.6658611], [76.0783779, 11.6656247], [76.0783886, 11.6654461], [76.0784315, 11.6650889], [76.078453, 11.6649523], [76.0784744, 11.6648104], [76.0785174, 11.6646896], [76.0784933, 11.6646088], [76.0784798, 11.6645635], [76.0784744, 11.6644899], [76.0786032, 11.6641064], [76.0788231, 11.663786], [76.079032, 11.6635587], [76.0791017, 11.6634536], [76.0792841, 11.6634352], [76.0793887, 11.663338], [76.0794906, 11.6631988], [76.0795362, 11.6631042], [76.0795389, 11.662986], [76.0795657, 11.6629151], [76.079606, 11.6628389], [76.0796945, 11.6627575], [76.07985, 11.6627522], [76.0800056, 11.6627732], [76.0801209, 11.6627312], [76.0802202, 11.6626839], [76.0803006, 11.6626708], [76.0803784, 11.6626655], [76.0804638, 11.6627039], [76.0806086, 11.662746], [76.0807642, 11.6627933], [76.0809251, 11.662851], [76.0811558, 11.6628773], [76.0814079, 11.662851], [76.0815956, 11.6628668], [76.0817673, 11.6628248], [76.08188, 11.6627985], [76.0820248, 11.6626934], [76.0822179, 11.6625831], [76.0824003, 11.662436], [76.0825881, 11.6623309], [76.0828456, 11.6621943], [76.0829958, 11.6620998], [76.0831728, 11.662021], [76.0833605, 11.6619842], [76.0835912, 11.6619737], [76.0837468, 11.6619737], [76.0837833, 11.6619734]]}}, {"type": "Feature", "properties": {"id": 1115925800, "name": "kuthirakundu thodu"}, "geometry": {"type": "LineString", "coordinates": [[76.0739288, 11.6652553], [76.0739657, 11.6652721], [76.0740489, 11.6652643], [76.0741213, 11.6652721], [76.0741562, 11.6652511], [76.0741508, 11.6651881], [76.0741885, 11.665152], [76.0744567, 11.6648473], [76.0748644, 11.6643534], [76.0753472, 11.6639437], [76.0757764, 11.6635549], [76.0760339, 11.6635969], [76.076345, 11.6636074], [76.0766347, 11.6633132], [76.0769673, 11.6631976], [76.0773106, 11.6630716], [76.0775788, 11.6629665], [76.0777372, 11.6628092], [76.0788744, 11.6627041], [76.0795718, 11.6628436], [76.0795238, 11.6629415]]}}, {"type": "Feature", "properties": {"id": 1115948366, "name": "kuthirakundu thodu"}, "geometry": {"type": "LineString", "coordinates": [[76.0724046, 11.669445], [76.0723997, 11.6692132], [76.0723405, 11.6686629], [76.0724509, 11.6678729], [76.0724885, 11.6676838], [76.07251, 11.6674369], [76.0725475, 11.6672267], [76.072526, 11.6670691], [76.0725421, 11.6669115], [76.0726548, 11.6666698], [76.0727835, 11.6664965], [76.0729016, 11.6663756], [76.0729337, 11.6663231], [76.0729016, 11.666197], [76.0729284, 11.6660972], [76.0729659, 11.6659554], [76.0731108, 11.6658503], [76.0733193, 11.6657108], [76.0733971, 11.6656373], [76.0735044, 11.6654718], [76.0735554, 11.6653667], [76.073609, 11.6652643], [76.0736278, 11.6651802], [76.0736922, 11.6651644], [76.0737512, 11.665175], [76.0738129, 11.6651986], [76.073845, 11.665217]]}}, {"type": "Feature", "properties": {"id": 1115948367, "name": "kuthirakundu thodu"}, "geometry": {"type": "LineString", "coordinates": [[76.073845, 11.665217], [76.0739288, 11.6652553]]}}, {"type": "Feature", "properties": {"id": 1115949928, "name": "kindikunnu thodu"}, "geometry": {"type": "LineString", "coordinates": [[76.0838947, 11.6619725], [76.0839238, 11.6619722], [76.0840391, 11.6619748], [76.0842, 11.6619407], [76.0844549, 11.6618593], [76.0845407, 11.6618225], [76.0846212, 11.661812], [76.0847043, 11.6617726], [76.084833, 11.6616596], [76.0848516, 11.6615999], [76.084922, 11.6615408], [76.0849505, 11.6615277], [76.0849673, 11.6614718], [76.0850008, 11.6614439], [76.0850461, 11.6614308], [76.0850662, 11.6614423], [76.0851282, 11.6614324], [76.0852154, 11.6613881], [76.0853042, 11.661329], [76.0854651, 11.6611829], [76.085559, 11.6610483], [76.0856512, 11.6609761], [76.0858054, 11.6609432], [76.0859814, 11.6608907], [76.0861037, 11.6608053], [76.0862194, 11.6607364], [76.0863736, 11.6606921], [76.0864909, 11.6606773], [76.0866234, 11.660651], [76.0867038, 11.6606034], [76.0867524, 11.6605607], [76.0867943, 11.6605296], [76.0870424, 11.6604639], [76.087371, 11.6604343], [76.0875118, 11.6604311], [76.0877313, 11.6604508], [76.0878604, 11.6605345], [76.088018, 11.6605887], [76.088194, 11.6606297], [76.0883566, 11.6607019], [76.0884974, 11.660784], [76.0886331, 11.6607988], [76.0889164, 11.6608497], [76.0890304, 11.6607939], [76.0892684, 11.660784], [76.0893573, 11.6607824], [76.0895081, 11.660674], [76.0898182, 11.6605345], [76.089902, 11.6604458], [76.0900043, 11.6603752], [76.0901233, 11.6602521], [76.0902306, 11.6601684], [76.0905189, 11.6601339], [76.0907032, 11.6601503], [76.0910016, 11.6601044], [76.0912599, 11.6599834]]}}, {"type": "Feature", "properties": {"id": 1115949929, "name": "kindikunnu thodu"}, "geometry": {"type": "LineString", "coordinates": [[76.0837833, 11.6619734], [76.0838947, 11.6619725]]}}, {"type": "Feature", "properties": {"id": 1115951235, "name": "unnamed"}, "geometry": {"type": "LineString", "coordinates": [[76.0768052, 11.6595014], [76.0768821, 11.659534], [76.077086, 11.6595866], [76.0773435, 11.6597126], [76.0779853, 11.659952], [76.078359, 11.660061], [76.0785253, 11.6601083], [76.0785145, 11.6602344], [76.0786755, 11.6603132], [76.0791154, 11.660413], [76.0792602, 11.6604813], [76.0794319, 11.6605181], [76.0795445, 11.6605443], [76.0796196, 11.6605076], [76.0796321, 11.6605103]]}}, {"type": "Feature", "properties": {"id": 1115951236, "name": "kalathil colony thodu"}, "geometry": {"type": "LineString", "coordinates": [[76.075187, 11.6589351], [76.0754552, 11.6590402], [76.0758629, 11.6591663], [76.0762813, 11.6593029], [76.0765603, 11.6593974], [76.0767121, 11.6594619]]}}, {"type": "Feature", "properties": {"id": 1115951237, "name": "unnamed"}, "geometry": {"type": "LineString", "coordinates": [[76.0767121, 11.6594619], [76.0768052, 11.6595014]]}}, {"type": "Feature", "properties": {"id": 1115952193, "name": "madakki thettuvadi thodu"}, "geometry": {"type": "LineString", "coordinates": [[76.0797711, 11.6605456], [76.079861, 11.6605601], [76.0798929, 11.6605932], [76.0799117, 11.6606168], [76.0799251, 11.6606562], [76.0799412, 11.6606956], [76.0799599, 11.6607455], [76.0799921, 11.6608401], [76.0800163, 11.6609136], [76.0800458, 11.6609714], [76.0801155, 11.6609583], [76.0801879, 11.6609478], [76.0802443, 11.6609346], [76.0803006, 11.6609373], [76.0803945, 11.6609241], [76.0806093, 11.6608963], [76.0811108, 11.6608227], [76.0813013, 11.6607833], [76.081422, 11.6612141], [76.0814568, 11.6612955], [76.0815293, 11.6614558], [76.0816339, 11.6616423], [76.0821515, 11.6614637], [76.082688, 11.6612404], [76.0828704, 11.6614164], [76.0830501, 11.6613244], [76.0832432, 11.6612456], [76.0833907, 11.6612194], [76.0835919, 11.6611931], [76.0837662, 11.6611117], [76.0838091, 11.661067], [76.083866, 11.6610587]]}}, {"type": "Feature", "properties": {"id": 1115952194, "name": "unnamed"}, "geometry": {"type": "LineString", "coordinates": [[76.0796321, 11.6605103], [76.0797711, 11.6605456]]}}, {"type": "Feature", "properties": {"id": 1115952935, "name": "unnamed"}, "geometry": {"type": "LineString", "coordinates": [[76.0839778, 11.6610424], [76.0839888, 11.6610407], [76.0842544, 11.6609646], [76.0843773, 11.6608813], [76.0847797, 11.6607132], [76.0849969, 11.6606317], [76.0850962, 11.6605871], [76.0853563, 11.6605109], [76.0857885, 11.6603754], [76.0860674, 11.6602388], [76.086485, 11.6600766], [76.086846, 11.6599657], [76.0869027, 11.6600073], [76.0878016, 11.6597023], [76.0884387, 11.659626], [76.0889979, 11.6596052], [76.0893306, 11.6596815], [76.089458, 11.6596191], [76.0900384, 11.6596052], [76.090003, 11.6599657], [76.0900307, 11.6600357], [76.0901447, 11.6600297], [76.0905075, 11.659982], [76.0909849, 11.6600503], [76.0912599, 11.6599834], [76.0913206, 11.6599686], [76.09149, 11.6599686], [76.0915794, 11.6599143], [76.0917427, 11.6599414], [76.0918567, 11.6599143], [76.0919614, 11.6599686], [76.0920939, 11.6599716], [76.0922475, 11.660014], [76.0925015, 11.6601192], [76.092635, 11.6601989], [76.0927486, 11.6601982], [76.0929224, 11.660236], [76.0929913, 11.6603143], [76.0931568, 11.6603791], [76.0932919, 11.6604763], [76.0933939, 11.6605817], [76.0934739, 11.6606411], [76.0935676, 11.6607167], [76.093689, 11.6608463], [76.0938324, 11.6609301], [76.0939234, 11.6610408], [76.0940833, 11.6612569], [76.0941881, 11.6613298], [76.0943343, 11.6614243], [76.0944639, 11.6615431], [76.0945549, 11.6616431], [76.0945742, 11.661716], [76.094588, 11.6618348], [76.0946734, 11.6619455], [76.0947534, 11.6620455], [76.0951091, 11.6622129], [76.0954208, 11.6622345], [76.0956303, 11.6622318], [76.0957592, 11.6622563]]}}, {"type": "Feature", "properties": {"id": 1115952936, "name": "unnamed"}, "geometry": {"type": "LineString", "coordinates": [[76.083866, 11.6610587], [76.0839778, 11.6610424]]}}, {"type": "Feature", "properties": {"id": 1115953863, "name": "kalathil kaithodu"}, "geometry": {"type": "LineString", "coordinates": [[76.0786052, 11.6593877], [76.0786508, 11.6595295], [76.07864, 11.6596688], [76.0786359, 11.6596876]]}}, {"type": "Feature", "properties": {"id": 1115953864, "name": "kalathil kaithodu"}, "geometry": {"type": "LineString", "coordinates": [[76.0786143, 11.6597849], [76.0785918, 11.6598868], [76.0785253, 11.6601083]]}}, {"type": "Feature", "properties": {"id": 1115953865, "name": "kalathil kaithodu"}, "geometry": {"type": "LineString", "coordinates": [[76.0786359, 11.6596876], [76.0786143, 11.6597849]]}}, {"type": "Feature", "properties": {"id": 1116490750, "name": "athikkal-poovachulli thodu"}, "geometry": {"type": "LineString", "coordinates": [[76.061831, 11.6631121], [76.0616512, 11.6630687], [76.0615111, 11.6630527], [76.0614551, 11.6630344], [76.0613874, 11.663023], [76.0613313, 11.6629932], [76.0612636, 11.6629681], [76.0612076, 11.6629315], [76.0611118, 11.662872], [76.0609459, 11.6629156], [76.0606487, 11.6629546], [76.0603604, 11.6630235], [76.0602146, 11.6631081], [76.0600879, 11.6631826], [76.0599439, 11.6632007], [76.0597173, 11.6632124], [76.0595671, 11.6632397], [76.0594169, 11.6632337], [76.0593158, 11.6632577], [76.0592239, 11.6632877], [76.0591136, 11.6632697], [76.0590033, 11.6632397], [76.0588743, 11.6631933], [76.0588102, 11.6631706], [76.0587306, 11.6631526], [76.0585637, 11.6632442], [76.0582088, 11.6632545], [76.0579858, 11.6632872], [76.0577683, 11.6633528], [76.0576024, 11.6634358], [76.0573946, 11.6634948], [76.0570741, 11.6637168], [76.0566864, 11.6638771], [76.0562143, 11.6641257]]}}, {"type": "Feature", "properties": {"id": 1116491492, "name": "oottuppara vandiyambetta thodu"}, "geometry": {"type": "LineString", "coordinates": [[76.0609368, 11.6680557], [76.0608027, 11.6681353], [76.0607173, 11.6680597], [76.0607539, 11.6679163], [76.0607341, 11.6678171], [76.0606711, 11.6677793], [76.060598, 11.6677076], [76.0605532, 11.6676678], [76.0605024, 11.6676161], [76.060413, 11.6675842], [76.0603093, 11.6675424], [76.0602563, 11.6675121], [76.0602074, 11.6674665], [76.0602257, 11.6672794], [76.0602257, 11.6672077], [76.0602297, 11.6671361], [76.0602379, 11.6671002], [76.0601444, 11.6671042], [76.0600651, 11.6671361], [76.0599817, 11.6671759], [76.0598964, 11.6672177], [76.0597703, 11.6672854], [76.059685, 11.6673053], [76.0596443, 11.6672933], [76.0595935, 11.6671704], [76.0595041, 11.6671107], [76.0593862, 11.6669713], [76.0592683, 11.6668818], [76.0591809, 11.6667962], [76.0590975, 11.6667563], [76.0589817, 11.6666827], [76.0588943, 11.666609], [76.0588252, 11.6665334], [76.0587581, 11.666406], [76.0587215, 11.6663343], [76.0586686, 11.6662626], [76.0585772, 11.6662348], [76.0585365, 11.666193], [76.0585284, 11.6661273], [76.0584999, 11.6660377], [76.0584552, 11.665966], [76.058382, 11.6659182], [76.0582926, 11.6658645], [76.0582275, 11.6657988], [76.0581767, 11.6657192]]}}, {"type": "Feature", "properties": {"id": 1116491493, "name": "unnamed"}, "geometry": {"type": "LineString", "coordinates": [[76.058132, 11.6656714], [76.0580974, 11.6656236], [76.0580751, 11.6655738], [76.0580446, 11.6655181], [76.0579474, 11.6652768], [76.0579108, 11.6650673], [76.0578482, 11.6648987], [76.0578169, 11.6647658], [76.0577543, 11.6646585], [76.0577178, 11.6645461], [76.0576414, 11.6643964], [76.0576291, 11.6643723], [76.057483, 11.6643212], [76.0573421, 11.6644234], [76.0572847, 11.6644337], [76.0571177, 11.6643468], [76.056956, 11.6643315], [76.0568569, 11.6642139], [76.0566116, 11.6641577], [76.0562143, 11.6641257], [76.0559902, 11.664091]]}}, {"type": "Feature", "properties": {"id": 1116491494, "name": "unnamed"}, "geometry": {"type": "LineString", "coordinates": [[76.0581767, 11.6657192], [76.058132, 11.6656714]]}}, {"type": "Feature", "properties": {"id": 1117046879, "name": "unnamed"}, "geometry": {"type": "LineString", "coordinates": [[76.0555428, 11.6645752], [76.0555118, 11.6645391], [76.055471, 11.6644784], [76.0554342, 11.6644423], [76.0553935, 11.6643948], [76.0553159, 11.6643207], [76.0552539, 11.6642638], [76.0551685, 11.6641878], [76.0550968, 11.6641156], [76.0550018, 11.6640378], [76.0549378, 11.663958], [76.0548311, 11.6638612], [76.0547516, 11.6637757], [76.0547031, 11.6637149], [76.0546605, 11.663658], [76.054612, 11.663582], [76.0546314, 11.663563], [76.0545965, 11.6634737], [76.054517, 11.6632781], [76.0544414, 11.6631528], [76.0543754, 11.6629933], [76.0543211, 11.6628907], [76.0542552, 11.6627806], [76.0542344, 11.6627484]]}}, {"type": "Feature", "properties": {"id": 1117046880, "name": "unnamed"}, "geometry": {"type": "LineString", "coordinates": [[76.0555913, 11.6646189], [76.0555428, 11.6645752]]}}, {"type": "Feature", "properties": {"id": 1117048016, "name": "thottampadi thodu"}, "geometry": {"type": "LineString", "coordinates": [[76.0546229, 11.6649957], [76.0546545, 11.6649879], [76.0547553, 11.6649621], [76.0548547, 11.6649506], [76.0549229, 11.6649362], [76.0551032, 11.6648614], [76.0552259, 11.6647975], [76.0553428, 11.6647474], [76.0555197, 11.6646486], [76.0555913, 11.6646189]]}}, {"type": "Feature", "properties": {"id": 1117048017, "name": "unnamed"}, "geometry": {"type": "LineString", "coordinates": [[76.0545449, 11.665015], [76.0546229, 11.6649957]]}}, {"type": "Feature", "properties": {"id": 1117048894, "name": "oottupara vandiyambetta thodu"}, "geometry": {"type": "LineString", "coordinates": [[76.0638287, 11.6755956], [76.0639624, 11.6752374], [76.0641944, 11.6748677], [76.0643242, 11.6744942], [76.0643714, 11.6741399], [76.0643163, 11.6740705], [76.0643714, 11.6739204], [76.0643635, 11.6737278], [76.0643596, 11.6735006], [76.0643517, 11.6731732], [76.0643046, 11.6728806], [76.0642377, 11.6726764], [76.0641824, 11.6724629], [76.0641669, 11.6723495], [76.0641258, 11.6722336], [76.0641026, 11.6721328], [76.0640534, 11.6720426], [76.0639911, 11.6719262], [76.0639863, 11.6719118], [76.0639642, 11.6718454], [76.0639307, 11.6718016], [76.0638904, 11.671701], [76.0638547, 11.6716223], [76.0638294, 11.6715189], [76.0637721, 11.6714538], [76.0637207, 11.6713532], [76.0636291, 11.671176], [76.0635487, 11.6710491], [76.0634884, 11.6709135], [76.063466, 11.6708041], [76.0634214, 11.6706576], [76.0633343, 11.6704957], [76.0632214, 11.6702967], [76.0630402, 11.6700527], [76.0629224, 11.6698619], [76.0629133, 11.6696933], [76.0627503, 11.6694582], [76.0626551, 11.6692764], [76.0624649, 11.6691521], [76.0622022, 11.6690235], [76.0621161, 11.6689037], [76.0619938, 11.6687618], [76.0618851, 11.668571], [76.0616812, 11.6683625], [76.0613098, 11.668225], [76.0612399, 11.6681932]]}}, {"type": "Feature", "properties": {"id": 1117048895, "name": "unnamed"}, "geometry": {"type": "LineString", "coordinates": [[76.0611335, 11.668145], [76.0609368, 11.6680557]]}}, {"type": "Feature", "properties": {"id": 1117048896, "name": "unnamed"}, "geometry": {"type": "LineString", "coordinates": [[76.0612399, 11.6681932], [76.0611335, 11.668145]]}}, {"type": "Feature", "properties": {"id": 1117050159, "name": "thottampadi thodu"}, "geometry": {"type": "LineString", "coordinates": [[76.0541673, 11.6695732], [76.0542806, 11.669134], [76.0543619, 11.6687641], [76.0543754, 11.6687095], [76.0544133, 11.6685104], [76.0544237, 11.6683303], [76.0544004, 11.668222], [76.0544043, 11.6681328], [76.0543655, 11.6680663], [76.0543326, 11.6679163], [76.0543209, 11.6678346], [76.0543074, 11.6677378], [76.054293, 11.6676052], [76.0543353, 11.6673883], [76.0543504, 11.6672984], [76.0543598, 11.6671719], [76.0543554, 11.6670595], [76.0543363, 11.6669628], [76.0542773, 11.6667831], [76.0542784, 11.6667324], [76.0542458, 11.666651], [76.0542105, 11.6665442], [76.0541717, 11.6664474], [76.0541524, 11.6663448], [76.054133, 11.6662442], [76.0540069, 11.6659251], [76.0539895, 11.6658093], [76.054179, 11.6653246], [76.0542968, 11.6651561], [76.0544145, 11.6649919], [76.0545449, 11.665015]]}}, {"type": "Feature", "properties": {"id": 1117053571, "name": "unnamed"}, "geometry": {"type": "LineString", "coordinates": [[76.0558901, 11.6640158], [76.0558211, 11.6639639], [76.0557424, 11.663833], [76.0556166, 11.6636366], [76.0553492, 11.6635634], [76.0551486, 11.6634478], [76.0549481, 11.6632129], [76.0548104, 11.6630358], [76.0546531, 11.6627739], [76.054627, 11.6627144], [76.0546111, 11.6626704], [76.0545749, 11.662608], [76.0545459, 11.6626122], [76.0544851, 11.6626275], [76.0544372, 11.6626477], [76.0544038, 11.6626505], [76.054369, 11.662669], [76.0543401, 11.6626846], [76.0542995, 11.6627016], [76.0542344, 11.6627484]]}}, {"type": "Feature", "properties": {"id": 1117053572, "name": "unnamed"}, "geometry": {"type": "LineString", "coordinates": [[76.0559902, 11.664091], [76.0558901, 11.6640158]]}}, {"type": "Feature", "properties": {"id": 1117055411, "name": "muranikkara thodu"}, "geometry": {"type": "LineString", "coordinates": [[76.085136, 11.652707], [76.0852271, 11.6526842], [76.0852931, 11.6526747], [76.0853066, 11.6526576], [76.0852969, 11.6526083], [76.0852601, 11.6525266], [76.0852465, 11.6524658], [76.085264, 11.6524506], [76.0853047, 11.6524582], [76.0853512, 11.6524791], [76.0854676, 11.6524943], [76.0855665, 11.6525741], [76.0856111, 11.6529064], [76.0856169, 11.6529539], [76.0856482, 11.6529856]]}}, {"type": "Feature", "properties": {"id": 1117062051, "name": "athikkal-poovachulli thodu"}, "geometry": {"type": "LineString", "coordinates": [[76.0641384, 11.6652404], [76.0641093, 11.6652094], [76.0640803, 11.6650544], [76.0640513, 11.6649278], [76.0640737, 11.6648493], [76.0640213, 11.6647076], [76.0640573, 11.6645879], [76.064031, 11.6644172], [76.0640239, 11.6642638], [76.0639519, 11.6642089], [76.0639278, 11.6641906], [76.0638922, 11.6640616], [76.0638566, 11.6638386], [76.0638601, 11.6636051], [76.0638708, 11.6634761], [76.0638566, 11.6633123], [76.0638103, 11.6632565], [76.0636573, 11.6633297], [76.063458, 11.6633611], [76.0632324, 11.6633449], [76.0631022, 11.6633185], [76.0628786, 11.6632825], [76.0625477, 11.6632435], [76.062324, 11.6631775], [76.061831, 11.6631121]]}}, {"type": "Feature", "properties": {"id": 1117062313, "name": "athikkal kaithodu"}, "geometry": {"type": "LineString", "coordinates": [[76.0652357, 11.6638377], [76.0650079, 11.6637959], [76.0649012, 11.6636983], [76.0646627, 11.663653], [76.0644492, 11.6636634], [76.0642784, 11.6637331], [76.0641289, 11.6638656], [76.0640435, 11.6639876], [76.0639519, 11.6642089]]}}, {"type": "Feature", "properties": {"id": 1117063093, "name": "athikkal-vandiyambetta thodu"}, "geometry": {"type": "LineString", "coordinates": [[76.0637341, 11.6653462], [76.0637257, 11.6653272], [76.0636656, 11.6650056], [76.0636269, 11.6649473], [76.0636059, 11.6648834], [76.0635993, 11.6648633], [76.063584, 11.6647283], [76.0635656, 11.6645572], [76.0635258, 11.6643412], [76.0635074, 11.6641521], [76.0634768, 11.6640021], [76.0634522, 11.663849], [76.0634461, 11.663678], [76.063265, 11.6636761], [76.0630696, 11.6636689], [76.0630198, 11.6636671], [76.0627349, 11.6637001], [76.0625357, 11.6637301], [76.0621006, 11.6638261], [76.0617881, 11.6639011], [76.061497, 11.6639311]]}}, {"type": "Feature", "properties": {"id": 1117065072, "name": "athikkal-vandiyambetta thodu"}, "geometry": {"type": "LineString", "coordinates": [[76.061497, 11.6639311], [76.06135, 11.6639821], [76.0611447, 11.6640211], [76.0609302, 11.6640542], [76.0608567, 11.6641052], [76.0608229, 11.6641322], [76.0606912, 11.6641742], [76.0605686, 11.6642252], [76.0605104, 11.6641982], [76.0605074, 11.6640842], [76.0604491, 11.6639311], [76.060394, 11.6638381], [76.060345, 11.6637721], [76.0603051, 11.6637031], [76.0601856, 11.6637301], [76.0600631, 11.6637661], [76.059916, 11.6638051], [76.0597597, 11.6638711], [76.0595483, 11.6639131], [76.0594288, 11.6639641], [76.0592792, 11.6640071], [76.059111, 11.6640243], [76.0589702, 11.6640607], [76.0587825, 11.6641105], [76.0586358, 11.6641392], [76.0584951, 11.6641928], [76.0583895, 11.6642043], [76.0582995, 11.664212], [76.0582487, 11.6642464], [76.0581666, 11.6642713], [76.0581059, 11.6643135], [76.0580532, 11.6643115], [76.0580043, 11.6643135], [76.0578791, 11.6643518], [76.0578107, 11.6643518], [76.0577129, 11.6643652], [76.0576414, 11.6643964]]}}, {"type": "Feature", "properties": {"id": 1117760405, "name": "thonikadav thodu"}, "geometry": {"type": "LineString", "coordinates": [[76.0623599, 11.6392204], [76.0622974, 11.6391813], [76.062118, 11.6391426], [76.0618753, 11.6391529], [76.0618516, 11.639202], [76.0617725, 11.639295], [76.0616432, 11.6392718], [76.0615689, 11.6392036]]}}, {"type": "Feature", "properties": {"id": 1117760406, "name": "unnamed"}, "geometry": {"type": "LineString", "coordinates": [[76.0661357, 11.642938], [76.0657655, 11.6424775], [76.0655747, 11.642244], [76.0653953, 11.6419837], [76.0651727, 11.641719], [76.0645744, 11.6409855], [76.0643965, 11.6408284], [76.0641872, 11.6406637], [76.0640425, 11.6405526], [76.0638568, 11.6403898], [76.0637414, 11.6402979], [76.0635029, 11.6401007], [76.0633367, 11.6399781], [76.0631881, 11.6398517], [76.0630571, 11.6397387], [76.0628948, 11.6396123], [76.0627579, 11.6395223], [76.0626426, 11.6394395], [76.0625837, 11.6394015], [76.0625231, 11.6393603], [76.062449, 11.6392762]]}}, {"type": "Feature", "properties": {"id": 1117760407, "name": "unnamed"}, "geometry": {"type": "LineString", "coordinates": [[76.062449, 11.6392762], [76.0623599, 11.6392204]]}}, {"type": "Feature", "properties": {"id": 1117760938, "name": "unnamed"}, "geometry": {"type": "LineString", "coordinates": [[76.066247, 11.6430044], [76.0661357, 11.642938]]}}, {"type": "Feature", "properties": {"id": 1117761265, "name": "unnamed"}, "geometry": {"type": "LineString", "coordinates": [[76.0679176, 11.6453552], [76.0678148, 11.6450012], [76.0676064, 11.6444095], [76.0673505, 11.6441305], [76.0673848, 11.6440168], [76.0671949, 11.6438644], [76.0665749, 11.6434458], [76.0663085, 11.6433089], [76.0662557, 11.6431306], [76.066247, 11.6430044]]}}, {"type": "Feature", "properties": {"id": 1117761484, "name": "unnamed"}, "geometry": {"type": "LineString", "coordinates": [[76.0676715, 11.6475706], [76.0676512, 11.6475025], [76.0676512, 11.6474102], [76.0676599, 11.6470638], [76.0676611, 11.6468071], [76.0676585, 11.646343], [76.0676743, 11.6462655], [76.0677193, 11.6461131], [76.0678062, 11.6458573], [76.0678959, 11.6456842], [76.0679065, 11.6455085], [76.0679176, 11.6453552]]}}, {"type": "Feature", "properties": {"id": 1117761485, "name": "unnamed"}, "geometry": {"type": "LineString", "coordinates": [[76.0677295, 11.6476217], [76.0676715, 11.6475706]]}}, {"type": "Feature", "properties": {"id": 1117762004, "name": "unnamed"}, "geometry": {"type": "LineString", "coordinates": [[76.0692488, 11.6497961], [76.0690961, 11.6496526], [76.069008, 11.6495693], [76.0687576, 11.6493112], [76.0685972, 11.6489952], [76.0684596, 11.6487696], [76.0682132, 11.6484819], [76.0681352, 11.6484853], [76.0679575, 11.6484283], [76.0678196, 11.6483052], [76.067746, 11.6482302], [76.0677399, 11.6481552], [76.0677001, 11.6479901], [76.0676698, 11.6478591], [76.0676987, 11.6477255], [76.0677295, 11.6476217]]}}, {"type": "Feature", "properties": {"id": 1117762654, "name": "unnamed"}, "geometry": {"type": "LineString", "coordinates": [[76.0706115, 11.6444548], [76.0697812, 11.6440587], [76.0691147, 11.6436468], [76.068872, 11.6435047], [76.0684816, 11.6432153], [76.0682784, 11.6430138], [76.0680648, 11.6428485], [76.0678089, 11.6426909], [76.0675868, 11.6425184], [76.0671441, 11.6421896], [76.0669595, 11.6420475], [76.0668698, 11.6420424], [76.0667853, 11.6420734]]}}, {"type": "Feature", "properties": {"id": 1117763124, "name": "unnamed"}, "geometry": {"type": "LineString", "coordinates": [[76.0667071, 11.6420316], [76.0666685, 11.6418981], [76.0666458, 11.6418247], [76.0666186, 11.6417335], [76.0665504, 11.641669], [76.0665209, 11.6416156], [76.0664914, 11.6415778], [76.0664482, 11.6415111], [76.0663687, 11.6414221], [76.0663006, 11.6413665], [76.0662075, 11.6412931], [76.0660917, 11.641213], [76.0659804, 11.6411796], [76.0659347, 11.6411277], [76.0658847, 11.6410721], [76.0658393, 11.6410076], [76.0657644, 11.6409542], [76.0656917, 11.6408741], [76.0656281, 11.640814], [76.0655622, 11.6407406], [76.0655649, 11.6407118], [76.0655362, 11.6407064], [76.0654638, 11.6407547], [76.0653921, 11.6407929], [76.0653451, 11.6408428], [76.0652846, 11.6408842], [76.0652352, 11.6409013], [76.0651795, 11.6409333], [76.0651078, 11.6409903], [76.0650775, 11.6409988], [76.0650345, 11.6409786], [76.0649907, 11.640938]]}}, {"type": "Feature", "properties": {"id": 1117763125, "name": "unnamed"}, "geometry": {"type": "LineString", "coordinates": [[76.0667853, 11.6420734], [76.0667071, 11.6420316]]}}, {"type": "Feature", "properties": {"id": 1117763496, "name": "unnamed"}, "geometry": {"type": "LineString", "coordinates": [[76.0649907, 11.640938], [76.0646504, 11.6406453], [76.0641914, 11.640051], [76.064068, 11.6396993], [76.0640855, 11.6396443], [76.0639058, 11.6395404], [76.063897, 11.6395147], [76.0637673, 11.6394255], [76.0636288, 11.6392813], [76.0635476, 11.6392556], [76.063484, 11.6391701], [76.0631995, 11.6391468], [76.0629574, 11.6391566], [76.0627653, 11.6391847], [76.062618, 11.6392116], [76.0625232, 11.6392116]]}}, {"type": "Feature", "properties": {"id": 1117763497, "name": "unnamed"}, "geometry": {"type": "LineString", "coordinates": [[76.0625232, 11.6392116], [76.0624528, 11.6392729]]}}, {"type": "Feature", "properties": {"id": 1117763498, "name": "unnamed"}, "geometry": {"type": "LineString", "coordinates": [[76.062449, 11.6392762], [76.0624528, 11.6392729]]}}, {"type": "Feature", "properties": {"id": 1117764042, "name": "unnamed"}, "geometry": {"type": "LineString", "coordinates": [[76.0727667, 11.6458144], [76.0727619, 11.6458104], [76.0726568, 11.6457189], [76.0723401, 11.6455899], [76.0719059, 11.645454], [76.0712237, 11.6453028], [76.0711517, 11.6446774], [76.0706115, 11.6444548]]}}, {"type": "Feature", "properties": {"id": 1117764043, "name": "unnamed"}, "geometry": {"type": "LineString", "coordinates": [[76.072842, 11.6458774], [76.0727667, 11.6458144]]}}, {"type": "Feature", "properties": {"id": 1117764045, "name": "unnamed"}, "geometry": {"type": "LineString", "coordinates": [[76.0728504, 11.6459468], [76.072842, 11.6458774]]}}, {"type": "Feature", "properties": {"id": 1117780622, "name": "nadukanikolly karimkutty thodu"}, "geometry": {"type": "LineString", "coordinates": [[76.0648209, 11.6545204], [76.0647596, 11.6544647], [76.0646529, 11.6544825], [76.064562, 11.6544848], [76.0644803, 11.6544914], [76.0641782, 11.6545293], [76.0638852, 11.6545715], [76.0634764, 11.6546138], [76.0633016, 11.6546827], [76.0632016, 11.654705], [76.0630086, 11.6547472], [76.0628201, 11.6548073], [76.0626543, 11.6548562], [76.0624431, 11.654923], [76.0622364, 11.6550342], [76.062066, 11.6550453], [76.0620161, 11.6550764]]}}, {"type": "Feature", "properties": {"id": 1117780623, "name": "nadukanikolly karimkutty thodu"}, "geometry": {"type": "LineString", "coordinates": [[76.061957, 11.6551098], [76.0619366, 11.6551543], [76.061932, 11.6552166], [76.0619707, 11.65527], [76.0619684, 11.6553634], [76.0619358, 11.6553999], [76.0618674, 11.655443], [76.0617725, 11.6555371], [76.0616708, 11.6555945], [76.0615652, 11.6557075], [76.0614968, 11.6558186], [76.0614518, 11.6558971], [76.061401, 11.6559469], [76.0613247, 11.6560063], [76.0611918, 11.6560867], [76.0611605, 11.6561633], [76.0611038, 11.6562399], [76.061051, 11.6562476], [76.0609767, 11.656238], [76.0609239, 11.6562591], [76.0608613, 11.6563012], [76.0607205, 11.6563337], [76.0606071, 11.6563567], [76.0605504, 11.6563912], [76.0604702, 11.6564161], [76.060306, 11.6565157], [76.0602297, 11.6566306], [76.0600772, 11.656757], [76.0599658, 11.6568316], [76.0598269, 11.6569044], [76.0597249, 11.6569102], [76.0596529, 11.6569504], [76.0595923, 11.6569848], [76.059475, 11.6570844], [76.0594339, 11.65714], [76.0593752, 11.6571802], [76.0593146, 11.6572127], [76.059254, 11.6572338], [76.0591719, 11.6572644], [76.0589959, 11.6573104], [76.0588688, 11.6573353], [76.058773, 11.657364], [76.0586713, 11.6573927], [76.0585814, 11.6574138], [76.058511, 11.6574368], [76.0584191, 11.6574732], [76.0582646, 11.657521], [76.0581453, 11.6575479], [76.0580632, 11.6575555]]}}, {"type": "Feature", "properties": {"id": 1117780624, "name": "nadukanikolly karimkutty thodu"}, "geometry": {"type": "LineString", "coordinates": [[76.0620161, 11.6550764], [76.061957, 11.6551098]]}}, {"type": "Feature", "properties": {"id": 1117781556, "name": "unnamed"}, "geometry": {"type": "LineString", "coordinates": [[76.0695862, 11.6567153], [76.069553, 11.6566464], [76.0694924, 11.6566119], [76.0694024, 11.6565908], [76.0693398, 11.6565889], [76.0693046, 11.6565391], [76.0692675, 11.6564376], [76.0692303, 11.6563132], [76.0691873, 11.6562097], [76.0691834, 11.6561408], [76.0691463, 11.6560834], [76.0691306, 11.6559895], [76.0691267, 11.6559225], [76.0690915, 11.6557808], [76.0690426, 11.6556812], [76.0689781, 11.6555644], [76.0689468, 11.6554686], [76.0688979, 11.6554016], [76.0688706, 11.655371], [76.0688158, 11.655302], [76.0687161, 11.6552848], [76.0686222, 11.6552905], [76.0685714, 11.6553001], [76.0684787, 11.6553347], [76.0683745, 11.6552957], [76.0682918, 11.6552567], [76.0680651, 11.6552447], [76.0676208, 11.6551067], [76.067489, 11.6549776], [76.0673052, 11.6548456], [76.067247, 11.6547766], [76.0671489, 11.6547286], [76.0670539, 11.6546896], [76.0669835, 11.6546776], [76.0669283, 11.6546686], [76.0668548, 11.6546325], [76.0667751, 11.6545785], [76.0666679, 11.6545395], [76.0666219, 11.6545305], [76.066579, 11.6545125], [76.0664932, 11.6544675], [76.0663707, 11.6544165], [76.0663323, 11.6544023], [76.0657471, 11.654377], [76.065456, 11.654425], [76.0651067, 11.6544911], [76.0648209, 11.6545204]]}}, {"type": "Feature", "properties": {"id": 1117782539, "name": "nadukanikolly karimkutty thodu"}, "geometry": {"type": "LineString", "coordinates": [[76.0579767, 11.6575871], [76.0579322, 11.6576034], [76.057635, 11.6576857], [76.0575509, 11.6576915], [76.0574219, 11.6577145], [76.0572596, 11.6577394], [76.0571735, 11.6577279], [76.057066, 11.6577183], [76.0569897, 11.6577317], [76.0568802, 11.6577796], [76.0567942, 11.6578045], [76.0566651, 11.6578083], [76.0565341, 11.6577815], [76.0564169, 11.6577731], [76.0562904, 11.6577871], [76.0561059, 11.6577068], [76.0560394, 11.6576666], [76.0559456, 11.6575996], [76.0558595, 11.6575632], [76.0556648, 11.657523], [76.0554739, 11.6574318], [76.0553802, 11.657388], [76.05523, 11.6573524], [76.0551981, 11.657303], [76.0551873, 11.6572374], [76.0551909, 11.6571363], [76.0552087, 11.6569829], [76.0552016, 11.6568505], [76.055198, 11.6567145], [76.0551766, 11.6565368], [76.0551731, 11.6563764], [76.0551375, 11.6563486], [76.0550521, 11.656373], [76.0549026, 11.6564252], [76.0547745, 11.6564601], [76.0545894, 11.6564566], [76.0545005, 11.6564287], [76.0542442, 11.6564183], [76.054077, 11.6564287], [76.0538492, 11.6565019], [76.0536392, 11.6565925], [76.0535218, 11.6566413], [76.0535075, 11.656718], [76.0534862, 11.6568923], [76.0534506, 11.6569794], [76.0533331, 11.6570491], [76.0531196, 11.6571746], [76.0529488, 11.6572374], [76.052854, 11.6573222], [76.0527708, 11.6574012], [76.0526712, 11.6574813], [76.0525324, 11.6575789], [76.0524043, 11.657673], [76.0522619, 11.6577706], [76.0521801, 11.6578055], [76.0521711, 11.6578103]]}}, {"type": "Feature", "properties": {"id": 1117782540, "name": "nadukanikolly karimkutty thodu"}, "geometry": {"type": "LineString", "coordinates": [[76.0580632, 11.6575555], [76.0579767, 11.6575871]]}}, {"type": "Feature", "properties": {"id": 1117783170, "name": "nadukanikolly karimkutty thodu"}, "geometry": {"type": "LineString", "coordinates": [[76.052074, 11.6578619], [76.0520555, 11.6578717], [76.0518455, 11.6579449], [76.0516747, 11.6580007], [76.0516142, 11.6580251], [76.0515644, 11.6580007], [76.0515181, 11.6579379], [76.0514861, 11.6578856], [76.0513884, 11.6578136]]}}, {"type": "Feature", "properties": {"id": 1117783171, "name": "nadukanikolly karimkutty thodu"}, "geometry": {"type": "LineString", "coordinates": [[76.0521711, 11.6578103], [76.052074, 11.6578619]]}}, {"type": "Feature", "properties": {"id": 1123270181, "name": "moopan colony kaithodu"}, "geometry": {"type": "LineString", "coordinates": [[76.0601423, 11.6446534], [76.0600001, 11.6446335], [76.0598456, 11.6445976], [76.0597236, 11.6445976], [76.0595976, 11.6445538], [76.0594878, 11.6445379], [76.059378, 11.644522], [76.0592601, 11.6444981], [76.05913, 11.6444822], [76.0590121, 11.644526], [76.0588943, 11.6445578], [76.0588414, 11.644514], [76.0587154, 11.6444304], [76.0586097, 11.6443229], [76.0585243, 11.6443229], [76.0585267, 11.6443091]]}}, {"type": "Feature", "properties": {"id": 1123270182, "name": "unnamed"}, "geometry": {"type": "LineString", "coordinates": [[76.0585267, 11.6443091], [76.0585464, 11.6441968]]}}, {"type": "Feature", "properties": {"id": 1123270183, "name": "unnamed"}, "geometry": {"type": "LineString", "coordinates": [[76.0585464, 11.6441968], [76.0585487, 11.6441835]]}}, {"type": "Feature", "properties": {"id": 1123270887, "name": "mooppan colony thodu"}, "geometry": {"type": "LineString", "coordinates": [[76.062168, 11.6460199], [76.0622053, 11.6458073], [76.0621983, 11.6457684], [76.0621283, 11.6457501], [76.0620512, 11.6457181], [76.0619858, 11.6456883], [76.0619251, 11.6456586], [76.0617617, 11.6456449], [76.0616799, 11.6456197], [76.0615912, 11.6455831], [76.0615282, 11.6455305], [76.0614651, 11.6454894], [76.0613741, 11.6454436], [76.061297, 11.645407], [76.0612246, 11.6453773], [76.0611694, 11.6453809], [76.0611429, 11.6453522], [76.0611406, 11.6453179], [76.0611213, 11.6452645], [76.0610771, 11.6452658], [76.0610248, 11.6452448], [76.0609751, 11.645229], [76.0609014, 11.6452015], [76.0608263, 11.6451673], [76.0607753, 11.6451424], [76.0607056, 11.6451161], [76.0606466, 11.6450911], [76.060605, 11.645074], [76.0605527, 11.645053], [76.0605058, 11.6450412], [76.06044, 11.6450176], [76.0603877, 11.6449992], [76.0603395, 11.6449769], [76.0602966, 11.6449558], [76.0602791, 11.6449309], [76.0602872, 11.6448744], [76.0603046, 11.6448376], [76.0603301, 11.6447903], [76.0603448, 11.6447247], [76.0603582, 11.6446853]]}}, {"type": "Feature", "properties": {"id": 1123270888, "name": "unnamed"}, "geometry": {"type": "LineString", "coordinates": [[76.0603918, 11.644638], [76.0604079, 11.6445933], [76.0604468, 11.6445198], [76.0605044, 11.644395], [76.0605447, 11.6443437], [76.0605447, 11.6442886]]}}, {"type": "Feature", "properties": {"id": 1123270889, "name": "unnamed"}, "geometry": {"type": "LineString", "coordinates": [[76.0603582, 11.6446853], [76.0603918, 11.644638]]}}, {"type": "Feature", "properties": {"id": 1123271560, "name": "Mooppan colony thodu"}, "geometry": {"type": "LineString", "coordinates": [[76.0605447, 11.6442886], [76.0603518, 11.6438658], [76.0600529, 11.6436554], [76.0596233, 11.6434542], [76.0589321, 11.6432712], [76.0586146, 11.6430883], [76.0583437, 11.642887], [76.0581382, 11.6427132], [76.0581033, 11.6424621], [76.0581074, 11.6423386], [76.0580383, 11.6422709]]}}, {"type": "Feature", "properties": {"id": 1123271561, "name": "mooppan colony thodu"}, "geometry": {"type": "LineString", "coordinates": [[76.0579407, 11.6422351], [76.0578025, 11.642259], [76.0577746, 11.6422238], [76.057735, 11.642185], [76.0576602, 11.6421575], [76.0575762, 11.6421164], [76.0575458, 11.642082], [76.0574851, 11.6420958], [76.05738, 11.6421872], [76.05731, 11.6422398], [76.0573403, 11.6422719], [76.0573497, 11.6422993], [76.0572773, 11.6423222], [76.0571489, 11.6423085], [76.0565272, 11.6423321]]}}, {"type": "Feature", "properties": {"id": 1123271562, "name": "unnamed"}, "geometry": {"type": "LineString", "coordinates": [[76.0580383, 11.6422709], [76.0579407, 11.6422351]]}}, {"type": "Feature", "properties": {"id": 1123274850, "name": "appanavayal thodu"}, "geometry": {"type": "LineString", "coordinates": [[76.0532121, 11.6153941], [76.0532537, 11.6156472], [76.0532753, 11.6158253], [76.0534324, 11.6157891], [76.0535999, 11.6157486], [76.05368, 11.6157456], [76.0538587, 11.6157909], [76.0540528, 11.6158633], [76.0542376, 11.6159388], [76.0543436, 11.6159897], [76.0544628, 11.6160761], [76.0546538, 11.6161395]]}}, {"type": "Feature", "properties": {"id": 1123275011, "name": "appanavayal thodu"}, "geometry": {"type": "LineString", "coordinates": [[76.0531979, 11.6153213], [76.0532121, 11.6153941]]}}, {"type": "Feature", "properties": {"id": 1123275355, "name": "appanavayal kaithodu"}, "geometry": {"type": "LineString", "coordinates": [[76.0524024, 11.6160178], [76.0525918, 11.6159796], [76.0528785, 11.6159259], [76.0532218, 11.6158462], [76.0532753, 11.6158253]]}}, {"type": "Feature", "properties": {"id": 1123275681, "name": "unnamed"}, "geometry": {"type": "LineString", "coordinates": [[76.0522933, 11.6151617], [76.0523096, 11.6151753], [76.0523217, 11.6152147], [76.0523713, 11.6152711], [76.052382, 11.6153776], [76.0524209, 11.6154603], [76.0524451, 11.6155601], [76.0524665, 11.6156416], [76.0524705, 11.6156836], [76.0525255, 11.6156849], [76.0526623, 11.6156035], [76.0527642, 11.615547], [76.0529144, 11.6154643], [76.0530794, 11.6153749], [76.0531438, 11.6153447], [76.0531979, 11.6153213]]}}, {"type": "Feature", "properties": {"id": 1123275682, "name": "unnamed"}, "geometry": {"type": "LineString", "coordinates": [[76.0522438, 11.6151204], [76.0522933, 11.6151617]]}}, {"type": "Feature", "properties": {"id": 1123275683, "name": "unnamed"}, "geometry": {"type": "LineString", "coordinates": [[76.0505171, 11.6138519], [76.0506038, 11.6139022], [76.0506499, 11.6139507], [76.0506503, 11.6139979], [76.0507705, 11.6140703], [76.0508413, 11.6141065], [76.0508721, 11.6141095], [76.050903, 11.6141729], [76.0509184, 11.6142061], [76.0510663, 11.6142936], [76.051322, 11.6144807], [76.0516301, 11.6147584], [76.051972, 11.6149461], [76.0520936, 11.6150044], [76.0521506, 11.6150459], [76.0522129, 11.6150946], [76.0522438, 11.6151204]]}}, {"type": "Feature", "properties": {"id": 1123276738, "name": "unnamed"}, "geometry": {"type": "LineString", "coordinates": [[76.0589121, 11.6175841], [76.0590502, 11.6176101], [76.0591581, 11.6176292], [76.0592307, 11.6176656], [76.0592554, 11.6177575], [76.0592466, 11.6178701], [76.0592289, 11.6179273], [76.0592749, 11.6179377], [76.059282, 11.6179152], [76.0593793, 11.6179395], [76.0594395, 11.6179516], [76.0594466, 11.6179013], [76.0595262, 11.6178112], [76.0595934, 11.6177644], [76.0596164, 11.6177817], [76.0596164, 11.6178251], [76.0596625, 11.6178528], [76.059804, 11.6178077], [76.0600341, 11.6177419], [76.0601686, 11.6176812], [76.0602714, 11.617595]]}}, {"type": "Feature", "properties": {"id": 1123276739, "name": "appanavayal thodu"}, "geometry": {"type": "LineString", "coordinates": [[76.0546538, 11.6161395], [76.0551894, 11.6160323], [76.0556146, 11.6160776], [76.055858, 11.6163522], [76.0561674, 11.6164762], [76.0566664, 11.6165767], [76.056992, 11.6166374], [76.0572557, 11.616731], [76.0573389, 11.6168315], [76.0574521, 11.6169667], [76.0576202, 11.6169996], [76.0577034, 11.6169632], [76.0578927, 11.6169442], [76.0580538, 11.6168956], [76.0582449, 11.6169164], [76.0583121, 11.616991], [76.0584201, 11.6170794], [76.0585846, 11.6171851], [76.0586607, 11.6172787], [76.0586997, 11.6173706], [76.0587634, 11.6173584], [76.0588412, 11.6173602], [76.0588927, 11.6173553], [76.0588626, 11.617442], [76.0588166, 11.6175391]]}}, {"type": "Feature", "properties": {"id": 1123276740, "name": "unnamed"}, "geometry": {"type": "LineString", "coordinates": [[76.0588166, 11.6175391], [76.0589121, 11.6175841]]}}, {"type": "Feature", "properties": {"id": 1123276977, "name": "nakkakuni thodu"}, "geometry": {"type": "LineString", "coordinates": [[76.0539293, 11.6203411], [76.0539964, 11.6201906], [76.0540845, 11.6199676], [76.0544855, 11.6196916], [76.0550926, 11.6193623], [76.0554849, 11.6193074], [76.055541, 11.6190787], [76.0555129, 11.6188134], [76.0555129, 11.6184474], [76.0555977, 11.6181112], [76.0561427, 11.6178686], [76.0568152, 11.6176467], [76.0572894, 11.6176328], [76.057626, 11.6176998], [76.0581058, 11.6177714], [76.0586465, 11.6178989], [76.0587034, 11.6177236], [76.0588166, 11.6175391]]}}, {"type": "Feature", "properties": {"id": 1123278255, "name": "unnamed"}, "geometry": {"type": "LineString", "coordinates": [[76.0585487, 11.6441835], [76.0585365, 11.6441617], [76.0584357, 11.6440819], [76.0584127, 11.6440005], [76.0582906, 11.6438497], [76.0583295, 11.6438116], [76.0584304, 11.6436954], [76.0585483, 11.6435883], [76.0582004, 11.643243], [76.0582121, 11.6431401], [76.0580837, 11.6429754], [76.0579249, 11.6428131], [76.0578735, 11.6427079], [76.0577171, 11.6425135], [76.0575764, 11.6424033], [76.0574861, 11.6424155]]}}, {"type": "Feature", "properties": {"id": 1123278256, "name": "unnamed"}, "geometry": {"type": "LineString", "coordinates": [[76.0574725, 11.6423402], [76.0574667, 11.642308], [76.0574154, 11.642282], [76.05731, 11.6422398]]}}, {"type": "Feature", "properties": {"id": 1123278257, "name": "unnamed"}, "geometry": {"type": "LineString", "coordinates": [[76.0574861, 11.6424155], [76.0574725, 11.6423402]]}}, {"type": "Feature", "properties": {"id": 1123294956, "name": "arakkal thodu"}, "geometry": {"type": "LineString", "coordinates": [[76.0511387, 11.6239252], [76.0512519, 11.6239807], [76.0514006, 11.6239946], [76.0519315, 11.623738], [76.0523208, 11.6237588], [76.0525511, 11.6237813], [76.0525968, 11.623776], [76.0526464, 11.6237467], [76.0527172, 11.623641], [76.0528304, 11.6234399], [76.0529012, 11.6232389], [76.0531489, 11.6230794], [76.0534204, 11.6229901], [76.0536189, 11.6230175], [76.053703, 11.6230404], [76.0539201, 11.623109], [76.0540672, 11.6231936], [76.0543466, 11.6233004], [76.0550622, 11.6235116], [76.0560018, 11.6235153], [76.0562945, 11.6235811], [76.0563167, 11.6236115], [76.0563226, 11.6236647], [76.0563127, 11.6237369], [76.0563361, 11.6238567], [76.056366, 11.623909], [76.0563861, 11.623968], [76.0564116, 11.623995], [76.0564218, 11.6240237], [76.0564373, 11.6240685], [76.0564787, 11.6240681], [76.0565692, 11.6240045], [76.0569081, 11.6238041]]}}, {"type": "Feature", "properties": {"id": 1123295863, "name": "edaguni thodu"}, "geometry": {"type": "LineString", "coordinates": [[76.0558682, 11.6392351], [76.0558728, 11.6392671], [76.0559032, 11.6396673], [76.0558978, 11.6398425], [76.0559055, 11.6400561], [76.0558822, 11.640278], [76.0558822, 11.6404563], [76.0558805, 11.6406202], [76.0558352, 11.6407123], [76.0557514, 11.6408245], [76.0557707, 11.6408539], [76.0557514, 11.640948], [76.0557234, 11.6410532], [76.0556599, 11.641154], [76.0555598, 11.6412347], [76.0554563, 11.6413118], [76.0553536, 11.6413883], [76.0553048, 11.6415184], [76.0552379, 11.6416142], [76.0552286, 11.6416957], [76.0552182, 11.6417992], [76.0551701, 11.6419462], [76.0551393, 11.6420216], [76.0550068, 11.6421499], [76.0549851, 11.6422538], [76.0549727, 11.6424098], [76.0547745, 11.6424566], [76.054516, 11.6425155], [76.0542148, 11.6425361], [76.0541751, 11.6427487], [76.0541327, 11.6431606]]}}, {"type": "Feature", "properties": {"id": 1150354595, "name": "pallikunn thodu"}, "geometry": {"type": "LineString", "coordinates": [[76.0576167, 11.6843994], [76.0577538, 11.6846114], [76.0578476, 11.6847599], [76.0579375, 11.6848609], [76.0580377, 11.6849352], [76.058072, 11.6849876], [76.0581171, 11.6850654], [76.0581694, 11.6851272], [76.0582418, 11.6851975], [76.0582572, 11.6852424], [76.0582942, 11.6852937], [76.0583133, 11.6853499], [76.0583375, 11.6853961], [76.058372, 11.6854561], [76.0583975, 11.6855073], [76.0584039, 11.6855361], [76.0584039, 11.6855785], [76.0584103, 11.6856448], [76.0584115, 11.685681], [76.0584339, 11.6857318], [76.0584506, 11.685757], [76.058465, 11.6857971], [76.0584772, 11.6858217], [76.058484, 11.6858454], [76.0584787, 11.6858737], [76.058477, 11.6858857]]}}, {"type": "Feature", "properties": {"id": 1150354922, "name": "pallikunnu thodu"}, "geometry": {"type": "LineString", "coordinates": [[76.0573794, 11.6834004], [76.0573589, 11.6833989], [76.0573187, 11.6833937], [76.0572922, 11.6833923], [76.0572595, 11.6833915], [76.0572196, 11.6833886], [76.0571724, 11.6833823], [76.0571239, 11.6833639], [76.0570923, 11.6833461], [76.0570733, 11.6833421], [76.0570567, 11.6833523], [76.0570694, 11.6833802], [76.0571059, 11.6834222], [76.0571182, 11.6834407], [76.057108, 11.6834832], [76.0570522, 11.6835168], [76.0574776, 11.6842726], [76.0576167, 11.6843994]]}}, {"type": "Feature", "properties": {"id": 1150356636, "name": "24thod(rename)"}, "geometry": {"type": "LineString", "coordinates": [[76.0538966, 11.6855987], [76.0539056, 11.6856411], [76.0538984, 11.6857207], [76.0538966, 11.6857754], [76.0539118, 11.6858597], [76.0539156, 11.685908], [76.0539171, 11.6859444], [76.053927, 11.6859874], [76.0539293, 11.6860224], [76.0539406, 11.6860454], [76.0539507, 11.6860744], [76.0539664, 11.6861239], [76.0539742, 11.6862043], [76.0540052, 11.6863388], [76.0540339, 11.6864624], [76.0540496, 11.6865327], [76.054074, 11.6866016], [76.0540893, 11.6866184]]}}, {"type": "Feature", "properties": {"id": 1150358501, "name": "echome thodu"}, "geometry": {"type": "LineString", "coordinates": [[76.0463133, 11.6963736], [76.0463512, 11.6963718], [76.0463783, 11.69637], [76.0464359, 11.6963657], [76.0464906, 11.696351], [76.0465325, 11.6963389], [76.0466011, 11.6963316], [76.0466559, 11.6963248], [76.0466977, 11.6963232], [76.0467353, 11.6963127], [76.0468189, 11.696299], [76.0468924, 11.6962785], [76.0469509, 11.6962685], [76.0470094, 11.6962633], [76.0471097, 11.6962475], [76.0471628, 11.6962428], [76.0471832, 11.6962449], [76.0472191, 11.6962376], [76.0472937, 11.6961876], [76.0473672, 11.6961398], [76.0473892, 11.696133], [76.0474037, 11.6961125], [76.0474106, 11.6960989], [76.0474439, 11.6960831], [76.0474943, 11.6960484], [76.0475099, 11.6960343], [76.047534, 11.6960148], [76.0475641, 11.6959964], [76.0475903, 11.6959712], [76.0476129, 11.6959486], [76.0476349, 11.6959376], [76.0476703, 11.6959176], [76.0476772, 11.6959129], [76.0476853, 11.6959145], [76.047711, 11.6959024], [76.0477191, 11.6958951], [76.04774, 11.6958893], [76.0477566, 11.6959014], [76.047762, 11.6959082], [76.0479027, 11.6961054], [76.047998, 11.6962538], [76.0480413, 11.6963475], [76.0480647, 11.6964182], [76.0480846, 11.6964747], [76.0481261, 11.6965065], [76.048182, 11.6964959], [76.0482398, 11.6964482], [76.0483697, 11.6963917], [76.0484256, 11.6963811], [76.0484743, 11.6963616], [76.0485682, 11.696321], [76.0486818, 11.6962856], [76.0487829, 11.6962397], [76.0489417, 11.6961885], [76.0490806, 11.6961019], [76.0492177, 11.696033], [76.0493025, 11.6959835], [76.0494158, 11.6959442], [76.0495628, 11.6959415], [76.0496142, 11.6959283], [76.04969, 11.6959009], [76.0497153, 11.6958753], [76.0497866, 11.6958594], [76.0498506, 11.6958452], [76.0499517, 11.695832], [76.0500265, 11.6958285], [76.0500599, 11.6958417], [76.0506466, 11.6957227], [76.0510016, 11.6957019], [76.0512413, 11.6956603], [76.051563, 11.6956305], [76.0518849, 11.6955894]]}}, {"type": "Feature", "properties": {"id": 1150377918, "name": "pallikunn thodu"}, "geometry": {"type": "LineString", "coordinates": [[76.058477, 11.6858857], [76.0584855, 11.6859589], [76.0585202, 11.6861228], [76.0584894, 11.6861994], [76.0585323, 11.686331]]}}, {"type": "Feature", "properties": {"id": 1150378378, "name": "eradathumkolli thodu"}, "geometry": {"type": "LineString", "coordinates": [[76.0543041, 11.6897846], [76.0543298, 11.6899527], [76.0543813, 11.6900473], [76.0544564, 11.6902553], [76.0545315, 11.6903982], [76.054553, 11.6904507], [76.0546172, 11.6905629], [76.0546623, 11.6906866], [76.0547344, 11.6907838], [76.0547705, 11.6908934], [76.054785, 11.6909746], [76.0548048, 11.6910771], [76.0548247, 11.6911319], [76.054886, 11.6911937], [76.054886, 11.6912803], [76.0548806, 11.6913227], [76.0548914, 11.6913863], [76.0549275, 11.6914499], [76.0549419, 11.6914853], [76.0549347, 11.6915312], [76.0549419, 11.691616], [76.0549546, 11.691715], [76.054978, 11.6918033], [76.0549816, 11.6919995], [76.0549961, 11.6921408], [76.0550051, 11.6922468], [76.0550213, 11.6923316], [76.0550249, 11.6923649], [76.0550313, 11.692389], [76.0550359, 11.6923931], [76.0550507, 11.6923909], [76.0550636, 11.6923968], [76.055067, 11.6924106], [76.0550685, 11.6924492], [76.0550566, 11.6925968], [76.0550577, 11.6927186], [76.055048, 11.6928332], [76.0550663, 11.6928804], [76.0550673, 11.6929487], [76.0550748, 11.6929666], [76.0550931, 11.6929823], [76.0551145, 11.6930023], [76.0551285, 11.6930097], [76.0551392, 11.6930275], [76.0550942, 11.6931326], [76.0550791, 11.6932639], [76.0550716, 11.6933784], [76.0550834, 11.6934509], [76.055048, 11.6936033], [76.0550244, 11.6937703], [76.0550073, 11.6939405], [76.0549589, 11.694189], [76.0549321, 11.6944014], [76.0549025, 11.694606], [76.054826, 11.6948409], [76.0547443, 11.6951408], [76.0546065, 11.6954556], [76.0544687, 11.6956805], [76.0543105, 11.6959304], [76.0542544, 11.6961103], [76.0543156, 11.6964351], [76.0544432, 11.696695], [76.0545759, 11.6969499], [76.0546422, 11.6971748], [76.0547035, 11.6973447], [76.0547484, 11.6975442]]}}, {"type": "Feature", "properties": {"id": 1150381554, "name": "eradathumkolli thodu"}, "geometry": {"type": "LineString", "coordinates": [[76.0542862, 11.6896935], [76.0543041, 11.6897846]]}}, {"type": "Feature", "properties": {"id": 1150381555, "name": "eradathumkolli thodu"}, "geometry": {"type": "LineString", "coordinates": [[76.0541154, 11.6868491], [76.0541273, 11.6869533], [76.0541068, 11.6871782], [76.0541017, 11.6873881], [76.0541017, 11.6877929], [76.0541175, 11.6881958], [76.05415, 11.6884467], [76.0541608, 11.6885669], [76.0541632, 11.6886863], [76.0541752, 11.6888354], [76.0542149, 11.6890263], [76.0542185, 11.6891994], [76.0542582, 11.6894044], [76.054279, 11.6896569], [76.0542862, 11.6896935]]}}, {"type": "Feature", "properties": {"id": 1150381943, "name": "eradathumkolli thodu"}, "geometry": {"type": "LineString", "coordinates": [[76.0540893, 11.6866184], [76.0541154, 11.6868491]]}}, {"type": "Feature", "properties": {"id": 1150611282, "name": "pallikunnu thodu"}, "geometry": {"type": "LineString", "coordinates": [[76.0585323, 11.686331], [76.0585474, 11.6863991], [76.0585627, 11.6864798], [76.0585758, 11.6866037], [76.0585506, 11.6868126], [76.0585215, 11.6869265], [76.0584963, 11.687105], [76.0584886, 11.687255], [76.0584944, 11.6874031], [76.0585079, 11.687574], [76.0585041, 11.687726], [76.0585138, 11.6879234], [76.0585293, 11.6879576], [76.0585584, 11.6879671], [76.0585874, 11.6879785], [76.0585894, 11.6880089], [76.0585933, 11.6880583], [76.0586049, 11.6880962], [76.0586262, 11.6881152], [76.0586689, 11.6881152], [76.0587736, 11.6881076], [76.0588182, 11.6881494], [76.0588721, 11.6881932]]}}, {"type": "Feature", "properties": {"id": 1168887635, "name": "chennali kaithod"}, "geometry": {"type": "LineString", "coordinates": [[76.1483367, 11.6749649], [76.1484441, 11.6748894], [76.148527, 11.6748105], [76.1485807, 11.6747648], [76.1486083, 11.6747288]]}}, {"type": "Feature", "properties": {"id": 1168887636, "name": "chennali kaithod"}, "geometry": {"type": "LineString", "coordinates": [[76.1482327, 11.6750106], [76.1483156, 11.6749752]]}}, {"type": "Feature", "properties": {"id": 1168887637, "name": "chennali kaithod"}, "geometry": {"type": "LineString", "coordinates": [[76.1483156, 11.6749752], [76.1483367, 11.6749649]]}}, {"type": "Feature", "properties": {"id": 1168888022, "name": "chennali thodu"}, "geometry": {"type": "LineString", "coordinates": [[76.1483023, 11.674281], [76.1483465, 11.6743468], [76.148389, 11.6744049], [76.1484252, 11.6744603], [76.1484872, 11.6745383], [76.1485438, 11.6746258], [76.1485995, 11.6747133], [76.1486083, 11.6747288], [76.1486208, 11.6747506], [76.1486924, 11.6748655], [76.1487914, 11.6750196], [76.1488745, 11.6751295], [76.148903, 11.6751922], [76.1489553, 11.67525], [76.1490478, 11.6753616], [76.1490814, 11.6753984], [76.149199, 11.6755354], [76.1493441, 11.6756983], [76.1495105, 11.6758924], [76.1497264, 11.6762269], [76.1498201, 11.6764089], [76.1498431, 11.676421], [76.1498679, 11.6764175], [76.1499387, 11.6763846], [76.1500732, 11.6763378], [76.1501988, 11.6762945], [76.1502678, 11.6762598], [76.1504059, 11.6762165], [76.1505793, 11.6762026], [76.1507244, 11.6761905], [76.150889, 11.6761714], [76.1509889, 11.6761442], [76.1511103, 11.6761237], [76.1512201, 11.6760642], [76.1513905, 11.6760756], [76.1515329, 11.6760322], [76.151659, 11.675975], [76.1518085, 11.6759407], [76.1519182, 11.6758881], [76.1519766, 11.6758721], [76.152028, 11.6758767], [76.1520793, 11.6760482], [76.1521307, 11.6760825], [76.1522241, 11.6760322], [76.1523292, 11.6759704], [76.1524255, 11.6759061], [76.1525032, 11.6759455], [76.1525676, 11.6760296], [76.1526454, 11.6761058], [76.1527876, 11.6761714], [76.1528331, 11.6762844], [76.1529002, 11.6763973], [76.1530289, 11.6764], [76.153078, 11.6764811], [76.15312, 11.676584], [76.1531807, 11.6766618], [76.1532204, 11.676767], [76.1532243, 11.6768471], [76.1533499, 11.6768921], [76.15349, 11.6769919], [76.1536264, 11.6770891], [76.1537321, 11.6773439], [76.1536717, 11.6774412], [76.1535656, 11.6775227], [76.1535833, 11.6776128], [76.1536806, 11.6777514], [76.1538741, 11.6780177]]}}, {"type": "Feature", "properties": {"id": 1168888646, "name": "palakkamoola kongiyambam thodu"}, "geometry": {"type": "LineString", "coordinates": [[76.1487027, 11.6786741], [76.1489551, 11.6785451], [76.1492469, 11.6783434], [76.1495859, 11.6782005], [76.1497962, 11.6780828], [76.1500666, 11.6779315], [76.1502978, 11.6778397]]}}, {"type": "Feature", "properties": {"id": 1168888647, "name": "palakkamoola kongiyambam thodu"}, "geometry": {"type": "LineString", "coordinates": [[76.1502978, 11.6778397], [76.1503591, 11.6777751]]}}, {"type": "Feature", "properties": {"id": 1168890755, "name": "naykolli thodu"}, "geometry": {"type": "LineString", "coordinates": [[76.1622571, 11.6662247], [76.1619955, 11.6665563], [76.161755, 11.666849], [76.1615916, 11.6670525], [76.161204, 11.6674367], [76.1609518, 11.6677568], [76.1606926, 11.6682484], [76.1606156, 11.6683719], [76.1604988, 11.6685846], [76.160347, 11.6687973], [76.1601299, 11.6691677], [76.1600271, 11.669401], [76.1599361, 11.6696068], [76.1598824, 11.6697485], [76.1598674, 11.6698855], [76.1597525, 11.6701561], [76.1596889, 11.6703059], [76.1596253, 11.6704648], [76.1595911, 11.6706722], [76.1595803, 11.6707129], [76.1595664, 11.6707468], [76.1595432, 11.6707994], [76.1595202, 11.6708442], [76.1595079, 11.6708765], [76.1595017, 11.6708924], [76.1594933, 11.6709045], [76.159501, 11.6709234]]}}, {"type": "Feature", "properties": {"id": 1168890756, "name": "unnamed"}, "geometry": {"type": "LineString", "coordinates": [[76.1595503, 11.6709897], [76.1595413, 11.6710438]]}}, {"type": "Feature", "properties": {"id": 1168890757, "name": "unnamed"}, "geometry": {"type": "LineString", "coordinates": [[76.159501, 11.6709234], [76.1595503, 11.6709897]]}}, {"type": "Feature", "properties": {"id": 1168891183, "name": "naykolli thodu"}, "geometry": {"type": "LineString", "coordinates": [[76.1626143, 11.6653031], [76.1625886, 11.6654357], [76.1625326, 11.6656896], [76.1624322, 11.6659045], [76.1622954, 11.6661546]]}}, {"type": "Feature", "properties": {"id": 1168891184, "name": "naykolli thodu"}, "geometry": {"type": "LineString", "coordinates": [[76.1622954, 11.6661546], [76.1622571, 11.6662247]]}}, {"type": "Feature", "properties": {"id": 1168891570, "name": "padavayal-padikolly thod"}, "geometry": {"type": "LineString", "coordinates": [[76.1988263, 11.6664822], [76.1986225, 11.6664812], [76.1979571, 11.6665366], [76.1975474, 11.6665871], [76.197332, 11.6666287], [76.1970042, 11.6664979], [76.1968356, 11.6664934]]}}, {"type": "Feature", "properties": {"id": 1168891571, "name": "padavayal-padikolly thod"}, "geometry": {"type": "LineString", "coordinates": [[76.1989227, 11.6664826], [76.1988263, 11.6664822]]}}, {"type": "Feature", "properties": {"id": 1168891572, "name": "padavayal-padikolly thod"}, "geometry": {"type": "LineString", "coordinates": [[76.1989377, 11.6666087], [76.1989227, 11.6664826]]}}, {"type": "Feature", "properties": {"id": 1168891573, "name": "padavayal-padikolly thod"}, "geometry": {"type": "LineString", "coordinates": [[76.1989384, 11.6666758], [76.1989377, 11.6666087]]}}, {"type": "Feature", "properties": {"id": 1168891574, "name": "maranelly thodu thodu"}, "geometry": {"type": "LineString", "coordinates": [[76.1618514, 11.6739295], [76.1618718, 11.6739636], [76.1619491, 11.6740711], [76.1619816, 11.6741318], [76.1619816, 11.6742085], [76.1620006, 11.6742966], [76.1620598, 11.6743468], [76.1621275, 11.6744135], [76.1621946, 11.6745107], [76.1626045, 11.6749778]]}}, {"type": "Feature", "properties": {"id": 1168891575, "name": "maranelly thodu thodu"}, "geometry": {"type": "LineString", "coordinates": [[76.1618005, 11.6738441], [76.1618514, 11.6739295]]}}, {"type": "Feature", "properties": {"id": 1168894857, "name": "puzhakuni thod"}, "geometry": {"type": "LineString", "coordinates": [[76.1569339, 11.6520864], [76.1569109, 11.6520431], [76.1569003, 11.6520032], [76.1568896, 11.6519512], [76.1568737, 11.6518906], [76.1568578, 11.6518386], [76.1568259, 11.6517623], [76.1567888, 11.6516791], [76.1567728, 11.6516375], [76.1567835, 11.651615], [76.1567728, 11.6515561], [76.1567799, 11.6514937], [76.1567735, 11.6514546], [76.1567751, 11.6514297], [76.1567666, 11.651361], [76.156761, 11.6513282], [76.1567529, 11.6512725], [76.1567427, 11.6512326], [76.1567335, 11.6511979], [76.1567258, 11.6511647], [76.1567288, 11.6511315], [76.1567227, 11.6510531], [76.1567181, 11.6509686], [76.1567104, 11.6508841], [76.1567026, 11.6508132], [76.1566962, 11.6506868], [76.1566916, 11.6505565], [76.1566752, 11.6503941], [76.1566635, 11.6502958], [76.1566243, 11.6499484], [76.15658, 11.6497067], [76.156538, 11.6494734], [76.1565343, 11.6493174]]}}, {"type": "Feature", "properties": {"id": 1168896134, "name": "Aavayal thod"}, "geometry": {"type": "LineString", "coordinates": [[76.1987348, 11.6737017], [76.1987087, 11.6737663], [76.1986911, 11.67381], [76.1986866, 11.67382], [76.1986179, 11.6738384], [76.1986082, 11.6738435], [76.1985836, 11.6738493], [76.1985757, 11.6738459], [76.1985554, 11.6738501], [76.1985475, 11.6738557], [76.1985401, 11.6738565], [76.1985317, 11.6738495], [76.1985043, 11.6738524], [76.198502, 11.6738475], [76.1984923, 11.6738508], [76.198486, 11.6738481], [76.1984641, 11.6738565], [76.1984555, 11.6738528], [76.1982933, 11.6738574], [76.1982865, 11.6738936], [76.1983404, 11.6741293], [76.1982157, 11.6750381], [76.1980913, 11.6755611], [76.1965361, 11.6759516], [76.1952528, 11.6767461], [76.1954201, 11.6769943]]}}, {"type": "Feature", "properties": {"id": 1168907508, "name": "madhukolly thodu"}, "geometry": {"type": "LineString", "coordinates": [[76.1762278, 11.6628056], [76.1761749, 11.6628227], [76.1761045, 11.6628476], [76.1760374, 11.6628693], [76.1759858, 11.6628792], [76.1759415, 11.6628989], [76.1758885, 11.6629232], [76.1758429, 11.6629593], [76.1758188, 11.6629829], [76.1758067, 11.6629987], [76.1757712, 11.6630144], [76.1757491, 11.6630342], [76.1757263, 11.6630519], [76.175676, 11.6630775], [76.1756143, 11.6630965], [76.1755767, 11.6631182], [76.1755331, 11.6631353], [76.1755057, 11.6631478], [76.1754782, 11.6631734], [76.17545, 11.6631996], [76.1754238, 11.6632187], [76.1751572, 11.663333], [76.1749944, 11.6634058], [76.1747749, 11.66343], [76.174552, 11.6635167], [76.1743644, 11.6634612], [76.174152, 11.6634058], [76.1740423, 11.663378], [76.1739963, 11.6633191], [76.1738123, 11.6632151], [76.1736813, 11.6632914], [76.173522, 11.6634196], [76.1734619, 11.6635028], [76.1733415, 11.6635929], [76.1732389, 11.6636519], [76.1732, 11.6638564], [76.1730761, 11.6639465], [76.1729555, 11.6642129]]}}, {"type": "Feature", "properties": {"id": 1168908934, "name": "THAZHATHU VAYALTHOD"}, "geometry": {"type": "LineString", "coordinates": [[76.1735692, 11.6478729], [76.1736144, 11.6478241], [76.1736698, 11.6477878], [76.1736784, 11.6477838], [76.1736606, 11.6477763], [76.1737623, 11.6476887], [76.1737891, 11.6476553], [76.1738872, 11.6475867], [76.1740507, 11.647461], [76.174109, 11.6474038], [76.1742289, 11.6473386]]}}, {"type": "Feature", "properties": {"id": 1168909387, "name": "pannimunda thodu"}, "geometry": {"type": "LineString", "coordinates": [[76.1724147, 11.667905], [76.172335, 11.6679534], [76.1720612, 11.6680507], [76.1719097, 11.6681378], [76.1717494, 11.6682211], [76.1716077, 11.6682254], [76.171507, 11.6682364], [76.1713424, 11.6682683], [76.1712542, 11.6682956], [76.1712259, 11.6683925], [76.1712612, 11.6684963], [76.1712471, 11.6686209], [76.1712471, 11.6686901], [76.1712047, 11.6687801], [76.1711411, 11.6689324], [76.1711411, 11.66905], [76.1711482, 11.6691331], [76.1711199, 11.66923], [76.1710563, 11.66932], [76.1709503, 11.6693407], [76.1708725, 11.6693615], [76.1707736, 11.6694376], [76.1707695, 11.6695416], [76.17071, 11.6696314], [76.1706959, 11.6697145], [76.1707312, 11.6697975], [76.1706817, 11.6698806], [76.1706181, 11.669936], [76.1705192, 11.6700328], [76.1704697, 11.6701228], [76.1704697, 11.6702128], [76.1703849, 11.6702889], [76.1703708, 11.6703858], [76.1703496, 11.670455], [76.170286, 11.670545], [76.1702436, 11.6706558], [76.1701446, 11.6707873], [76.1701163, 11.6708772], [76.170081, 11.6709326], [76.1700471, 11.6709816]]}}, {"type": "Feature", "properties": {"id": 1168909388, "name": "unnamed"}, "geometry": {"type": "LineString", "coordinates": [[76.172479, 11.667866], [76.1724147, 11.667905]]}}, {"type": "Feature", "properties": {"id": 1168909414, "name": "unnamed"}, "geometry": {"type": "LineString", "coordinates": [[76.172923, 11.6483586], [76.1729599, 11.6483359], [76.1730154, 11.6482711], [76.173057, 11.6482379], [76.1731263, 11.648173], [76.1731633, 11.6481353], [76.1732665, 11.6480327], [76.1732973, 11.648004], [76.1733974, 11.6479346], [76.1734652, 11.6479105], [76.1735692, 11.6478729]]}}, {"type": "Feature", "properties": {"id": 1168911925, "name": "THAZHATHU VAYALTHOD"}, "geometry": {"type": "LineString", "coordinates": [[76.1712093, 11.6495977], [76.1714354, 11.6495598], [76.1717001, 11.6494692], [76.1718986, 11.649414], [76.1721641, 11.6493103], [76.1724994, 11.6491658], [76.1726419, 11.6490896]]}}, {"type": "Feature", "properties": {"id": 1168912810, "name": "madhukolly thodu"}, "geometry": {"type": "LineString", "coordinates": [[76.179472, 11.6623826], [76.1794395, 11.6623783], [76.1794125, 11.6623724], [76.1793399, 11.6623644], [76.1793236, 11.6623584], [76.1792702, 11.6623286], [76.1792402, 11.6623121], [76.1791945, 11.6622853], [76.1791097, 11.6622613], [76.1790764, 11.6622585], [76.1790467, 11.6622557], [76.1789142, 11.6622406], [76.1787909, 11.6622044], [76.1787293, 11.6621546], [76.1786353, 11.6622436], [76.1786184, 11.6622949], [76.178546, 11.6623145], [76.1784597, 11.6623251], [76.1784197, 11.6623024], [76.1784274, 11.6622572], [76.178432, 11.6621998], [76.1783734, 11.6621516], [76.1782588, 11.6621394], [76.1781969, 11.6621669], [76.1781771, 11.6622515], [76.1781584, 11.6622995], [76.1781245, 11.6623247], [76.1780977, 11.6623533], [76.1780732, 11.6623853], [76.1780148, 11.6623658], [76.1779471, 11.6623201], [76.1778805, 11.6623041], [76.1778332, 11.66232], [76.1777366, 11.6623688], [76.1777041, 11.6623708], [76.1776197, 11.6623489], [76.1775252, 11.662333], [76.1775049, 11.662333], [76.1774754, 11.662327], [76.1774451, 11.6623438], [76.1774425, 11.6623687], [76.1774505, 11.6624213], [76.1774049, 11.6624397], [76.177362, 11.6624489], [76.1773003, 11.6624659], [76.1772587, 11.6624948], [76.1771926, 11.6625426], [76.1771502, 11.6625703], [76.1770582, 11.6626345], [76.176952, 11.6626743], [76.1768794, 11.6626951], [76.1767998, 11.6626968], [76.1767042, 11.6627107], [76.1766192, 11.6627336], [76.1765668, 11.6627562], [76.1765175, 11.6627592], [76.176462, 11.6627788], [76.1764189, 11.6627818], [76.1763881, 11.6627954], [76.1763388, 11.6627894], [76.176288, 11.6627969]]}}, {"type": "Feature", "properties": {"id": 1168912811, "name": "madhukolly thodu"}, "geometry": {"type": "LineString", "coordinates": [[76.176288, 11.6627969], [76.1762278, 11.6628056]]}}, {"type": "Feature", "properties": {"id": 1168913304, "name": "madhukolly thodu"}, "geometry": {"type": "LineString", "coordinates": [[76.1795494, 11.6623929], [76.179472, 11.6623826]]}}, {"type": "Feature", "properties": {"id": 1168915078, "name": "unnamed"}, "geometry": {"type": "LineString", "coordinates": [[76.1726419, 11.6490896], [76.1726101, 11.649007], [76.1725316, 11.6488875], [76.1724752, 11.6488271], [76.1725369, 11.6487535], [76.1726844, 11.6485539], [76.1727998, 11.6484593], [76.172923, 11.6483586]]}}, {"type": "Feature", "properties": {"id": 1168915422, "name": "THAZHATHU VAYALTHOD"}, "geometry": {"type": "LineString", "coordinates": [[76.1687105, 11.647363], [76.1688178, 11.6477676], [76.1689036, 11.6480355], [76.1690485, 11.648356], [76.1692738, 11.6486292], [76.1693703, 11.6486502], [76.1694562, 11.648624], [76.1698102, 11.6490495], [76.1699658, 11.6492177], [76.170113, 11.6493984], [76.1701572, 11.6494452], [76.1702121, 11.6494868], [76.1702899, 11.6495267], [76.1703306, 11.6495475], [76.1704014, 11.6495908], [76.170473, 11.6496171], [76.1707343, 11.6497017], [76.1709516, 11.6496812], [76.1710906, 11.6496482], [76.1712093, 11.6495977]]}}, {"type": "Feature", "properties": {"id": 1168916555, "name": "iyyampullu THOD"}, "geometry": {"type": "LineString", "coordinates": [[76.1751055, 11.6532328], [76.1752288, 11.6530441], [76.1753987, 11.6527391], [76.1754553, 11.6524687], [76.1754624, 11.652233], [76.1753562, 11.6520597], [76.1752854, 11.6518587], [76.1752146, 11.6516854], [76.175073, 11.6515537], [76.1748819, 11.6513942], [76.1746767, 11.6511377], [76.1745634, 11.6505484], [76.1745492, 11.6501671], [76.1746296, 11.6498422], [76.1746419, 11.6497033], [76.1748145, 11.6493593], [76.1746481, 11.6492024], [76.1745803, 11.649124], [76.174796, 11.6490153], [76.1749008, 11.6488584], [76.1749543, 11.6488151]]}}, {"type": "Feature", "properties": {"id": 1168917797, "name": "unnamed"}, "geometry": {"type": "LineString", "coordinates": [[76.1772285, 11.6548408], [76.1768545, 11.6545223], [76.1762854, 11.6540604], [76.1761878, 11.6539091], [76.1760089, 11.6536861], [76.1758869, 11.6535985], [76.1756837, 11.6535985], [76.1750901, 11.6535507], [76.1749925, 11.6533915], [76.1751055, 11.6532328]]}}, {"type": "Feature", "properties": {"id": 1168918923, "name": "VATTATHUVAYAL THOD"}, "geometry": {"type": "LineString", "coordinates": [[76.1674169, 11.6565291], [76.1674973, 11.6563925], [76.1674705, 11.6562349], [76.1674115, 11.6561403], [76.1673471, 11.6559197], [76.1672881, 11.6556307], [76.1671647, 11.6554048], [76.1670574, 11.6551526], [76.1669233, 11.6549004], [76.1667678, 11.6546903], [76.166713, 11.6546002], [76.1666551, 11.6545589], [76.1665371, 11.654622], [76.1664459, 11.654622], [76.1662689, 11.6546745], [76.1660865, 11.6547008]]}}, {"type": "Feature", "properties": {"id": 1169238284, "name": "olivayal kulam thodu"}, "geometry": {"type": "LineString", "coordinates": [[76.1731803, 11.6735837], [76.1731243, 11.6735364], [76.1730817, 11.6734953], [76.1730209, 11.6734318], [76.1729796, 11.6733856], [76.1729364, 11.6733364], [76.1728868, 11.6732821], [76.1728528, 11.6732294], [76.1728014, 11.6731734], [76.172764, 11.6731162], [76.1727355, 11.6730811], [76.1727153, 11.673064], [76.1726872, 11.6730653], [76.172663, 11.6730903], [76.1726094, 11.6731245], [76.1725665, 11.6731665], [76.1725155, 11.6732243], [76.1724605, 11.6732821], [76.1724096, 11.6733359], [76.1723653, 11.6733819], [76.1723465, 11.6734134], [76.1723224, 11.6734344], [76.1722741, 11.6734988], [76.172199, 11.6735513], [76.1721789, 11.6735736], [76.17214, 11.6736183], [76.172085, 11.6736774], [76.1720622, 11.6737102], [76.172017, 11.6737514]]}}, {"type": "Feature", "properties": {"id": 1169238459, "name": "mayilambadi checkdam thodu"}, "geometry": {"type": "LineString", "coordinates": [[76.1808471, 11.6892812], [76.1808203, 11.6892287], [76.1807868, 11.6891538], [76.1807573, 11.6890974], [76.1807251, 11.6890632], [76.1807023, 11.689012], [76.1806634, 11.688991], [76.1806258, 11.6889489], [76.1805997, 11.6888873], [76.1805856, 11.6888242], [76.1805816, 11.6887769], [76.1806003, 11.6887139], [76.1806191, 11.688664], [76.1806231, 11.6885957], [76.1806298, 11.6885129], [76.1806325, 11.6884328], [76.1806379, 11.6883343], [76.1806473, 11.6882582], [76.1806457, 11.6881459], [76.1806538, 11.6880605], [76.1806728, 11.6879981], [76.1806707, 11.6879736], [76.1806687, 11.6879495], [76.1806632, 11.6879311], [76.1806641, 11.6879185], [76.1806644, 11.6879099], [76.1806644, 11.687899], [76.1806666, 11.6878835], [76.1806798, 11.6878233], [76.180676, 11.6877656], [76.1806691, 11.6877377], [76.1806637, 11.6877022], [76.180666, 11.6876721], [76.180666, 11.6876434], [76.1806446, 11.687521], [76.1806212, 11.6873518], [76.1805932, 11.6872603], [76.1805932, 11.6871917], [76.1806014, 11.6871048], [76.180578, 11.6870614], [76.1805617, 11.6869905], [76.1805313, 11.6869265], [76.1805197, 11.6868693], [76.180487, 11.6867984], [76.1804776, 11.6867573], [76.1804309, 11.686691], [76.1803726, 11.6866704], [76.1803066, 11.6865738], [76.1802995, 11.6864768], [76.1803243, 11.6863278], [76.1803597, 11.6861787], [76.180385, 11.6860545], [76.180413, 11.6858899], [76.180441, 11.6857664], [76.1804691, 11.6855926], [76.1805158, 11.6854143], [76.1805344, 11.6852817], [76.1805344, 11.6851536], [76.1805438, 11.6850576], [76.1806559, 11.6849728]]}}, {"type": "Feature", "properties": {"id": 1169238636, "name": "olivayal kulam thodu"}, "geometry": {"type": "LineString", "coordinates": [[76.1750897, 11.6746392], [76.1750662, 11.6746747], [76.1750476, 11.6747078], [76.1750296, 11.6747424], [76.1750113, 11.6747822], [76.1749737, 11.674819], [76.1749331, 11.6748698], [76.1748914, 11.6749106], [76.1748686, 11.6749274], [76.1748562, 11.6749465], [76.1748332, 11.674943], [76.1747908, 11.6748997], [76.1747642, 11.674872], [76.1747501, 11.6748581], [76.1747377, 11.6748425], [76.1747094, 11.6748235], [76.1746634, 11.6748339], [76.1746191, 11.674794], [76.1745997, 11.6747784], [76.1745643, 11.6747385], [76.1745342, 11.6747299], [76.1744793, 11.6747316], [76.1743908, 11.6746346], [76.1743484, 11.6745774], [76.1742864, 11.6745046], [76.1742298, 11.6744491], [76.1741944, 11.6744041], [76.1741413, 11.6743608], [76.1741024, 11.6743278], [76.1740652, 11.6742828], [76.1740245, 11.6742342], [76.1739944, 11.6741996], [76.1739431, 11.6741563], [76.17389, 11.6741181], [76.1738281, 11.6741251], [76.1737414, 11.6740679], [76.1736742, 11.674002], [76.1736193, 11.6739362], [76.1735609, 11.6738824], [76.1735113, 11.6738582], [76.173437, 11.6737941], [76.1733627, 11.6737715], [76.1733291, 11.6737265], [76.1732955, 11.6737074], [76.1732459, 11.6736641], [76.1732105, 11.6736364], [76.1731803, 11.6735837]]}}, {"type": "Feature", "properties": {"id": 1169238827, "name": "mattiyambam ethirkunn thodu"}, "geometry": {"type": "LineString", "coordinates": [[76.182342, 11.6772096], [76.1822615, 11.677228], [76.1821864, 11.6772726], [76.1821221, 11.6772884], [76.1820872, 11.6772884], [76.1820014, 11.6773146], [76.1819129, 11.6773619], [76.1818243, 11.6774092], [76.1816768, 11.6774749], [76.1816178, 11.6774933], [76.1814676, 11.6775668], [76.1813657, 11.6776193], [76.1812932, 11.677661], [76.181229, 11.6777113], [76.1811706, 11.6777319], [76.1811029, 11.6777456], [76.1810445, 11.6777616], [76.1810305, 11.677781], [76.180992, 11.677813], [76.1809418, 11.6778279], [76.1809196, 11.677837], [76.1808997, 11.6778565], [76.1809138, 11.6778942], [76.1808706, 11.677948], [76.1808274, 11.677972], [76.1807958, 11.6779948], [76.1807433, 11.6779948], [76.1807234, 11.6779834], [76.1807068, 11.6779667], [76.1807068, 11.6779425], [76.1806918, 11.6779165], [76.1806705, 11.6779017], [76.1806493, 11.6778775], [76.1806263, 11.6778679], [76.1806068, 11.6778402], [76.1805874, 11.6778151], [76.1805776, 11.6777891], [76.1805741, 11.6777718], [76.1805529, 11.6777423], [76.1805316, 11.6777258], [76.1805175, 11.6776998], [76.1804856, 11.677666], [76.1804626, 11.6776565], [76.1804325, 11.6776435], [76.1804113, 11.6776505], [76.1804016, 11.6776643], [76.1803989, 11.6776825], [76.1803989, 11.6777042], [76.1803573, 11.677738], [76.1803175, 11.6777579], [76.1802803, 11.6777718], [76.1802405, 11.6777943], [76.1802122, 11.6778073], [76.1801998, 11.6777986], [76.1801795, 11.6777891], [76.1801574, 11.6777943], [76.1801282, 11.6778203], [76.1801025, 11.6778411], [76.1800724, 11.6778766], [76.1800494, 11.6779052], [76.1800397, 11.6779355], [76.1800317, 11.6779589], [76.1800255, 11.6779936], [76.1800273, 11.6780239], [76.1800282, 11.6780629], [76.1800211, 11.6780872], [76.1799954, 11.6781192], [76.1799786, 11.6781426], [76.1799521, 11.6781608], [76.1799185, 11.6782067], [76.1799096, 11.6782475], [76.179891, 11.6782968], [76.1798742, 11.6783393], [76.1798689, 11.6783783], [76.1798592, 11.6784104], [76.1798477, 11.6784571], [76.1798335, 11.6785074], [76.179807, 11.6785603], [76.1797849, 11.6785897], [76.1797636, 11.6786287], [76.1797362, 11.6786694], [76.1797238, 11.6787076], [76.1797075, 11.6787381], [76.1796966, 11.6787707], [76.1796896, 11.6787912], [76.1796753, 11.6788118], [76.1796662, 11.6788305], [76.1796511, 11.6788499], [76.1796357, 11.6788712], [76.1796337, 11.678887], [76.1796223, 11.6789074], [76.1796089, 11.6789156], [76.1796012, 11.6789287], [76.1795995, 11.6789392], [76.1795886, 11.6789549], [76.1795816, 11.6789632], [76.1795713, 11.6789704], [76.1795611, 11.6789776], [76.1795262, 11.6789845], [76.1795007, 11.6790068], [76.1794404, 11.6790357], [76.1794189, 11.6790489], [76.1794068, 11.6790633], [76.179384, 11.679083], [76.1793344, 11.679104], [76.1792808, 11.6791237], [76.1792352, 11.6791408], [76.1792003, 11.6791474], [76.1791681, 11.6791487], [76.1791225, 11.6791631], [76.1790836, 11.6791749], [76.1790407, 11.6791815], [76.1789978, 11.6792038], [76.178971, 11.6792065], [76.178928, 11.6792091], [76.1789026, 11.6791966]]}}, {"type": "Feature", "properties": {"id": 1169239989, "name": "pambankolly thodu"}, "geometry": {"type": "LineString", "coordinates": [[76.1879343, 11.6831907], [76.1878564, 11.6831352], [76.1877786, 11.6830798], [76.1876865, 11.6830486], [76.1875485, 11.6829723], [76.1874565, 11.6829169], [76.1873645, 11.6828164], [76.1871415, 11.682747], [76.1869645, 11.6826569], [76.1867133, 11.6826084], [76.1865858, 11.6825737], [76.1864334, 11.6825721]]}}, {"type": "Feature", "properties": {"id": 1169287132, "name": "unnamed"}, "geometry": {"type": "LineString", "coordinates": [[76.1566319, 11.6906422], [76.1565651, 11.6907176], [76.1565018, 11.6908115], [76.1563067, 11.6908919], [76.1562365, 11.6909757], [76.156192, 11.6910646], [76.1561475, 11.6911316], [76.1560927, 11.6911501], [76.1559626, 11.6911249], [76.1558668, 11.6910629], [76.1557812, 11.6909975], [76.1556614, 11.6909774], [76.155521, 11.6909288], [76.1554166, 11.6908886], [76.155343, 11.6908634], [76.1553053, 11.6908819], [76.1552437, 11.6908785], [76.1552009, 11.6908752]]}}, {"type": "Feature", "properties": {"id": 1169287345, "name": "unnamed"}, "geometry": {"type": "LineString", "coordinates": [[76.1552009, 11.6908752], [76.1551609, 11.6908628], [76.1551236, 11.6908518], [76.1551056, 11.690833], [76.1550649, 11.6908385], [76.1550096, 11.6908252], [76.1549633, 11.6908097]]}}, {"type": "Feature", "properties": {"id": 1169287699, "name": "unnamed"}, "geometry": {"type": "LineString", "coordinates": [[76.1549633, 11.6908097], [76.1548534, 11.6907164], [76.1547001, 11.6906625], [76.1545664, 11.6905547], [76.154433, 11.6905588], [76.1542046, 11.6905277], [76.1541007, 11.6904625], [76.1540158, 11.6903891], [76.1537681, 11.6903699], [76.153658, 11.6904738], [76.1535479, 11.6905008], [76.1534424, 11.6905689]]}}, {"type": "Feature", "properties": {"id": 1169778888, "name": "Appadu karakunnu thodu ward 2"}, "geometry": {"type": "LineString", "coordinates": [[76.1717633, 11.6934675], [76.1716725, 11.693498], [76.1715453, 11.6935666], [76.1714078, 11.6936377], [76.1713482, 11.6936809], [76.1712989, 11.6937013], [76.1712416, 11.6937799], [76.1711925, 11.6938461], [76.171055, 11.6938994], [76.1709564, 11.6939401], [76.1708838, 11.6939934], [76.1707981, 11.6940646], [76.1707514, 11.694123]]}}, {"type": "Feature", "properties": {"id": 1169779311, "name": "appadu karakunnu thodu ward 2"}, "geometry": {"type": "LineString", "coordinates": [[76.1707514, 11.694123], [76.1705618, 11.6942006], [76.1702947, 11.6943145], [76.1699866, 11.6944687], [76.1697744, 11.6946967], [76.1695827, 11.6948978], [76.1694115, 11.6951124], [76.1692814, 11.6953001], [76.1691582, 11.6955482], [76.1690007, 11.6958097], [76.1688706, 11.6960175], [76.1687268, 11.6961918], [76.1685967, 11.6963595], [76.1685228, 11.6964629], [76.168442, 11.6965302], [76.1683126, 11.6966134], [76.1682358, 11.6966609], [76.1681469, 11.6966886], [76.1680902, 11.6966767], [76.1677851, 11.6967601], [76.1673417, 11.6967768], [76.1668856, 11.6967361]]}}, {"type": "Feature", "properties": {"id": 1169794109, "name": "manal vayal"}, "geometry": {"type": "LineString", "coordinates": [[76.1411591, 11.6787327], [76.1412664, 11.6786339], [76.1413758, 11.6785435], [76.1415389, 11.6784154], [76.1416462, 11.6783418], [76.141747, 11.6782409], [76.1419809, 11.6781023], [76.1420213, 11.6780502], [76.1421032, 11.6779447], [76.1422013, 11.6777944], [76.1422779, 11.677657], [76.1424029, 11.6774895], [76.1425688, 11.6773046], [76.1426785, 11.6771672], [76.1427933, 11.6770772]]}}, {"type": "Feature", "properties": {"id": 1169794875, "name": "Manalvayal"}, "geometry": {"type": "LineString", "coordinates": [[76.1422779, 11.677657], [76.1421812, 11.677559], [76.1420357, 11.6774641], [76.1419821, 11.6774241], [76.1419286, 11.6773841], [76.1418061, 11.6772692], [76.1416861, 11.6771342], [76.1415739, 11.6770393], [76.1414801, 11.6769152], [76.1413823, 11.6768276], [76.1412483, 11.6766964], [76.1411115, 11.6765707], [76.1409832, 11.6764535]]}}, {"type": "Feature", "properties": {"id": 1169795127, "name": "manal vayal"}, "geometry": {"type": "LineString", "coordinates": [[76.1411139, 11.6787586], [76.1411591, 11.6787327]]}}, {"type": "Feature", "properties": {"id": 1169795709, "name": "kottimunda thodu"}, "geometry": {"type": "LineString", "coordinates": [[76.1427933, 11.6770772], [76.1428751, 11.6771649], [76.1429564, 11.6773264], [76.1431025, 11.6775007], [76.1431891, 11.6776632], [76.143088, 11.6777198], [76.1430087, 11.6778576], [76.1428896, 11.6778859], [76.1429401, 11.6779954], [76.1427993, 11.6780555], [76.1426189, 11.6781863], [76.1426261, 11.6782923], [76.1427236, 11.6785008], [76.1426261, 11.6785715], [76.1424529, 11.6786245], [76.1422219, 11.6787022], [76.1419982, 11.678787], [76.142097, 11.6789651], [76.1423522, 11.67939], [76.1424149, 11.6795319], [76.1425665, 11.6798748], [76.1427298, 11.6803296], [76.1430258, 11.6808843], [76.1431942, 11.6811242], [76.1433065, 11.6813941], [76.1433321, 11.681462], [76.1434575, 11.6817944], [76.1435129, 11.6819995], [76.1435288, 11.6821187], [76.1435647, 11.6823891], [76.1435085, 11.682724], [76.1433912, 11.6831038], [76.1433548, 11.6834951], [76.1434707, 11.6837892], [76.1434879, 11.6838859], [76.1434261, 11.6840875], [76.1434388, 11.6842825], [76.1434669, 11.6844874], [76.1435077, 11.6846048], [76.1435103, 11.6847897], [76.1435231, 11.6849072], [76.1435307, 11.6849971], [76.1435664, 11.6850271], [76.14362, 11.6850396], [76.143694, 11.6850246], [76.1438329, 11.6851935], [76.1438876, 11.6855025], [76.1438208, 11.6859602], [76.1436812, 11.6862692], [76.1435234, 11.6866674], [76.1433656, 11.6869705], [76.1432017, 11.6873152], [76.1431593, 11.6873925], [76.1431543, 11.6873998]]}}, {"type": "Feature", "properties": {"id": 1169797326, "name": "kottimunda kaithodu  thodu"}, "geometry": {"type": "LineString", "coordinates": [[76.1467294, 11.6793145], [76.1466519, 11.679371], [76.1462282, 11.679723], [76.1456756, 11.6802798], [76.1456971, 11.6804584], [76.1456649, 11.6806318], [76.1452679, 11.6811256], [76.144871, 11.6810993], [76.1446027, 11.6811834], [76.1442111, 11.6811781], [76.1439375, 11.681248], [76.1436848, 11.6813597], [76.1434383, 11.6814411], [76.1433697, 11.6814466], [76.1433321, 11.681462]]}}, {"type": "Feature", "properties": {"id": 1169798125, "name": "kolambatta thodu"}, "geometry": {"type": "LineString", "coordinates": [[76.1421528, 11.656053], [76.1422815, 11.6561512], [76.1423702, 11.6561923], [76.1424659, 11.6562129], [76.1425593, 11.6562106], [76.1426621, 11.6562358], [76.1427788, 11.6562701], [76.1428442, 11.6562678], [76.1428559, 11.6562998], [76.1428138, 11.6563318], [76.1428138, 11.6563684], [76.1428886, 11.6563981], [76.1429493, 11.6564393], [76.1430287, 11.6564782], [76.1431244, 11.6565902], [76.1431127, 11.6566566], [76.1431711, 11.6567183], [76.1432065, 11.6567582], [76.143164, 11.6567911], [76.1431446, 11.6568292], [76.1431375, 11.6568985], [76.1431233, 11.6569661], [76.1431269, 11.6570268], [76.1431322, 11.6570892], [76.1432047, 11.657162], [76.1432861, 11.6571984], [76.1433764, 11.6572746], [76.1434401, 11.6573353], [76.1435268, 11.6573561], [76.1436294, 11.657363], [76.143739, 11.6573715], [76.1438868, 11.6573892], [76.1438787, 11.6574927], [76.143895, 11.6575882], [76.1440251, 11.657644], [76.1440007, 11.6577555], [76.1439763, 11.657867], [76.1439763, 11.6579705], [76.1439682, 11.6581138], [76.1439519, 11.6583129], [76.1439766, 11.6584503], [76.1438572, 11.6586789], [76.1438826, 11.6587864], [76.1438933, 11.6589677], [76.1440219, 11.6590382], [76.1441082, 11.6591951], [76.1442191, 11.6593761], [76.1442437, 11.6594968], [76.1443177, 11.6596296], [76.1444827, 11.6597615]]}}, {"type": "Feature", "properties": {"id": 1169798677, "name": "kottimunda thodu"}, "geometry": {"type": "LineString", "coordinates": [[76.143093, 11.6874895], [76.1429837, 11.6876493], [76.142874, 11.6877393], [76.1426877, 11.6879392], [76.1425805, 11.6880691], [76.1424835, 11.6881541], [76.1424376, 11.688234], [76.1403568, 11.6895373], [76.1398401, 11.6897712], [76.1392514, 11.6900377], [76.1390962, 11.6900996]]}}, {"type": "Feature", "properties": {"id": 1169798678, "name": "kottimunda thodu"}, "geometry": {"type": "LineString", "coordinates": [[76.1431543, 11.6873998], [76.143093, 11.6874895]]}}, {"type": "Feature", "properties": {"id": 1169799519, "name": "mayilambadi checkdam thodu"}, "geometry": {"type": "LineString", "coordinates": [[76.1831573, 11.6931048], [76.1831514, 11.6930846], [76.1831769, 11.6930596], [76.1832251, 11.6930211], [76.1832753, 11.6929835], [76.1833077, 11.6929797], [76.1833224, 11.6929672], [76.1833293, 11.692945], [76.1833745, 11.6928921], [76.1833863, 11.692868], [76.1834139, 11.6928468], [76.1834316, 11.6928247], [76.1834483, 11.692792], [76.1834768, 11.692766], [76.1835053, 11.6927448], [76.1835171, 11.692738], [76.18352, 11.6927275], [76.1835122, 11.6927034], [76.1834955, 11.692688], [76.1834601, 11.6926495], [76.1834375, 11.6926244], [76.1834021, 11.6925763], [76.1833972, 11.6925561], [76.1833903, 11.6925311], [76.1833755, 11.6925243], [76.1833628, 11.6925147], [76.1833411, 11.6924926], [76.1833279, 11.6924844], [76.1833087, 11.6924743]]}}, {"type": "Feature", "properties": {"id": 1169799520, "name": "athikadavu colony- mailambadi thodu ward 2"}, "geometry": {"type": "LineString", "coordinates": [[76.1833087, 11.6924743], [76.1832939, 11.6924435], [76.1832644, 11.6923886], [76.183231, 11.6923241], [76.1832104, 11.6923019], [76.1831838, 11.6922673], [76.1831632, 11.692222], [76.1831592, 11.692198], [76.1831357, 11.6921739], [76.1830993, 11.6921537], [76.1830668, 11.6921306], [76.1830462, 11.6920901], [76.1830403, 11.6920738]]}}, {"type": "Feature", "properties": {"id": 1169799521, "name": "mayilambadi checkdam thodu"}, "geometry": {"type": "LineString", "coordinates": [[76.1830403, 11.6920738], [76.1830177, 11.6920372], [76.1829803, 11.6920285], [76.1829528, 11.6920025], [76.1829223, 11.6919688], [76.1828958, 11.6919323], [76.1828741, 11.6918986], [76.1828466, 11.6918783], [76.1828299, 11.6918408], [76.1828063, 11.6917917], [76.1827739, 11.6917455], [76.1827503, 11.6916887], [76.1827257, 11.691654], [76.182686, 11.6916298], [76.1826411, 11.6915958]]}}, {"type": "Feature", "properties": {"id": 1169799522, "name": "athikadavu colony- mailambadi thodu ward 2"}, "geometry": {"type": "LineString", "coordinates": [[76.1826411, 11.6915958], [76.1826067, 11.6915558], [76.1825704, 11.691525], [76.182532, 11.6915048], [76.1824962, 11.6914858], [76.1824435, 11.6914365], [76.1824072, 11.6914095], [76.182358, 11.691397]]}}, {"type": "Feature", "properties": {"id": 1169799751, "name": "purakaadi pallikunn thodu"}, "geometry": {"type": "LineString", "coordinates": [[76.1662451, 11.6829168], [76.1661743, 11.6829168], [76.1661212, 11.6829133], [76.1660504, 11.6828787], [76.1660221, 11.6828371], [76.1659124, 11.682747], [76.1658204, 11.6827331], [76.165785, 11.6826846], [76.1657425, 11.6826465], [76.165693, 11.6826014], [76.1656576, 11.6825182], [76.1656257, 11.682435], [76.1655514, 11.6823623], [76.1654877, 11.6823103], [76.1654063, 11.6822791], [76.1653532, 11.6822375], [76.1652541, 11.6821716], [76.1651904, 11.6821266], [76.1651161, 11.6820954], [76.1650276, 11.6820711], [76.1649852, 11.6820261], [76.1649073, 11.6820087], [76.1648719, 11.6819567], [76.1648082, 11.6818805], [76.1647245, 11.6818638], [76.164698, 11.6818724], [76.1646396, 11.6818776], [76.1645893, 11.6818879], [76.1645521, 11.681874], [76.1645387, 11.6818534], [76.1645086, 11.6818291], [76.1644998, 11.6818031], [76.1644998, 11.6817702], [76.1644998, 11.6817338], [76.1644874, 11.6817043], [76.1644467, 11.6816575], [76.1644113, 11.6816177], [76.1643812, 11.681564], [76.1643493, 11.6815137], [76.1643086, 11.6814877], [76.1642803, 11.6814479], [76.1642662, 11.6814028], [76.1642786, 11.6813508], [76.1642874, 11.6812919], [76.1642856, 11.6812503], [76.1642803, 11.6811983], [76.164252, 11.6811377], [76.1642272, 11.6810926], [76.1641918, 11.6810285], [76.1641334, 11.6809488], [76.1641158, 11.6809002], [76.1641075, 11.6808447], [76.1640782, 11.6807994], [76.1640582, 11.6807572], [76.1640381, 11.680727], [76.1640027, 11.6806908], [76.163975, 11.680638], [76.1639611, 11.6806063], [76.1639411, 11.6805716], [76.1639211, 11.6805445], [76.1638918, 11.6805098], [76.1638718, 11.6804766], [76.1638502, 11.6804343], [76.1638379, 11.680377], [76.1638148, 11.6803212], [76.1637994, 11.6802759], [76.1637639, 11.6802367], [76.1637362, 11.6801703], [76.1637067, 11.6801369], [76.163674, 11.6801186], [76.1636507, 11.6800683], [76.1636507, 11.6800408], [76.163632, 11.6800043], [76.1636017, 11.6799197], [76.163583, 11.6798762], [76.1635923, 11.6798122], [76.1635853, 11.679771], [76.163555, 11.679707], [76.1635409, 11.6796887], [76.1635083, 11.6796315], [76.1634849, 11.6795812], [76.1634592, 11.6795241], [76.163437, 11.6794733], [76.1634242, 11.6794234], [76.1634405, 11.6793663], [76.1634359, 11.6793411], [76.1634312, 11.6792954], [76.1634405, 11.6792519], [76.1634359, 11.6792154], [76.1634242, 11.6791673], [76.1633915, 11.6791536], [76.1633378, 11.6791673], [76.1632981, 11.6791879], [76.1632514, 11.6792245], [76.1631767, 11.6792474], [76.163116, 11.6792428], [76.1630202, 11.6792519], [76.1629245, 11.679268], [76.1628638, 11.6792519], [76.1628194, 11.6792634], [76.162705, 11.6792497], [76.1625999, 11.6792314], [76.1624902, 11.6792154], [76.1624388, 11.6792291], [76.1623641, 11.6792611], [76.1622917, 11.6792702], [76.162231, 11.6792725], [76.1621376, 11.6792977], [76.1620395, 11.6793457], [76.1619905, 11.6793937], [76.1619578, 11.6794326], [76.1618957, 11.6794546], [76.1618317, 11.6794417], [76.1617196, 11.6794577], [76.1617121, 11.6794113], [76.1617044, 11.6793663], [76.1616848, 11.6792951], [76.1616151, 11.6792446], [76.1615787, 11.6792179], [76.1615666, 11.6791674], [76.1615666, 11.6790666], [76.1614999, 11.6789315], [76.1614484, 11.6788262]]}}, {"type": "Feature", "properties": {"id": 1169800448, "name": "mayilambadi checkdam thodu"}, "geometry": {"type": "LineString", "coordinates": [[76.182358, 11.691397], [76.1820594, 11.6911571], [76.1818199, 11.6909191], [76.1815843, 11.69058], [76.1814827, 11.6904044], [76.181233, 11.6900762], [76.1810152, 11.6896031], [76.1809032, 11.6893894]]}}, {"type": "Feature", "properties": {"id": 1169801950, "name": "karattukunn thodu"}, "geometry": {"type": "LineString", "coordinates": [[76.1756915, 11.6826413], [76.1755843, 11.682615], [76.1754877, 11.6826308], [76.1753643, 11.682615], [76.175257, 11.6825572], [76.1751336, 11.6825152], [76.17508, 11.6824732], [76.1749888, 11.6823471], [76.174962, 11.6822525], [76.174801, 11.6820161], [76.174801, 11.68189], [76.1747367, 11.681764], [76.1747367, 11.6816589], [76.1747689, 11.6815906], [76.1748171, 11.6815381], [76.1748708, 11.681475], [76.1748815, 11.681391], [76.1750371, 11.6812754], [76.1750693, 11.6811861], [76.1750639, 11.6810653], [76.1751122, 11.6808867], [76.1751229, 11.6808079], [76.1751551, 11.680666], [76.1752409, 11.6806187], [76.1752943, 11.6804968], [76.1753682, 11.6804184], [76.1754298, 11.6802735], [76.1754791, 11.680177], [76.1755528, 11.6801085], [76.1756921, 11.6799596], [76.1757106, 11.6798811], [76.1757537, 11.6797966], [76.1757907, 11.6797453], [76.1758083, 11.6796587], [76.1758122, 11.6796005], [76.1758469, 11.6795365], [76.1758469, 11.679507], [76.1758398, 11.6794585], [76.1758505, 11.6794221], [76.1758575, 11.6793805], [76.1758558, 11.6793424], [76.1758593, 11.6793025], [76.1758699, 11.6792367], [76.1758752, 11.6792072], [76.1758859, 11.6791604], [76.1759, 11.6791171], [76.1759, 11.6790738], [76.1759142, 11.679053], [76.1759195, 11.6790183], [76.1759142, 11.6789871], [76.1759142, 11.6789559], [76.1759266, 11.6789265], [76.1759496, 11.678904], [76.1759796, 11.6788589], [76.1759849, 11.6788346], [76.1759832, 11.6787982], [76.1759796, 11.678774], [76.1759832, 11.6787411], [76.1759956, 11.6787255], [76.1759938, 11.6786873], [76.1760026, 11.678644], [76.1760269, 11.6786143], [76.176061, 11.6785834], [76.1760646, 11.6785487], [76.1760646, 11.6785262], [76.1760628, 11.6785054], [76.1760699, 11.6784828], [76.176077, 11.6784482], [76.1761, 11.6784145], [76.1761111, 11.6783871], [76.1761129, 11.6783438], [76.1761396, 11.6783055], [76.1761538, 11.6782517], [76.176168, 11.6782099], [76.1761904, 11.6781622], [76.1761985, 11.6781303], [76.176229, 11.6780268], [76.1762554, 11.677983], [76.1762758, 11.6779273], [76.1763063, 11.6778457], [76.1763246, 11.6777859], [76.1763469, 11.6777322], [76.1763612, 11.6776764], [76.1763693, 11.6776247], [76.1763794, 11.6775829], [76.176401, 11.6775202], [76.1764412, 11.6774466], [76.1764734, 11.677381], [76.1765002, 11.6772995], [76.1765136, 11.6772076], [76.176519, 11.677113], [76.1765186, 11.67705], [76.1764693, 11.6769323], [76.1764152, 11.6769293]]}}, {"type": "Feature", "properties": {"id": 1169801999, "name": "kolambatta"}, "geometry": {"type": "LineString", "coordinates": [[76.1411388, 11.6660653], [76.1410584, 11.6664518], [76.1410369, 11.6666462], [76.1410155, 11.6667565], [76.1411094, 11.6668116], [76.141273, 11.6669167], [76.1414715, 11.6670034], [76.1416163, 11.6671242], [76.1416994, 11.6672687], [76.1417497, 11.6673839], [76.1417594, 11.6674033], [76.1417671, 11.6674292], [76.1417695, 11.6674414], [76.1417789, 11.6674709], [76.1417856, 11.6674824], [76.1417953, 11.6675054], [76.1418064, 11.6675326], [76.1418268, 11.6676177], [76.1418372, 11.6676417], [76.141865, 11.6677132], [76.1418811, 11.6677503], [76.1419019, 11.6678134], [76.1419103, 11.6678374], [76.1419274, 11.6678764], [76.1419442, 11.6679263], [76.1419589, 11.6679569], [76.1419713, 11.667992], [76.1419918, 11.6680324], [76.1419995, 11.6680521], [76.1420109, 11.668078], [76.1420079, 11.6681046], [76.1420206, 11.6681309], [76.1420293, 11.6681631], [76.142036, 11.6681985], [76.1420531, 11.668237], [76.1420649, 11.6682672], [76.1420799, 11.6683023], [76.142093, 11.6683341], [76.1421027, 11.6683584], [76.1421125, 11.6683834], [76.1421239, 11.6684159], [76.1421373, 11.6684458], [76.142152, 11.6684891], [76.1421617, 11.6685285], [76.1421748, 11.6685568], [76.1421916, 11.6685939], [76.1422033, 11.6686343], [76.1422238, 11.6686842], [76.1422372, 11.6687216], [76.1422519, 11.6687636], [76.1422633, 11.6687899], [76.1422761, 11.6688217], [76.1422905, 11.6688582], [76.1423029, 11.6688973], [76.1423183, 11.6689419], [76.142326, 11.6689705], [76.1423398, 11.669001], [76.1423492, 11.669023], [76.1423609, 11.6690532], [76.1423673, 11.6690772], [76.1423716, 11.6691061], [76.1423871, 11.6691317], [76.1423971, 11.6691557], [76.1424062, 11.6691829], [76.1424115, 11.669199], [76.1424286, 11.669243], [76.142439, 11.6692522], [76.1424451, 11.6692601], [76.1424491, 11.6692841], [76.1424561, 11.6693084], [76.1424739, 11.6693363], [76.1424907, 11.6693491], [76.1425039, 11.6693638], [76.1425167, 11.6694538], [76.1425345, 11.6695388], [76.1425639, 11.6696425], [76.1425856, 11.6697212], [76.1426264, 11.6698012], [76.1426481, 11.6698849], [76.1426647, 11.6699636], [76.1426864, 11.6700461], [76.142707, 11.6701051], [76.1427157, 11.6701298], [76.142745, 11.6702023], [76.142754, 11.6702685], [76.1427604, 11.670311], [76.1427935, 11.6703372], [76.1428671, 11.6704144], [76.1430185, 11.6704414], [76.143164, 11.6703989], [76.1432609, 11.6703914], [76.143414, 11.6703614], [76.1436029, 11.6703265], [76.1437024, 11.6703115], [76.1437376, 11.6702084], [76.1437736, 11.6700652], [76.1437707, 11.6699476], [76.1437696, 11.6699035], [76.1439049, 11.6699541], [76.143965, 11.6699793], [76.1440401, 11.6700045], [76.1441307, 11.6700754], [76.1441412, 11.6701188], [76.1441622, 11.6701463], [76.1442019, 11.6701394], [76.1442953, 11.6701314], [76.1443746, 11.6701275], [76.1444482, 11.6701474], [76.1445218, 11.6701611], [76.1445825, 11.6701485], [76.1446537, 11.6701428], [76.1447448, 11.6701325], [76.1448825, 11.6700914], [76.1449713, 11.6700662], [76.1450192, 11.6700481], [76.145053, 11.6700353], [76.1450927, 11.6700213], [76.1450874, 11.6700317], [76.1451139, 11.6700213]]}}, {"type": "Feature", "properties": {"id": 1169802807, "name": "athikadavu colony- mailambadi thodu ward 2"}, "geometry": {"type": "LineString", "coordinates": [[76.1803215, 11.6924465], [76.1803017, 11.6923781], [76.1802545, 11.6923396], [76.1801759, 11.6922934], [76.1801641, 11.6922434], [76.1801719, 11.692201], [76.1802034, 11.6921625], [76.180227, 11.6921163], [76.1802702, 11.6920701]]}}, {"type": "Feature", "properties": {"id": 1169802990, "name": "athikadavu colony- mailambadi thodu ward 2"}, "geometry": {"type": "LineString", "coordinates": [[76.1802702, 11.6920701], [76.1803548, 11.6918762], [76.1803822, 11.6917622], [76.1803617, 11.6916214], [76.1804164, 11.6915141], [76.1804096, 11.6913599], [76.1803411, 11.691246], [76.1803411, 11.6911052], [76.1802864, 11.6909778], [76.1802686, 11.6908744], [76.1801924, 11.690711], [76.1801652, 11.6905511], [76.1801006, 11.6903212], [76.1802877, 11.6902212], [76.1802367, 11.6900047], [76.1801754, 11.6898714], [76.180366, 11.6896782], [76.1806824, 11.6895282], [76.1809032, 11.6893894], [76.1808471, 11.6892812]]}}, {"type": "Feature", "properties": {"id": 1169803050, "name": "vandikunnu"}, "geometry": {"type": "LineString", "coordinates": [[76.15349, 11.6769919], [76.153515, 11.6769558], [76.1535388, 11.6769158], [76.1535423, 11.6769098], [76.1535181, 11.6768637], [76.1534649, 11.6768043], [76.1535241, 11.6767553], [76.1535044, 11.676724], [76.1534558, 11.676626], [76.1534134, 11.6764952], [76.1533754, 11.6764031], [76.153355, 11.6763183], [76.1533911, 11.6762352], [76.1534146, 11.6761486], [76.1534416, 11.6760585], [76.1534756, 11.6758661], [76.1534756, 11.6757611], [76.1535087, 11.6756162], [76.1535929, 11.6754363], [76.1536567, 11.6753388], [76.1537511, 11.6752763], [76.1538405, 11.6752164]]}}, {"type": "Feature", "properties": {"id": 1169803051, "name": "vandikunnu"}, "geometry": {"type": "LineString", "coordinates": [[76.1539322, 11.6752061], [76.1539527, 11.6752039], [76.154035, 11.6751474], [76.1541053, 11.6750466], [76.1541865, 11.6749919], [76.154275, 11.6749159], [76.1543172, 11.6748873], [76.1543507, 11.6748646], [76.1544446, 11.6748328], [76.1545204, 11.6747445], [76.1546116, 11.6747239], [76.1547008, 11.6746862], [76.1548072, 11.6746402], [76.1549011, 11.6746385], [76.1550238, 11.6746137], [76.155132, 11.6746013], [76.1552943, 11.6746174], [76.1554386, 11.6746068], [76.1555757, 11.674575], [76.1555829, 11.6744831], [76.1555802, 11.674463]]}}, {"type": "Feature", "properties": {"id": 1169803052, "name": "vandikunnu"}, "geometry": {"type": "LineString", "coordinates": [[76.1538405, 11.6752164], [76.1539322, 11.6752061]]}}, {"type": "Feature", "properties": {"id": 1169805018, "name": "vandikunnu"}, "geometry": {"type": "LineString", "coordinates": [[76.1555682, 11.6743739], [76.1555564, 11.6742862]]}}, {"type": "Feature", "properties": {"id": 1169805019, "name": "vandikunnu"}, "geometry": {"type": "LineString", "coordinates": [[76.1555802, 11.674463], [76.1555682, 11.6743739]]}}, {"type": "Feature", "properties": {"id": 1169808471, "name": "kottimunda thodu"}, "geometry": {"type": "LineString", "coordinates": [[76.143868, 11.6819661], [76.1438196, 11.6819935], [76.1437906, 11.6819943], [76.1437269, 11.6820225], [76.1437086, 11.6820344], [76.1437162, 11.6820597], [76.143698, 11.6820731], [76.1436449, 11.6820909], [76.1435888, 11.6821043], [76.1435288, 11.6821187]]}}, {"type": "Feature", "properties": {"id": 1169810603, "name": "aalilakunnu thodu"}, "geometry": {"type": "LineString", "coordinates": [[76.170733, 11.6997113], [76.170703, 11.699692], [76.1706688, 11.6996786], [76.1706397, 11.6996728], [76.1706123, 11.6996619], [76.1705841, 11.6996535], [76.1705438, 11.6996443], [76.170507, 11.6996309], [76.1704685, 11.6996099], [76.1704317, 11.6996116], [76.1704103, 11.6996091], [76.1703727, 11.6995789], [76.1703547, 11.6995672], [76.1703316, 11.6995353], [76.1703068, 11.6995068], [76.1702742, 11.6994968], [76.17024, 11.6994867], [76.1702152, 11.6994942], [76.1701835, 11.6995077], [76.170151, 11.6995068], [76.1701125, 11.6995311], [76.1700808, 11.6995697], [76.1700423, 11.6995931], [76.1700166, 11.6996116], [76.1699901, 11.6996091], [76.1699713, 11.6995831], [76.169937, 11.6995663], [76.1699045, 11.6995186], [76.169902, 11.6994934], [76.1698994, 11.6994616], [76.1698891, 11.6994272], [76.1698771, 11.6994021], [76.1698711, 11.6993694], [76.1698361, 11.6993434], [76.1698147, 11.6993116], [76.1697958, 11.6992914], [76.1697864, 11.6992621], [76.1698044, 11.699242], [76.1698309, 11.6992202], [76.1698309, 11.6992101], [76.1698198, 11.6991967], [76.1697975, 11.6991791], [76.1697744, 11.6991632], [76.1697599, 11.6991414]]}}, {"type": "Feature", "properties": {"id": 1169813285, "name": "alilakunnu thodu continues S"}, "geometry": {"type": "LineString", "coordinates": [[76.1697794, 11.699259], [76.1697574, 11.6992806], [76.1697483, 11.6993174], [76.1697405, 11.6993657], [76.1697055, 11.6994521], [76.1696835, 11.6995029], [76.1696419, 11.6995537], [76.1695732, 11.6995994], [76.1695161, 11.6996261], [76.1694318, 11.6996591], [76.1693669, 11.6996668], [76.1693034, 11.6996833], [76.1692645, 11.6996744], [76.1692398, 11.6996515], [76.1691957, 11.6996363], [76.1691801, 11.6996109]]}}, {"type": "Feature", "properties": {"id": 1169814694, "name": "aalilakunnu thodu continues"}, "geometry": {"type": "LineString", "coordinates": [[76.1691801, 11.6996109], [76.169186, 11.6995776], [76.1692155, 11.6995391], [76.169245, 11.6994852], [76.1692607, 11.6994371], [76.1692489, 11.6993851], [76.1692116, 11.6993254], [76.1691585, 11.6992541], [76.1691133, 11.6991617], [76.1690798, 11.6990789], [76.1690602, 11.699025], [76.1690405, 11.6989634], [76.1690267, 11.698898], [76.1690208, 11.6988402], [76.1690051, 11.698769]]}}, {"type": "Feature", "properties": {"id": 1169815311, "name": "aalilakunnu thodu"}, "geometry": {"type": "LineString", "coordinates": [[76.1690051, 11.698769], [76.1689871, 11.6986185], [76.1689517, 11.6984644], [76.1689084, 11.6983682], [76.1687905, 11.6983181], [76.168645, 11.6982449], [76.1684837, 11.6981872], [76.1683972, 11.6981564], [76.1683225, 11.6980794], [76.1682793, 11.6980331], [76.1682045, 11.6979561], [76.1680944, 11.6978406], [76.1679883, 11.6977597], [76.1678546, 11.6976134], [76.1677877, 11.6975788], [76.1677012, 11.6975711]]}}, {"type": "Feature", "properties": {"id": 1169816748, "name": "pullumala thod"}, "geometry": {"type": "LineString", "coordinates": [[76.1943636, 11.6853198], [76.1943426, 11.6852868], [76.19418, 11.6853704], [76.193997, 11.6852749], [76.1938019, 11.6851753], [76.1936189, 11.685032], [76.1932327, 11.6850081], [76.1929806, 11.6850041], [76.1927664, 11.6849953]]}}, {"type": "Feature", "properties": {"id": 1169816749, "name": "pullumala-mailambady thod"}, "geometry": {"type": "LineString", "coordinates": [[76.1944525, 11.6854599], [76.1943636, 11.6853198]]}}, {"type": "Feature", "properties": {"id": 1169816750, "name": "pullumala-mailambady thod"}, "geometry": {"type": "LineString", "coordinates": [[76.1944564, 11.685466], [76.1944525, 11.6854599]]}}, {"type": "Feature", "properties": {"id": 1169821763, "name": "thenerambath thodu"}, "geometry": {"type": "LineString", "coordinates": [[76.1544727, 11.6621911], [76.1544533, 11.6621391], [76.1544179, 11.6621088], [76.1544035, 11.6620836], [76.1543966, 11.6620715], [76.1543834, 11.6620334], [76.1543666, 11.661984], [76.1543559, 11.6619415], [76.1543347, 11.6618982], [76.1543135, 11.6618445], [76.1542913, 11.6617855], [76.1542754, 11.661744], [76.154248, 11.6616859], [76.1542383, 11.6616504], [76.1542306, 11.6616179], [76.1542259, 11.6615984], [76.1541799, 11.6615247], [76.1541569, 11.6614571], [76.1541259, 11.6613722], [76.1541029, 11.6613029], [76.1540808, 11.6612518], [76.1540701, 11.6612102], [76.1540648, 11.6611564], [76.1540613, 11.6611071], [76.1540516, 11.661075], [76.1540401, 11.6610317], [76.1540303, 11.6609892], [76.1540126, 11.6609441], [76.1539958, 11.6609095], [76.1539861, 11.6608523], [76.1539693, 11.6608064], [76.1539507, 11.6607535], [76.15391, 11.660698], [76.1538896, 11.6606495], [76.1538737, 11.6606027], [76.1538587, 11.6605644], [76.1538622, 11.6604935], [76.1538704, 11.660438], [76.1538751, 11.66039], [76.1539155, 11.6602815], [76.1538889, 11.660251]]}}, {"type": "Feature", "properties": {"id": 1169824767, "name": "cc mandavayal thod"}, "geometry": {"type": "LineString", "coordinates": [[76.1933321, 11.679499], [76.1933034, 11.6795293], [76.1930203, 11.6797303], [76.1927902, 11.6799382], [76.1925248, 11.680115], [76.1923478, 11.6803403], [76.1920965, 11.6802779], [76.1919522, 11.6803824], [76.1919585, 11.6805136], [76.1915161, 11.6803611], [76.1912143, 11.6802308], [76.1909781, 11.6801289], [76.1905721, 11.6799217]]}}, {"type": "Feature", "properties": {"id": 1169824768, "name": "cc mandavayal thod"}, "geometry": {"type": "LineString", "coordinates": [[76.1933694, 11.6793329], [76.1933321, 11.679499]]}}, {"type": "Feature", "properties": {"id": 1169824769, "name": "cc- mandavayal thod"}, "geometry": {"type": "LineString", "coordinates": [[76.1941197, 11.6785283], [76.1939767, 11.6787842], [76.1937025, 11.6790406], [76.1934681, 11.6792145], [76.1933694, 11.6793329]]}}, {"type": "Feature", "properties": {"id": 1169826531, "name": "mylambady thod"}, "geometry": {"type": "LineString", "coordinates": [[76.191931, 11.6879923], [76.1919847, 11.6878139], [76.1920224, 11.6876906], [76.1920423, 11.6875625], [76.1920703, 11.6873933], [76.1921217, 11.6872653], [76.1922688, 11.6870252], [76.1923248, 11.6868011], [76.1923645, 11.6865175], [76.1923902, 11.6863552], [76.1924112, 11.6861631], [76.1924322, 11.6859802], [76.1924883, 11.6855423], [76.1926392, 11.6853341], [76.1927009, 11.6851802], [76.1927594, 11.6850444], [76.1927664, 11.6849953]]}}, {"type": "Feature", "properties": {"id": 1169827100, "name": "cheenali"}, "geometry": {"type": "LineString", "coordinates": [[76.1437696, 11.6699035], [76.1437666, 11.6697819], [76.1437649, 11.6697143], [76.1437628, 11.6696307], [76.1437611, 11.6695611], [76.1438075, 11.6695242], [76.1438842, 11.6694636], [76.1438969, 11.6694535], [76.1439244, 11.6694247], [76.143962, 11.669366], [76.1440768, 11.669363], [76.1441713, 11.6693759], [76.1442567, 11.669364], [76.1443004, 11.669353], [76.1443528, 11.6693436], [76.1443939, 11.6693346], [76.1444427, 11.6693246], [76.1444951, 11.6693042], [76.1445413, 11.6692749], [76.1445947, 11.6692505], [76.1446333, 11.6692241], [76.1446389, 11.6692221], [76.1446719, 11.6692062], [76.1447054, 11.6691858], [76.1447344, 11.6691609], [76.1447542, 11.6691355], [76.14477, 11.6691181], [76.144772, 11.6690997], [76.1447934, 11.6690927], [76.1448386, 11.6690937]]}}, {"type": "Feature", "properties": {"id": 1169827595, "name": "cc thod"}, "geometry": {"type": "LineString", "coordinates": [[76.2035006, 11.67974], [76.2033032, 11.6798186], [76.2031953, 11.679941], [76.2029881, 11.6800827], [76.2027514, 11.6801045], [76.202448, 11.6800575], [76.2024076, 11.6800512], [76.2021716, 11.6798779], [76.2017049, 11.6794418], [76.2015922, 11.6790636], [76.2013347, 11.6788482], [76.2009485, 11.6784647], [76.2007607, 11.6782231], [76.2004766, 11.678249], [76.2001331, 11.6784595], [76.1997361, 11.6782126], [76.1993606, 11.6778448], [76.1989333, 11.6775524], [76.1983641, 11.6772976], [76.198356, 11.6769552], [76.1979901, 11.6767721], [76.197608, 11.6768995], [76.1972421, 11.6768836], [76.1968391, 11.6767305], [76.1962838, 11.6769155], [76.1957795, 11.6769102], [76.1954201, 11.6769943], [76.1951197, 11.6771256], [76.1947925, 11.6773673], [76.194594, 11.6776825], [76.1944813, 11.677756], [76.1942614, 11.6779714], [76.1941434, 11.6782026], [76.1941197, 11.6785283]]}}, {"type": "Feature", "properties": {"id": 1169829501, "name": "kolambatta"}, "geometry": {"type": "LineString", "coordinates": [[76.1423462, 11.670048], [76.1423516, 11.670017], [76.1423447, 11.6699673], [76.1423377, 11.6699461], [76.1423246, 11.6699114], [76.1423115, 11.6698745], [76.1423115, 11.6698224], [76.1423139, 11.6697704], [76.1423077, 11.6697311], [76.1422954, 11.6697093], [76.1423123, 11.6696783], [76.1423046, 11.6696421], [76.142298, 11.6695781], [76.142301, 11.6695639], [76.1423027, 11.6695559], [76.1422928, 11.6695398], [76.1422858, 11.6695004], [76.1422799, 11.6694638], [76.1422683, 11.6694289], [76.1422619, 11.6693946], [76.1422513, 11.6693592], [76.1422403, 11.6693215], [76.1422297, 11.6692923], [76.1422295, 11.6692706], [76.1422355, 11.6692474], [76.1422468, 11.6692263], [76.1422589, 11.6692121], [76.1422911, 11.6691854], [76.142314, 11.6691655], [76.1423333, 11.6691469], [76.1423417, 11.6691262], [76.1423488, 11.6691011], [76.1423559, 11.6690867], [76.1423609, 11.6690532]]}}, {"type": "Feature", "properties": {"id": 1169830530, "name": "ELAMBOARD THOD"}, "geometry": {"type": "LineString", "coordinates": [[76.1636455, 11.6500516], [76.163595, 11.6499632], [76.1635534, 11.6499844], [76.1635228, 11.6499455], [76.1634578, 11.6499049], [76.163447, 11.6498643], [76.1633315, 11.64979], [76.1632882, 11.6497529], [76.1631781, 11.6496522], [76.1631114, 11.6495868], [76.1629598, 11.6494437], [76.1628479, 11.6494666], [76.1627144, 11.6494737], [76.1626206, 11.6494507], [76.1624961, 11.6494843], [76.1623022, 11.649345]]}}, {"type": "Feature", "properties": {"id": 1169848031, "name": "unnamed"}, "geometry": {"type": "LineString", "coordinates": [[76.1643962, 11.6496139], [76.1643005, 11.6496122], [76.1642265, 11.6496599], [76.1641562, 11.6497058], [76.1640696, 11.649773], [76.1640335, 11.6498348], [76.1639721, 11.6499144], [76.1639036, 11.6500169], [76.1638567, 11.6500946], [76.1638115, 11.6501847], [76.1637737, 11.6501759], [76.1637322, 11.6501335]]}}, {"type": "Feature", "properties": {"id": 1169858107, "name": "unnamed"}, "geometry": {"type": "LineString", "coordinates": [[76.1637322, 11.6501335], [76.1636762, 11.6500911], [76.1636455, 11.6500516]]}}, {"type": "Feature", "properties": {"id": 1169859158, "name": "unnamed"}, "geometry": {"type": "LineString", "coordinates": [[76.1645867, 11.6494298], [76.1645687, 11.6494386], [76.1645425, 11.6494563], [76.1645299, 11.6494819], [76.1645182, 11.6495066], [76.1645046, 11.6495411], [76.1644812, 11.6495482], [76.1644577, 11.6495579], [76.1644379, 11.6495641], [76.1644225, 11.6495862], [76.1644171, 11.6496021], [76.1643962, 11.6496139]]}}, {"type": "Feature", "properties": {"id": 1169859358, "name": "aavayal mylambadi kaithod"}, "geometry": {"type": "LineString", "coordinates": [[76.2023142, 11.6738873], [76.2020889, 11.6740738], [76.2019413, 11.674255], [76.201743, 11.6743507], [76.2015305, 11.6744399], [76.2013344, 11.6745291], [76.2011452, 11.6745771], [76.2009561, 11.6746137], [76.200837, 11.674648], [76.2007179, 11.6746594], [76.2005755, 11.6746869], [76.2004611, 11.6746869], [76.2003415, 11.674691], [76.2001992, 11.6746432], [76.2000671, 11.6746412], [76.2000006, 11.6746398], [76.1994684, 11.674757], [76.1991702, 11.6747801], [76.1990142, 11.6747466], [76.1989572, 11.6750969], [76.1990711, 11.6755508], [76.1991605, 11.6758295], [76.1990142, 11.6761321], [76.1986808, 11.676562], [76.198356, 11.6769552]]}}, {"type": "Feature", "properties": {"id": 1169860385, "name": "Karimbamkolly"}, "geometry": {"type": "LineString", "coordinates": [[76.1898163, 11.65547], [76.1897948, 11.655491], [76.1897734, 11.6555309], [76.1897133, 11.6556927], [76.1896832, 11.6558062], [76.1896596, 11.6558714], [76.189606, 11.6559155], [76.189591, 11.6558672], [76.1895352, 11.6558566], [76.1894644, 11.6557705], [76.1892777, 11.6557495], [76.1891725, 11.6557621], [76.1889623, 11.6557789], [76.1888872, 11.6557978], [76.1887885, 11.6558566], [76.1886812, 11.6558062], [76.1885116, 11.6557264], [76.1883743, 11.6557158], [76.1883464, 11.655657], [76.1883078, 11.6555919], [76.1883057, 11.6555309], [76.1883164, 11.6554721], [76.188226, 11.6554778], [76.1881877, 11.6554753], [76.1880652, 11.6554753], [76.1878127, 11.6553315], [76.1875583, 11.6550665], [76.1874092, 11.6549858], [76.1865809, 11.6546064], [76.1864221, 11.6544579]]}}, {"type": "Feature", "properties": {"id": 1169861017, "name": "chundalpuzha"}, "geometry": {"type": "LineString", "coordinates": [[76.1891054, 11.6717605], [76.1891535, 11.6718832], [76.189426, 11.6722021], [76.1895605, 11.6725036], [76.1898401, 11.6728121], [76.1898548, 11.6731274], [76.189773, 11.673242], [76.1894857, 11.6732438], [76.1893047, 11.6735356], [76.1895985, 11.6736985], [76.1899312, 11.6739931], [76.1901612, 11.6741491], [76.1906213, 11.6743154], [76.1910496, 11.674409], [76.1911705, 11.6744644]]}}, {"type": "Feature", "properties": {"id": 1169861018, "name": "chundalpuzha"}, "geometry": {"type": "LineString", "coordinates": [[76.189066, 11.6716598], [76.1890544, 11.6716302]]}}, {"type": "Feature", "properties": {"id": 1169861019, "name": "chundalpuzha"}, "geometry": {"type": "LineString", "coordinates": [[76.189066, 11.6716598], [76.1891054, 11.6717605]]}}, {"type": "Feature", "properties": {"id": 1169861548, "name": "Odamalakunnu thod"}, "geometry": {"type": "LineString", "coordinates": [[76.1864221, 11.6544579], [76.1859566, 11.6543022], [76.1855942, 11.6542272], [76.1854003, 11.6540822], [76.185295, 11.6540759], [76.1852366, 11.6540791], [76.1852096, 11.6540575], [76.1852063, 11.6540072], [76.1848644, 11.6538723], [76.1848195, 11.6537197], [76.1847062, 11.6534224], [76.1847062, 11.6532375], [76.1845429, 11.6531125], [76.1845174, 11.6529226], [76.1845531, 11.6526727], [76.1844572, 11.6526097], [76.1843749, 11.6523595], [76.1842573, 11.6523112], [76.1841805, 11.6522378], [76.1840655, 11.6522325], [76.1840082, 11.6521971], [76.1839401, 11.6520971], [76.1837518, 11.651873], [76.1835426, 11.651863], [76.1833093, 11.6517651], [76.1830848, 11.6516047], [76.182927, 11.6514977], [76.1828541, 11.6513788], [76.1828482, 11.651199]]}}, {"type": "Feature", "properties": {"id": 1169861693, "name": "malanthottam -pathiripalam thod"}, "geometry": {"type": "LineString", "coordinates": [[76.1962443, 11.6607517], [76.1963394, 11.6608613], [76.196389, 11.6609266], [76.1963938, 11.6609379], [76.1964138, 11.660985], [76.1964716, 11.6610249], [76.1964951, 11.6610407], [76.196538, 11.6610597], [76.1965996, 11.6610666], [76.196652, 11.6610881], [76.1966795, 11.6611383], [76.1966864, 11.6611814], [76.1966894, 11.6611894], [76.1966815, 11.6614557], [76.1966922, 11.6616895], [76.1967191, 11.6619837], [76.1967588, 11.6623866], [76.1968241, 11.6627182], [76.1968594, 11.6629615]]}}, {"type": "Feature", "properties": {"id": 1169862231, "name": "malanthottam -pathiripalam thod"}, "geometry": {"type": "LineString", "coordinates": [[76.1964099, 11.6594614], [76.1964152, 11.6595099], [76.1963887, 11.6595688], [76.1963828, 11.6596146], [76.1963815, 11.6597518], [76.1963757, 11.6598711], [76.1963902, 11.65998], [76.1963984, 11.6600535], [76.1964528, 11.6600984], [76.1965367, 11.660181]]}}, {"type": "Feature", "properties": {"id": 1169862232, "name": "malanthottam -pathiripalam thod"}, "geometry": {"type": "LineString", "coordinates": [[76.1962957, 11.6607018], [76.1962443, 11.6607517]]}}, {"type": "Feature", "properties": {"id": 1169862612, "name": "Rattukund"}, "geometry": {"type": "LineString", "coordinates": [[76.1920634, 11.643287], [76.1920814, 11.6434046], [76.1920724, 11.6434788], [76.1920823, 11.6435857], [76.1920571, 11.6436361], [76.1920237, 11.6436882], [76.1919754, 11.643695], [76.1918739, 11.6436506], [76.1918069, 11.6436437], [76.1917406, 11.64366], [76.1917144, 11.6437143], [76.1917081, 11.6437556], [76.191643, 11.6437599], [76.1915836, 11.6437466], [76.1914982, 11.6437175], [76.1914408, 11.6436821], [76.1914127, 11.6436887], [76.1914038, 11.6437281], [76.1914114, 11.6437805], [76.1913758, 11.6438058], [76.1913393, 11.6438191], [76.1911671, 11.6437969], [76.1911383, 11.6437835], [76.1911042, 11.6437642], [76.1910784, 11.6437761], [76.1910541, 11.6438095], [76.1910435, 11.6438726], [76.1909752, 11.6438853], [76.1909388, 11.6439046], [76.1908854, 11.6439078], [76.1908484, 11.6439299], [76.1908349, 11.6439883], [76.1908268, 11.6440174], [76.1907709, 11.6440616], [76.1907032, 11.6440969], [76.1906121, 11.6441146], [76.190557, 11.6441049], [76.1904813, 11.6441049], [76.1903892, 11.6440961], [76.1903243, 11.6440908]]}}, {"type": "Feature", "properties": {"id": 1169863506, "name": "Mepparikunnu thodu"}, "geometry": {"type": "LineString", "coordinates": [[76.1901755, 11.6440614], [76.1901338, 11.6440687], [76.1899654, 11.6440969], [76.1897286, 11.6440704], [76.1896546, 11.6440778], [76.1895092, 11.6440654], [76.1893357, 11.6441003], [76.1891825, 11.6441203], [76.1889632, 11.6443198], [76.1889571, 11.6447418], [76.1887325, 11.6450985], [76.1885747, 11.6454373], [76.1884109, 11.6459544], [76.1883921, 11.646464]]}}, {"type": "Feature", "properties": {"id": 1169864234, "name": "malanthottam -pathiripalam thod"}, "geometry": {"type": "LineString", "coordinates": [[76.1966304, 11.6603502], [76.1965224, 11.6604524], [76.1963472, 11.6606414], [76.1962957, 11.6607018]]}}, {"type": "Feature", "properties": {"id": 1169864235, "name": "malanthottam -pathiripalam thod"}, "geometry": {"type": "LineString", "coordinates": [[76.1965785, 11.6603055], [76.1966304, 11.6603502]]}}, {"type": "Feature", "properties": {"id": 1169864236, "name": "malanthottam -pathiripalam thod"}, "geometry": {"type": "LineString", "coordinates": [[76.1964566, 11.6582223], [76.1963556, 11.6584683], [76.1963487, 11.6585777], [76.1962931, 11.6588338], [76.1963091, 11.6589571], [76.1962648, 11.6590351], [76.1962489, 11.6592673], [76.1963657, 11.6593609], [76.196371, 11.6594458]]}}, {"type": "Feature", "properties": {"id": 1169864237, "name": "malanthottam -pathiripalam thod"}, "geometry": {"type": "LineString", "coordinates": [[76.196371, 11.6594458], [76.1964099, 11.6594614]]}}, {"type": "Feature", "properties": {"id": 1169864302, "name": "Rattukund"}, "geometry": {"type": "LineString", "coordinates": [[76.1949367, 11.6443257], [76.1949013, 11.6443477], [76.1947317, 11.644374], [76.1946899, 11.644374], [76.1946995, 11.6443246], [76.1947264, 11.6442521], [76.1946695, 11.6442437], [76.1945054, 11.6442899], [76.1944571, 11.6442048], [76.1944667, 11.644146], [76.1943487, 11.6440409], [76.1942758, 11.644001], [76.1941809, 11.6440469], [76.1940252, 11.6440244], [76.1938823, 11.6439219], [76.1937318, 11.6438919], [76.1936527, 11.6438444], [76.1935225, 11.6438494], [76.1934587, 11.6438619], [76.1933669, 11.643777], [76.1932648, 11.6436895], [76.1932138, 11.643637], [76.193104, 11.643552]]}}, {"type": "Feature", "properties": {"id": 1169865015, "name": "unnamed"}, "geometry": {"type": "LineString", "coordinates": [[76.193104, 11.643552], [76.1927672, 11.6433531], [76.1925097, 11.6432354], [76.1921749, 11.6431597], [76.1920634, 11.643287]]}}, {"type": "Feature", "properties": {"id": 1169865016, "name": "unnamed"}, "geometry": {"type": "LineString", "coordinates": [[76.1977274, 11.6470157], [76.1975233, 11.6470057], [76.1974277, 11.6470864]]}}, {"type": "Feature", "properties": {"id": 1169865017, "name": "Rattukund"}, "geometry": {"type": "LineString", "coordinates": [[76.1979711, 11.647027], [76.1978665, 11.6470045], [76.1977879, 11.647016], [76.1977274, 11.6470157]]}}, {"type": "Feature", "properties": {"id": 1169865803, "name": "Rattukund thod"}, "geometry": {"type": "LineString", "coordinates": [[76.1974277, 11.6470864], [76.1972727, 11.6470035], [76.1970373, 11.6469117], [76.1968656, 11.6469066], [76.1966162, 11.6468901], [76.1965481, 11.6468832], [76.1963547, 11.6469409], [76.1961063, 11.6470368], [76.1960183, 11.6470741], [76.195961, 11.6471164], [76.195831, 11.6471079], [76.1956694, 11.6470331], [76.1956694, 11.646849], [76.19569, 11.6465957], [76.1956489, 11.6464202], [76.1955547, 11.6461582], [76.1954605, 11.6458556], [76.1956187, 11.6455605], [76.1957694, 11.6452948], [76.1956338, 11.6449406], [76.1955246, 11.6446233], [76.1953927, 11.6445605], [76.1952115, 11.6443774]]}}, {"type": "Feature", "properties": {"id": 1169866054, "name": "aarattupara pattipettambalam thodu"}, "geometry": {"type": "LineString", "coordinates": [[76.2005508, 11.6423025], [76.2002772, 11.6423599], [76.200083, 11.642455], [76.1998949, 11.6425858], [76.199731, 11.6426868], [76.1995975, 11.6427106], [76.1994579, 11.6424907]]}}, {"type": "Feature", "properties": {"id": 1169866288, "name": "aarattupara pattipettambalam thodu"}, "geometry": {"type": "LineString", "coordinates": [[76.1994579, 11.6424907], [76.1994206, 11.6425347], [76.1993706, 11.6425748], [76.1993524, 11.6425659], [76.1993342, 11.6425555], [76.1993068, 11.6425986], [76.1992583, 11.642609], [76.1992401, 11.6425927], [76.1991946, 11.6426016], [76.1991809, 11.642615], [76.199149, 11.642612], [76.1991293, 11.6426164], [76.1991005, 11.6426075], [76.199099, 11.6426358], [76.1990762, 11.6426536], [76.1990095, 11.6426581]]}}, {"type": "Feature", "properties": {"id": 1169868328, "name": "mailambady thod"}, "geometry": {"type": "LineString", "coordinates": [[76.1927811, 11.6848071], [76.1927331, 11.6845047], [76.192603, 11.6840668], [76.1923916, 11.6836447], [76.1923835, 11.6832944], [76.1922859, 11.6829759], [76.1920451, 11.6826655], [76.1919834, 11.6825599], [76.1920204, 11.6823426], [76.1920543, 11.6821405], [76.1920235, 11.6819263], [76.1917118, 11.6817434], [76.1915406, 11.6816299], [76.1914451, 11.6816631], [76.1913064, 11.6816722], [76.1911955, 11.6814429], [76.1911616, 11.6812136], [76.1911339, 11.680936], [76.1911616, 11.6808515], [76.1910672, 11.6807631], [76.1910566, 11.6806052], [76.191172, 11.6804931], [76.1912143, 11.6802308]]}}, {"type": "Feature", "properties": {"id": 1169895971, "name": "pathiripalam-poolakadav thod"}, "geometry": {"type": "LineString", "coordinates": [[76.1911705, 11.6744644], [76.1912376, 11.6746476], [76.1913245, 11.6749985], [76.1915767, 11.6750763], [76.1916094, 11.6752592], [76.1915067, 11.6756114], [76.1914526, 11.6757689]]}}, {"type": "Feature", "properties": {"id": 1169895972, "name": "pathiripalam-poolakadav thod"}, "geometry": {"type": "LineString", "coordinates": [[76.1914526, 11.6757689], [76.1914146, 11.6758794]]}}, {"type": "Feature", "properties": {"id": 1169897250, "name": "brahmagiri -Padavayal thod"}, "geometry": {"type": "LineString", "coordinates": [[76.2021586, 11.663722], [76.2019232, 11.6638159], [76.201657, 11.6639531], [76.2015144, 11.6640903], [76.2014046, 11.6644446], [76.2013111, 11.6648269], [76.20112, 11.6649861], [76.2008029, 11.6652808], [76.2005387, 11.6654679], [76.20025, 11.6655834], [76.1999207, 11.6656869], [76.1995003, 11.6659161], [76.199094, 11.6662545], [76.1989227, 11.6664826]]}}, {"type": "Feature", "properties": {"id": 1170017414, "name": "Aalilakunnu thodu"}, "geometry": {"type": "LineString", "coordinates": [[76.1722421, 11.7003227], [76.1721445, 11.7002696], [76.1720523, 11.7002165], [76.1719548, 11.7001927], [76.1718355, 11.7001794], [76.1717271, 11.7001635], [76.1716322, 11.7001369], [76.1715103, 11.7001502], [76.1714127, 11.7001688], [76.1713449, 11.7001794], [76.1712934, 11.7001582], [76.1711959, 11.7001077], [76.1710929, 11.7000945], [76.1709953, 11.7000945], [76.1709303, 11.7000732], [76.1708544, 11.7000387], [76.1707514, 11.6999989], [76.1706836, 11.6999724]]}}, {"type": "Feature", "properties": {"id": 1170019451, "name": "aalilakunnu thodu"}, "geometry": {"type": "LineString", "coordinates": [[76.1746657, 11.6998749], [76.1745069, 11.6999725], [76.1743793, 11.7000395], [76.1743139, 11.70007], [76.1742298, 11.7000639], [76.1741489, 11.7000456], [76.1740586, 11.6999816], [76.1739994, 11.6999633], [76.1738967, 11.6999847], [76.1737877, 11.6999938], [76.1736694, 11.7000098], [76.1735791, 11.7000098], [76.1734328, 11.6999847], [76.1733295, 11.7000098], [76.1732398, 11.7000517], [76.173109, 11.7000731], [76.173025, 11.7001493], [76.1729191, 11.7001889], [76.1727697, 11.7002286], [76.1726732, 11.7002407], [76.172586, 11.7002225], [76.1724832, 11.7001981], [76.1723992, 11.7001798], [76.1723369, 11.7001737], [76.1722902, 11.7001981], [76.172256, 11.7002651], [76.1722421, 11.7003227]]}}, {"type": "Feature", "properties": {"id": 1170040730, "name": "unnamed"}, "geometry": {"type": "LineString", "coordinates": [[76.1763767, 11.6999277], [76.1763256, 11.6999059], [76.1762711, 11.69988], [76.1762228, 11.6998312], [76.1761777, 11.6998069], [76.1761528, 11.6998053], [76.1761232, 11.6998251], [76.1761096, 11.6998478], [76.1760827, 11.6998541], [76.1760376, 11.6998419], [76.1759621, 11.6998105], [76.1758951, 11.6997629], [76.1758197, 11.6996986], [76.1757231, 11.699659], [76.1756925, 11.6996568], [76.1756173, 11.6996514], [76.175513, 11.69963], [76.1754247, 11.6995955], [76.1753854, 11.6995904], [76.1753355, 11.6996178], [76.175306, 11.6996331], [76.1752203, 11.6996392], [76.1751425, 11.6996331], [76.1750714, 11.6996353], [76.1750242, 11.6996224], [76.1749759, 11.6996163], [76.1749324, 11.6996239], [76.1748966, 11.699659], [76.1748903, 11.6997154], [76.1748592, 11.6997687], [76.1748234, 11.6997992], [76.1747907, 11.6998297], [76.1747378, 11.6998328]]}}, {"type": "Feature", "properties": {"id": 1170040731, "name": "unnamed"}, "geometry": {"type": "LineString", "coordinates": [[76.1746657, 11.6998749], [76.1747051, 11.699848]]}}, {"type": "Feature", "properties": {"id": 1170040732, "name": "unnamed"}, "geometry": {"type": "LineString", "coordinates": [[76.1747051, 11.699848], [76.1747378, 11.6998328]]}}, {"type": "Feature", "properties": {"id": 1170155580, "name": "AALILAKUNNU THODU"}, "geometry": {"type": "LineString", "coordinates": [[76.17732, 11.7006193], [76.1773223, 11.7005824], [76.177294, 11.7005385], [76.177278, 11.7005008], [76.1772445, 11.700453], [76.1772303, 11.7003998], [76.1771544, 11.7003719], [76.1771123, 11.7003652], [76.177018, 11.7003213], [76.1769802, 11.7003028], [76.1769086, 11.7002991], [76.176874, 11.7002543], [76.176808, 11.7002497], [76.1767655, 11.7001988], [76.1766973, 11.7001795], [76.1766664, 11.7001318], [76.1766357, 11.7000764], [76.1765484, 11.7000186], [76.1764517, 11.6999678], [76.1763767, 11.6999277]]}}, {"type": "Feature", "properties": {"id": 1170456283, "name": "unnamed"}, "geometry": {"type": "LineString", "coordinates": [[76.1989277, 11.6597176], [76.1989345, 11.6597295], [76.1989595, 11.6597644], [76.1989542, 11.6598469], [76.1989709, 11.6598654], [76.1989588, 11.6598892], [76.1989717, 11.6599137], [76.1989838, 11.6599308]]}}, {"type": "Feature", "properties": {"id": 1170456459, "name": "Mundanadappu thod"}, "geometry": {"type": "LineString", "coordinates": [[76.1988618, 11.6593527], [76.1988823, 11.6594003], [76.1988732, 11.6594723], [76.1988193, 11.6594961], [76.1987745, 11.6595058], [76.1987571, 11.6595362], [76.1988155, 11.6595652], [76.198899, 11.6596826], [76.1989277, 11.6597176]]}}, {"type": "Feature", "properties": {"id": 1170456645, "name": "Mundanadath"}, "geometry": {"type": "LineString", "coordinates": [[76.1989838, 11.6599308], [76.1990457, 11.6600927], [76.1990801, 11.6602377], [76.1990951, 11.660308]]}}, {"type": "Feature", "properties": {"id": 1170457280, "name": "Mundanadappu thod"}, "geometry": {"type": "LineString", "coordinates": [[76.1994314, 11.6524806], [76.1994657, 11.6529682], [76.1996202, 11.6532708], [76.1996202, 11.6542123], [76.1995516, 11.6544476], [76.1994314, 11.6547671], [76.1994657, 11.6553891], [76.1994142, 11.65665], [76.1988649, 11.6585834], [76.1988771, 11.659154]]}}, {"type": "Feature", "properties": {"id": 1170457281, "name": "unnamed"}, "geometry": {"type": "LineString", "coordinates": [[76.1994719, 11.651741], [76.1994314, 11.6524806]]}}, {"type": "Feature", "properties": {"id": 1170458552, "name": "unnamed"}, "geometry": {"type": "LineString", "coordinates": [[76.1956797, 11.6603006], [76.1957495, 11.6603006], [76.1958527, 11.6603125], [76.1958557, 11.660363], [76.1959285, 11.6603986], [76.1959983, 11.6604908], [76.1960681, 11.6605235], [76.1961288, 11.6606156], [76.196144, 11.6606721], [76.1961653, 11.660689]]}}, {"type": "Feature", "properties": {"id": 1170478614, "name": "KOLKUZHI CHECK DAM thodu"}, "geometry": {"type": "LineString", "coordinates": [[76.162795, 11.6948268], [76.1624992, 11.6946095], [76.1622404, 11.6943078], [76.16192, 11.6940906], [76.1616489, 11.693994], [76.1610819, 11.6934027], [76.1606383, 11.6929682], [76.1603055, 11.6926424], [76.1599851, 11.6922924], [76.1596277, 11.6920148], [76.159221, 11.6918941], [76.158802, 11.6918217], [76.1585555, 11.6916648], [76.1583336, 11.6914476], [76.1581241, 11.6914355], [76.1580255, 11.6913993], [76.1578407, 11.6912907], [76.1577051, 11.6911821], [76.1576579, 11.6909081], [76.1576414, 11.6906782], [76.1574956, 11.6905787], [76.1572245, 11.6904942], [76.1569805, 11.6904835], [76.1567362, 11.6905947]]}}, {"type": "Feature", "properties": {"id": 1170478615, "name": "KOLKUZHI CHECK DAM BOX 25 WARD 19"}, "geometry": {"type": "LineString", "coordinates": [[76.1567362, 11.6905947], [76.1566319, 11.6906422]]}}, {"type": "Feature", "properties": {"id": 1170479547, "name": "poovalli thodu box 24 ward-1"}, "geometry": {"type": "LineString", "coordinates": [[76.1661405, 11.6964983], [76.166043, 11.6964107], [76.1658885, 11.6963709], [76.165799, 11.6962435], [76.1656485, 11.6962401], [76.1654657, 11.6962197], [76.1653275, 11.696148], [76.1650983, 11.6962366], [76.1649372, 11.6961878], [76.1646201, 11.6960047], [76.1644412, 11.6959012], [76.1643192, 11.695734], [76.1641485, 11.6955668], [76.1640743, 11.6954512], [76.1639615, 11.6954553], [76.1637988, 11.6953916], [76.1636631, 11.6952693], [76.1633923, 11.6951687], [76.1631484, 11.695097], [76.1629451, 11.6950015], [76.162795, 11.6948268]]}}, {"type": "Feature", "properties": {"id": 1170480473, "name": "theruvakunnu box 22 ward-1"}, "geometry": {"type": "LineString", "coordinates": [[76.1677012, 11.6975711], [76.1675298, 11.6975193], [76.1674605, 11.6974053], [76.1672891, 11.6973253], [76.1672041, 11.6972421], [76.1671829, 11.6971242], [76.1670626, 11.6970341], [76.1669352, 11.6969579], [76.166829, 11.6969024], [76.1668148, 11.6968193], [76.1668856, 11.6967361], [76.1668715, 11.6966598], [76.1667955, 11.6965769], [76.1667365, 11.6965322], [76.1666641, 11.6964876], [76.1665756, 11.6964587], [76.1665032, 11.6964219], [76.1664629, 11.6964167], [76.166419, 11.69646], [76.1663986, 11.6965033], [76.1663744, 11.6965638], [76.1663637, 11.6966215], [76.1663342, 11.6966793], [76.1662806, 11.6967161], [76.1662323, 11.6967108], [76.1662028, 11.6966714], [76.1661786, 11.69659], [76.1661405, 11.6964983]]}}, {"type": "Feature", "properties": {"id": 1170483463, "name": "unnamed"}, "geometry": {"type": "LineString", "coordinates": [[76.1927664, 11.6849953], [76.1927811, 11.6848071]]}}, {"type": "Feature", "properties": {"id": 1170484126, "name": "unnamed"}, "geometry": {"type": "LineString", "coordinates": [[76.1898542, 11.6694716], [76.1897842, 11.6701544], [76.1897064, 11.670508], [76.189671, 11.6708684], [76.1897205, 11.6710695], [76.1897559, 11.671319], [76.1894799, 11.6713884], [76.1890544, 11.6716302]]}}, {"type": "Feature", "properties": {"id": 1173209522, "name": "nediyancheri thod"}, "geometry": {"type": "LineString", "coordinates": [[76.1690805, 11.6786557], [76.1689918, 11.6786053], [76.1688481, 11.6785045], [76.1687664, 11.678461], [76.1687274, 11.6784489], [76.1686901, 11.6784263], [76.1686316, 11.6784263], [76.1685304, 11.6784298], [76.1684316, 11.6783966], [76.1683589, 11.6783402], [76.1682786, 11.6782868], [76.1682028, 11.6782394], [76.1681513, 11.6782201], [76.1680725, 11.6781889], [76.1679998, 11.6781548], [76.1679058, 11.6781518], [76.167768, 11.6781488], [76.1676574, 11.6781355], [76.1675907, 11.6780687], [76.1675271, 11.6780109], [76.1674725, 11.6780049], [76.1674286, 11.678045], [76.1673392, 11.678085], [76.1672574, 11.6780939], [76.1671634, 11.6780732], [76.1670407, 11.6780465], [76.1669392, 11.6780212], [76.1668453, 11.6780212], [76.1667544, 11.6780287], [76.1666665, 11.678042], [76.1665438, 11.6780672], [76.1664513, 11.6780865], [76.1663907, 11.6781266], [76.1662922, 11.67818], [76.1662104, 11.6782171], [76.1660953, 11.6782186], [76.1659862, 11.6782156], [76.1658847, 11.6781904], [76.1656104, 11.6781503], [76.1654938, 11.6781281], [76.1653559, 11.6780984], [76.1652574, 11.6781088], [76.1651756, 11.6781607], [76.1650665, 11.6782364], [76.1649453, 11.6783046], [76.1647923, 11.678364], [76.1646999, 11.6784219], [76.1645635, 11.6784901], [76.1644241, 11.678594], [76.1643181, 11.6786785], [76.1642196, 11.678726], [76.1640923, 11.6787883], [76.1639196, 11.6788937], [76.1637105, 11.6790035], [76.1636287, 11.6790406], [76.1635575, 11.6790762], [76.163459, 11.6791281], [76.1633915, 11.6791536]]}}, {"type": "Feature", "properties": {"id": 1173211136, "name": "purakaadi pallikunn thodu"}, "geometry": {"type": "LineString", "coordinates": [[76.1613742, 11.6788039], [76.1612302, 11.678801], [76.1610954, 11.6788143], [76.1609833, 11.6788351], [76.1608469, 11.6788039], [76.1607965, 11.6787923], [76.1607341, 11.6788086], [76.160597, 11.6788086], [76.1605159, 11.6787841], [76.1604619, 11.678721], [76.1604619, 11.6786498], [76.1604702, 11.6785664], [76.1605263, 11.6784931], [76.1605554, 11.6784646], [76.1605325, 11.6784178], [76.1604993, 11.6783527], [76.1604619, 11.6782997], [76.1604286, 11.6782835], [76.160279, 11.6783547], [76.1600815, 11.6784972], [76.1600031, 11.678539]]}}, {"type": "Feature", "properties": {"id": 1173211137, "name": "purakaadi pallikunn thodu"}, "geometry": {"type": "LineString", "coordinates": [[76.1614484, 11.6788262], [76.1613742, 11.6788039]]}}, {"type": "Feature", "properties": {"id": 1173578532, "name": "unnamed"}, "geometry": {"type": "LineString", "coordinates": [[76.1537387, 11.6601682], [76.1536818, 11.6601364], [76.1535761, 11.6600766], [76.1535111, 11.6600289], [76.1534216, 11.6600209], [76.1532793, 11.6599014], [76.1531614, 11.6598377], [76.1530517, 11.6597223], [76.1529435, 11.6596746]]}}, {"type": "Feature", "properties": {"id": 1173578533, "name": "vellaramkunnu thodu"}, "geometry": {"type": "LineString", "coordinates": [[76.1573725, 11.6589821], [76.1569786, 11.6586212], [76.156922, 11.6584178], [76.1565973, 11.6581732], [76.1562923, 11.6580363], [76.1559111, 11.6579118], [76.1554664, 11.6576256], [76.1551614, 11.6574514], [76.1549581, 11.6573642], [76.154615, 11.6573518], [76.1543608, 11.6572771], [76.1541743, 11.6571073]]}}, {"type": "Feature", "properties": {"id": 1173647694, "name": "manikaavu thodu"}, "geometry": {"type": "LineString", "coordinates": [[76.1535731, 11.6957374], [76.1535094, 11.6956369], [76.153474, 11.6955988], [76.153428, 11.695571], [76.1533855, 11.6955191], [76.1533426, 11.6954654], [76.1532889, 11.6954207], [76.1532169, 11.6953682], [76.1531741, 11.6953194], [76.1531371, 11.695248], [76.1530811, 11.6952193], [76.1529997, 11.6951586], [76.1529112, 11.6951344], [76.1528263, 11.6951066], [76.1527555, 11.695091], [76.1527237, 11.6950633], [76.1526688, 11.695046], [76.1526228, 11.6950789], [76.152598, 11.6951084], [76.1525697, 11.6951448], [76.1525007, 11.6951361], [76.1524547, 11.6951188], [76.1524317, 11.695098], [76.152391, 11.6950754], [76.1523591, 11.6950685], [76.1522393, 11.6950415], [76.1521534, 11.6950153], [76.1520867, 11.6949974], [76.1520347, 11.6949764], [76.1519804, 11.6949667], [76.151944, 11.6949547], [76.1518799, 11.6949168], [76.1518074, 11.6948931], [76.1517404, 11.6948682], [76.1516396, 11.6948278], [76.1515003, 11.6947973], [76.151444, 11.6947723], [76.151334, 11.6947474], [76.1513005, 11.6947355], [76.1512039, 11.6947263], [76.1511396, 11.6946922], [76.1510712, 11.6946686], [76.1509974, 11.6946449], [76.150925, 11.694599], [76.1509122, 11.6945863], [76.1509025, 11.6945806], [76.1508947, 11.694572], [76.1508925, 11.6945667], [76.1508858, 11.694563], [76.1508796, 11.6945577], [76.1508753, 11.6945509], [76.1508736, 11.694547], [76.1508698, 11.6945433], [76.1507746, 11.6944747], [76.150643, 11.6944378], [76.1505577, 11.6944179], [76.150452, 11.6944537], [76.1503707, 11.6945174], [76.1502731, 11.6945732], [76.1501592, 11.6945891], [76.1500332, 11.6945931], [76.1499356, 11.694609], [76.1498178, 11.6946767], [76.1496877, 11.6947364], [76.1495698, 11.6947603], [76.1494112, 11.6948001], [76.1492608, 11.6948518], [76.1491551, 11.6948717], [76.1490453, 11.6948956], [76.1489762, 11.6949673], [76.1489437, 11.6950509], [76.1488908, 11.6951544], [76.148763, 11.6953317]]}}, {"type": "Feature", "properties": {"id": 1173858231, "name": "anna foods factory thodu"}, "geometry": {"type": "LineString", "coordinates": [[76.1565973, 11.6581732], [76.1566234, 11.6581066], [76.1565715, 11.6580276], [76.1565312, 11.6579203], [76.156537, 11.6577961], [76.156537, 11.6577001], [76.1564505, 11.657655], [76.1563294, 11.6576324], [76.156243, 11.6575759], [76.1561853, 11.6575251], [76.1561219, 11.65748], [76.1560111, 11.6574066], [76.1558524, 11.6573375], [76.1556936, 11.657326], [76.1555878, 11.6573835], [76.1554937, 11.6574469], [76.1554055, 11.6574066], [76.155282, 11.6573375], [76.1551468, 11.6572684], [76.1550468, 11.6572453], [76.1549116, 11.6572281], [76.1547764, 11.6572338], [76.1546294, 11.6572281], [76.1545305, 11.6571972]]}}, {"type": "Feature", "properties": {"id": 1173860992, "name": "kappikkunnu thodu"}, "geometry": {"type": "LineString", "coordinates": [[76.1668409, 11.6910945], [76.1667337, 11.6908284], [76.1666342, 11.690656], [76.1664658, 11.6904573], [76.1663921, 11.6902898], [76.1662798, 11.6903069], [76.1661933, 11.6903426], [76.1658837, 11.6899637], [76.1658473, 11.6898924], [76.1658109, 11.6897988], [76.165597, 11.6894021], [76.1654513, 11.6890455], [76.1653148, 11.6888048], [76.1652086, 11.6886373], [76.1652622, 11.6885024], [76.1653082, 11.68833], [76.1652163, 11.6881726], [76.1646957, 11.6877078], [76.1644737, 11.6875653], [76.1642441, 11.6873779], [76.1638919, 11.6870856], [76.1635551, 11.6868607], [76.1630192, 11.6865533], [76.1625905, 11.6862984], [76.1624329, 11.6862274], [76.1621082, 11.686081], [76.1612202, 11.6857212], [76.1605006, 11.6853164], [76.1596586, 11.684994], [76.1590461, 11.6846716], [76.1588661, 11.6846208], [76.1586481, 11.6845592], [76.1581071, 11.6844404], [76.1575793, 11.684421]]}}, {"type": "Feature", "properties": {"id": 1173861697, "name": "aarattupara pattipettambalam thodu"}, "geometry": {"type": "LineString", "coordinates": [[76.1984861, 11.6429333], [76.1978848, 11.6429152], [76.1974873, 11.6429802], [76.1969829, 11.643165], [76.1963769, 11.6435006]]}}, {"type": "Feature", "properties": {"id": 1173861764, "name": "unnamed"}, "geometry": {"type": "LineString", "coordinates": [[76.1624329, 11.6862274], [76.162361, 11.6863118], [76.1621713, 11.6862727], [76.1615933, 11.6860855], [76.1612883, 11.6859963], [76.1610152, 11.6859607], [76.1607284, 11.6858225], [76.1605236, 11.6857556], [76.1603051, 11.6857467], [76.1600183, 11.6857378], [76.1599227, 11.6857378], [76.1596041, 11.6857155], [76.1593719, 11.6856264], [76.1592243, 11.6855784], [76.1589136, 11.6856102]]}}, {"type": "Feature", "properties": {"id": 1173861765, "name": "kappukuunu kai thodu"}, "geometry": {"type": "LineString", "coordinates": [[76.1587984, 11.6856219], [76.1587392, 11.6856175], [76.1586688, 11.6855], [76.1584794, 11.6854308], [76.1578458, 11.6853389], [76.1574784, 11.6853407]]}}, {"type": "Feature", "properties": {"id": 1173861766, "name": "unnamed"}, "geometry": {"type": "LineString", "coordinates": [[76.1589136, 11.6856102], [76.1587984, 11.6856219]]}}, {"type": "Feature", "properties": {"id": 1173862833, "name": "kappukuunu kai thodu"}, "geometry": {"type": "LineString", "coordinates": [[76.157368, 11.6853413], [76.1571148, 11.6853426], [76.1569837, 11.6852416]]}}, {"type": "Feature", "properties": {"id": 1173862834, "name": "kappukuunu kai thodu"}, "geometry": {"type": "LineString", "coordinates": [[76.1574784, 11.6853407], [76.157368, 11.6853413]]}}, {"type": "Feature", "properties": {"id": 1173862966, "name": "unnamed"}, "geometry": {"type": "LineString", "coordinates": [[76.1472422, 11.6865616], [76.1470282, 11.6866597], [76.1465409, 11.6869318], [76.1462288, 11.6869653], [76.1459245, 11.6869896], [76.1458618, 11.6866489], [76.1450527, 11.6867259], [76.1448952, 11.6867408], [76.1449725, 11.6871357], [76.1450388, 11.687682], [76.1447847, 11.6881094], [76.1446668, 11.6883573], [76.1446356, 11.6884231], [76.1442213, 11.6881743], [76.1437969, 11.6879781], [76.1432645, 11.6886822], [76.1427118, 11.6892144], [76.1422891, 11.6896738], [76.1410164, 11.6908246], [76.1409328, 11.6909292], [76.1410304, 11.6911286], [76.1409713, 11.6912541], [76.1406921, 11.6913698], [76.1405575, 11.6914438], [76.140564, 11.6916239], [76.1404261, 11.6917204], [76.1401239, 11.6918073], [76.1398053, 11.6918619], [76.13976, 11.6918757]]}}, {"type": "Feature", "properties": {"id": 1173863113, "name": "a"}, "geometry": {"type": "LineString", "coordinates": [[76.1990095, 11.6426581], [76.1987087, 11.642912], [76.1984861, 11.6429333]]}}, {"type": "Feature", "properties": {"id": 1173863971, "name": "vattathuvayal thodu"}, "geometry": {"type": "LineString", "coordinates": [[76.1660865, 11.6547008], [76.1660075, 11.6547699], [76.1659705, 11.6548544], [76.1658966, 11.6548846], [76.1658165, 11.6548605], [76.1657302, 11.6548605], [76.1656131, 11.6548001], [76.1656315, 11.6546995], [76.1655185, 11.6545784], [76.1653778, 11.6545124], [76.165299, 11.6544668], [76.1652465, 11.6543933], [76.1652652, 11.6543155], [76.1653112, 11.6542268], [76.165305, 11.6541423], [76.1652434, 11.6540155], [76.165188, 11.6538828], [76.1652304, 11.6536793], [76.165287, 11.6535961], [76.1653011, 11.6534852], [76.1652374, 11.6534158], [76.1650888, 11.6533604], [76.1649969, 11.6533419], [76.1649048, 11.6533742], [76.1647701, 11.6534231], [76.1646358, 11.6533673], [76.1642881, 11.6530062], [76.164114, 11.6529708], [76.1638041, 11.652978], [76.1636419, 11.6529491], [76.1636419, 11.6527324], [76.1636566, 11.6525084], [76.1635164, 11.6524795], [76.1633542, 11.6525084], [76.1631402, 11.6520388], [76.162705, 11.6511646], [76.1620853, 11.6505794], [76.1615664, 11.6502108]]}}, {"type": "Feature", "properties": {"id": 1173863972, "name": "vattathuvayal thodu"}, "geometry": {"type": "LineString", "coordinates": [[76.1614771, 11.6501474], [76.1614581, 11.6501339]]}}, {"type": "Feature", "properties": {"id": 1173863973, "name": "vattathuvayal thodu"}, "geometry": {"type": "LineString", "coordinates": [[76.1615664, 11.6502108], [76.1614771, 11.6501474]]}}, {"type": "Feature", "properties": {"id": 1173864662, "name": "kottimunda thodu"}, "geometry": {"type": "LineString", "coordinates": [[76.1389939, 11.6901404], [76.138521, 11.6903292], [76.1379931, 11.6905272], [76.1380549, 11.6908241], [76.1376169, 11.6910221], [76.1368924, 11.6913136], [76.1368419, 11.6914016], [76.1372518, 11.6923309], [76.1374313, 11.6926883]]}}, {"type": "Feature", "properties": {"id": 1173864663, "name": "kottimunda thodu"}, "geometry": {"type": "LineString", "coordinates": [[76.1390962, 11.6900996], [76.1390301, 11.6901295], [76.1389939, 11.6901404]]}}, {"type": "Feature", "properties": {"id": 1173864664, "name": "orappoyil thodu"}, "geometry": {"type": "LineString", "coordinates": [[76.1396545, 11.6919077], [76.1395294, 11.6919456], [76.1391156, 11.6920774], [76.1386361, 11.6921771], [76.1376573, 11.6925792], [76.1374313, 11.6926883], [76.136556, 11.6931108]]}}, {"type": "Feature", "properties": {"id": 1173864665, "name": "unnamed"}, "geometry": {"type": "LineString", "coordinates": [[76.13976, 11.6918757], [76.1396545, 11.6919077]]}}, {"type": "Feature", "properties": {"id": 1173868063, "name": "kolambatta thodu"}, "geometry": {"type": "LineString", "coordinates": [[76.1420643, 11.6560167], [76.1421528, 11.656053]]}}, {"type": "Feature", "properties": {"id": 1173868513, "name": "kolambatta thodu"}, "geometry": {"type": "LineString", "coordinates": [[76.1415022, 11.6538804], [76.1415197, 11.6542446], [76.1415373, 11.654517], [76.1415695, 11.6547779], [76.1416603, 11.654884], [76.141792, 11.6550991], [76.1418798, 11.6553773], [76.1419472, 11.6556353], [76.1420057, 11.6558533], [76.1420643, 11.6560167]]}}, {"type": "Feature", "properties": {"id": 1174955845, "name": "unnamed"}, "geometry": {"type": "LineString", "coordinates": [[76.1438517, 11.6956384], [76.143672, 11.6957618], [76.1434923, 11.6959746], [76.1435057, 11.6961138]]}}, {"type": "Feature", "properties": {"id": 1175004819, "name": "kappikkunnu thodu"}, "geometry": {"type": "LineString", "coordinates": [[76.1574676, 11.6844169], [76.1570369, 11.684401]]}}, {"type": "Feature", "properties": {"id": 1175004820, "name": "kappikkunnu thodu"}, "geometry": {"type": "LineString", "coordinates": [[76.1575793, 11.684421], [76.1574676, 11.6844169]]}}, {"type": "Feature", "properties": {"id": 1175010066, "name": "unnamed"}, "geometry": {"type": "LineString", "coordinates": [[76.1962404, 11.6607486], [76.1962443, 11.6607517]]}}, {"type": "Feature", "properties": {"id": 1175010067, "name": "unnamed"}, "geometry": {"type": "LineString", "coordinates": [[76.1961653, 11.660689], [76.1962404, 11.6607486]]}}, {"type": "Feature", "properties": {"id": 1175010068, "name": "malanthottam -pathiripalam thod"}, "geometry": {"type": "LineString", "coordinates": [[76.1965367, 11.660181], [76.1965785, 11.6603055]]}}, {"type": "Feature", "properties": {"id": 1175010444, "name": "unnamed"}, "geometry": {"type": "LineString", "coordinates": [[76.1988798, 11.659282], [76.1988823, 11.6594003]]}}, {"type": "Feature", "properties": {"id": 1175010445, "name": "unnamed"}, "geometry": {"type": "LineString", "coordinates": [[76.1988771, 11.659154], [76.1988798, 11.659282]]}}, {"type": "Feature", "properties": {"id": 1175010446, "name": "Mundanadappu thod"}, "geometry": {"type": "LineString", "coordinates": [[76.1988853, 11.6593297], [76.1988618, 11.6593527]]}}, {"type": "Feature", "properties": {"id": 1175010447, "name": "Mundanadappu thod"}, "geometry": {"type": "LineString", "coordinates": [[76.1989103, 11.6593475], [76.1988853, 11.6593297]]}}, {"type": "Feature", "properties": {"id": 1177495950, "name": "cheenapullu  thodu"}, "geometry": {"type": "LineString", "coordinates": [[76.2046226, 11.5766347], [76.2044421, 11.5765933], [76.2039534, 11.5765675], [76.2030075, 11.5766293], [76.2022613, 11.576758], [76.2015834, 11.5767683], [76.2006322, 11.5765984], [76.2002809, 11.576553], [76.1995551, 11.5764592]]}}, {"type": "Feature", "properties": {"id": 1177505003, "name": "unnamed"}, "geometry": {"type": "LineString", "coordinates": [[76.1980539, 11.5655061], [76.1983218, 11.5657928], [76.1987877, 11.5660895], [76.1993235, 11.5664318], [76.1998476, 11.5667285], [76.2001357, 11.566893], [76.2005916, 11.5671351], [76.2007158, 11.567207], [76.2008088, 11.5672189], [76.2008493, 11.5671356], [76.2009221, 11.5671039], [76.2010435, 11.5671515], [76.201173, 11.5671158], [76.2012741, 11.5671475], [76.2013389, 11.5672347], [76.2014301, 11.5672901]]}}, {"type": "Feature", "properties": {"id": 1178024231, "name": "Mandakamoola thodu"}, "geometry": {"type": "LineString", "coordinates": [[76.0780213, 11.6957262], [76.0779665, 11.6955431], [76.0779316, 11.6954826], [76.076618, 11.6955898], [76.0765406, 11.6958928], [76.0764193, 11.6961702], [76.075877, 11.6959168], [76.0752115, 11.6956633], [76.0743242, 11.6953737], [76.0740099, 11.695259], [76.0730117, 11.6951384], [76.0721404, 11.6949908], [76.072075, 11.6946158], [76.0718602, 11.694625], [76.0717707, 11.6946249]]}}, {"type": "Feature", "properties": {"id": 1178025818, "name": "Kaniyamkandi thodu"}, "geometry": {"type": "LineString", "coordinates": [[76.0758017, 11.6976157], [76.0755542, 11.6972591], [76.075428, 11.6970263], [76.0753133, 11.6967973], [76.0751955, 11.696618], [76.0751292, 11.6965457], [76.0752226, 11.6963993], [76.0747369, 11.6960929], [76.0744334, 11.6959329], [76.0737609, 11.6957225], [76.0738101, 11.6956431], [76.0737329, 11.6956132], [76.0738244, 11.6953664], [76.0737837, 11.6953027], [76.0737878, 11.6952489]]}}, {"type": "Feature", "properties": {"id": 1178037746, "name": "pottankolly thodu"}, "geometry": {"type": "LineString", "coordinates": [[76.1999055, 11.5916427], [76.1998549, 11.5916489], [76.1996598, 11.5916216], [76.1994554, 11.5914578], [76.1992788, 11.5912302], [76.1990558, 11.5907933], [76.1986656, 11.5904565], [76.1982289, 11.5902381], [76.1978825, 11.5900184], [76.1973602, 11.5898225], [76.1970942, 11.5897141]]}}, {"type": "Feature", "properties": {"id": 1178037747, "name": "pallavayal thodu"}, "geometry": {"type": "LineString", "coordinates": [[76.1969923, 11.5896726], [76.196799, 11.5895939], [76.1966156, 11.5895884], [76.1963656, 11.5896265], [76.1961544, 11.5896592], [76.1959933, 11.5895993], [76.195724, 11.5893281], [76.1954995, 11.5891743], [76.1953836, 11.5891449], [76.1952863, 11.5891156], [76.1952227, 11.5890753], [76.1950806, 11.5889397], [76.1949946, 11.5888555], [76.1949198, 11.5888042], [76.1948562, 11.5887675], [76.1944997, 11.5885682], [76.1941545, 11.58846], [76.1937263, 11.588257], [76.1932982, 11.5880406], [76.1928839, 11.5879053], [76.1924696, 11.5878241], [76.1921687, 11.5879451], [76.1917981, 11.5884425], [76.1914372, 11.5890403], [76.1911531, 11.5895718], [76.1911394, 11.5900558], [76.1908786, 11.5902844], [76.1904532, 11.5904054], [76.190165, 11.5906742], [76.1898356, 11.5909834], [76.1895612, 11.591333], [76.1894514, 11.5915078], [76.1892455, 11.5916422], [76.1890122, 11.5918573], [76.1887883, 11.5920579], [76.1884358, 11.5920589], [76.188079, 11.591938], [76.1878457, 11.5918304], [76.1874752, 11.5916287], [76.1871595, 11.5913868], [76.1870098, 11.5912113], [76.1869537, 11.5909834], [76.1868864, 11.5909459], [76.1867711, 11.5908566], [76.1866182, 11.590783], [76.1864492, 11.5907436], [76.1863234, 11.5907051], [76.1861488, 11.5906517], [76.1860362, 11.5906648], [76.1859289, 11.5906727], [76.1858296, 11.5906701], [76.1857572, 11.5906674]]}}, {"type": "Feature", "properties": {"id": 1178037748, "name": "pottankolly thodu"}, "geometry": {"type": "LineString", "coordinates": [[76.1970942, 11.5897141], [76.1969923, 11.5896726]]}}, {"type": "Feature", "properties": {"id": 1178041587, "name": "eyampara thodu"}, "geometry": {"type": "LineString", "coordinates": [[76.1809995, 11.5630878], [76.1809454, 11.5631408], [76.1808209, 11.5633209], [76.1806786, 11.563472], [76.1805013, 11.5636773], [76.1805161, 11.5641411], [76.1805309, 11.5645758], [76.1805901, 11.5649237], [76.1807972, 11.5653295], [76.1809747, 11.5657063], [76.1810043, 11.5660106], [76.1809007, 11.5663004], [76.1803231, 11.5662624], [76.1800789, 11.5660232], [76.1800012, 11.5656644], [76.1796905, 11.5653274], [76.1795304, 11.5652977], [76.1792798, 11.5652513], [76.1789691, 11.5654252], [76.1788692, 11.5656101], [76.1788008, 11.5658606], [76.1786953, 11.5660772], [76.1786526, 11.5663082], [76.1785524, 11.5666106], [76.1785388, 11.5668928], [76.1782885, 11.5670006], [76.1781612, 11.5669768], [76.1780566, 11.566919], [76.1780165, 11.5668067], [76.1778643, 11.5668084], [76.1777816, 11.5668604], [76.1777372, 11.5671105], [76.1778593, 11.5675346], [76.1779037, 11.567926], [76.1778038, 11.5682304], [76.1775485, 11.5685566], [76.1775144, 11.5687343], [76.1774945, 11.5690018], [76.1774894, 11.5692533], [76.177426, 11.5694148], [76.1772878, 11.569656], [76.1771682, 11.5697174], [76.1772251, 11.5698725], [76.1769688, 11.5699052], [76.1768652, 11.5701121], [76.1769835, 11.5702712], [76.1770823, 11.570371]]}}, {"type": "Feature", "properties": {"id": 1178041588, "name": "eyampara thodu"}, "geometry": {"type": "LineString", "coordinates": [[76.1759082, 11.5749778], [76.1759154, 11.5750767]]}}, {"type": "Feature", "properties": {"id": 1178042451, "name": "kumbalery -kottambam thazhathuvayal thodu"}, "geometry": {"type": "LineString", "coordinates": [[76.1825087, 11.6388863], [76.1816982, 11.6389695], [76.1812398, 11.6390153], [76.1812771, 11.6392303], [76.1813402, 11.6394041], [76.1807823, 11.6395171], [76.1808681, 11.6397693], [76.1810827, 11.6402947], [76.1805793, 11.6404373], [76.1800414, 11.640569], [76.1796316, 11.6406246], [76.1794837, 11.6406487], [76.1790389, 11.6407528], [76.1786333, 11.6409746], [76.1782266, 11.6413971], [76.1776227, 11.6416506], [76.1775118, 11.6414212], [76.1773023, 11.641047], [76.1771352, 11.6407196], [76.1767671, 11.6408375], [76.1764698, 11.6409415], [76.1761725, 11.6410455], [76.1758398, 11.6412119], [76.1755071, 11.6412812], [76.1752452, 11.6413921], [76.1749126, 11.6415238], [76.1747593, 11.6415621], [76.1745286, 11.6415464], [76.1744911, 11.6416357], [76.1743999, 11.6417723], [76.1741746, 11.641704], [76.1738849, 11.6416725], [76.173622, 11.641704], [76.1731884, 11.641739], [76.1728638, 11.6415026], [76.1724423, 11.6415724], [76.17218, 11.6417532], [76.1718514, 11.6419061], [76.1714896, 11.6419383], [76.1711067, 11.6419932], [76.1708514, 11.6419467], [76.1706304, 11.6417005], [76.1699516, 11.6414144], [76.1689096, 11.6410192], [76.1687559, 11.6411844], [76.1684328, 11.6416864], [76.1681254, 11.6422319]]}}, {"type": "Feature", "properties": {"id": 1178042906, "name": "eyampara thodu"}, "geometry": {"type": "LineString", "coordinates": [[76.1771574, 11.5704468], [76.1771843, 11.570474], [76.1768831, 11.5710827], [76.1766635, 11.5714638], [76.1764753, 11.5718941], [76.1760799, 11.5723183], [76.1758992, 11.5725397], [76.1759622, 11.5726249], [76.1760553, 11.5726407], [76.1761756, 11.5726459], [76.1762244, 11.572701], [76.1762114, 11.5727866], [76.1761606, 11.5728398], [76.1761589, 11.572903], [76.1761669, 11.5729361], [76.1761747, 11.5729687], [76.1762077, 11.5730541], [76.176256, 11.5731109], [76.1762793, 11.5731631], [76.176287, 11.57323], [76.1762797, 11.5732945], [76.1762481, 11.5733592], [76.1762115, 11.5734064], [76.1761999, 11.5734905], [76.1761907, 11.5735509], [76.1761946, 11.5737039], [76.176195, 11.5738326], [76.1761474, 11.5738978], [76.176132, 11.5740356], [76.176093, 11.5741108], [76.1760555, 11.574119], [76.1759707, 11.5740889], [76.1759452, 11.5740881], [76.1759192, 11.5741382], [76.1758594, 11.5742326], [76.1758607, 11.5742751], [76.1758817, 11.5743105], [76.1759364, 11.5743341], [76.1759793, 11.5744045], [76.1759923, 11.5744502], [76.1759496, 11.5745107], [76.1759313, 11.5745575], [76.1759335, 11.5746067], [76.1759563, 11.5746642], [76.175982, 11.5747153], [76.175937, 11.5747782], [76.175916, 11.574805], [76.1758755, 11.5748631], [76.1758938, 11.5749388], [76.1759082, 11.5749778]]}}, {"type": "Feature", "properties": {"id": 1178042907, "name": "eyampara thodu"}, "geometry": {"type": "LineString", "coordinates": [[76.1770823, 11.570371], [76.1771574, 11.5704468]]}}, {"type": "Feature", "properties": {"id": 1178043201, "name": "eyampara thodu"}, "geometry": {"type": "LineString", "coordinates": [[76.1806301, 11.5616208], [76.1804617, 11.5618046], [76.1803751, 11.5620497], [76.1804136, 11.5621346], [76.1805098, 11.5622147], [76.1806253, 11.5622524], [76.1807216, 11.5622949], [76.1807464, 11.5622957]]}}, {"type": "Feature", "properties": {"id": 1178043202, "name": "eyampara thodu"}, "geometry": {"type": "LineString", "coordinates": [[76.1810787, 11.5630102], [76.1809995, 11.5630878]]}}, {"type": "Feature", "properties": {"id": 1178044154, "name": "kumbalery -kottambam thazhathuvayal thodu"}, "geometry": {"type": "LineString", "coordinates": [[76.1872895, 11.6374681], [76.1869876, 11.6374379], [76.186698, 11.6374077], [76.1864083, 11.637456], [76.1861217, 11.6374423], [76.1858952, 11.6375948], [76.1857465, 11.6376849], [76.1855837, 11.637678], [76.1853501, 11.6376503]]}}, {"type": "Feature", "properties": {"id": 1178044676, "name": "athimattam thodu"}, "geometry": {"type": "LineString", "coordinates": [[76.1890405, 11.5729789], [76.1889918, 11.5729287], [76.1889508, 11.5728665], [76.1889269, 11.5727589], [76.1888009, 11.5728075], [76.1886751, 11.572754], [76.1882879, 11.5725891], [76.1876572, 11.5724216], [76.1871228, 11.5724216], [76.1868235, 11.5723692], [76.1862677, 11.572275], [76.1857226, 11.5721808], [76.1853165, 11.5722017], [76.1847607, 11.5721808], [76.1842476, 11.5720551], [76.183959, 11.5721179], [76.1834139, 11.5720551], [76.182965, 11.5720027], [76.1829223, 11.5723588], [76.1828368, 11.572809], [76.1826657, 11.5730603], [76.1822703, 11.5730499], [76.1819175, 11.5730499], [76.1818213, 11.5732698], [76.181832, 11.5737619], [76.1818748, 11.5743797], [76.1817786, 11.5749765], [76.1817893, 11.5753535], [76.1819069, 11.5756362], [76.1819119, 11.5757352], [76.1819175, 11.5758456], [76.1818291, 11.575897], [76.1817716, 11.5760174], [76.1817981, 11.5760493], [76.1818225, 11.5761211], [76.1818437, 11.5761897], [76.1818795, 11.5762678], [76.1819333, 11.5763587], [76.1819935, 11.5764257], [76.1820245, 11.5764784], [76.182031, 11.5766092], [76.1820424, 11.576673], [76.1820147, 11.5767719], [76.1820065, 11.577091], [76.1820293, 11.577276], [76.1823501, 11.5774196], [76.1823534, 11.5775169], [76.1823501, 11.5776142], [76.1823257, 11.5777737], [76.1823193, 11.5778765], [76.1823489, 11.5779833], [76.1824193, 11.578119], [76.1824352, 11.5782681], [76.1823875, 11.5783415], [76.1823988, 11.5784505], [76.182392, 11.5786552], [76.1823693, 11.5787687], [76.1823102, 11.5790223], [76.1823102, 11.5791514], [76.182283, 11.5793094], [76.1823579, 11.579454], [76.1823398, 11.5796164]]}}, {"type": "Feature", "properties": {"id": 1178045687, "name": "Mandakamoola thodu"}, "geometry": {"type": "LineString", "coordinates": [[76.0781088, 11.6958974], [76.0780559, 11.6958436], [76.0780508, 11.6958263]]}}, {"type": "Feature", "properties": {"id": 1178045688, "name": "Mandakamoola thodu"}, "geometry": {"type": "LineString", "coordinates": [[76.0780508, 11.6958263], [76.0780391, 11.6957665], [76.0780213, 11.6957262]]}}, {"type": "Feature", "properties": {"id": 1178045726, "name": "athimadam thodu"}, "geometry": {"type": "LineString", "coordinates": [[76.1891906, 11.5731416], [76.1891107, 11.5730512]]}}, {"type": "Feature", "properties": {"id": 1178045727, "name": "athimadam thodu"}, "geometry": {"type": "LineString", "coordinates": [[76.1891107, 11.5730512], [76.1890405, 11.5729789]]}}, {"type": "Feature", "properties": {"id": 1178045894, "name": "kadalmad thodu"}, "geometry": {"type": "LineString", "coordinates": [[76.1988599, 11.5763693], [76.1985918, 11.5763818], [76.1982726, 11.5764568], [76.197979, 11.5764193], [76.197647, 11.5764443], [76.1974427, 11.5765319], [76.1962451, 11.5771882], [76.1956443, 11.5777347], [76.1953009, 11.5783864], [76.1954511, 11.5787437], [76.1953546, 11.5793901]]}}, {"type": "Feature", "properties": {"id": 1178047080, "name": "kaattikolli thodu"}, "geometry": {"type": "LineString", "coordinates": [[76.1993743, 11.5764358], [76.1988599, 11.5763693]]}}, {"type": "Feature", "properties": {"id": 1178047081, "name": "kaattikolli thodu"}, "geometry": {"type": "LineString", "coordinates": [[76.1995551, 11.5764592], [76.1993743, 11.5764358]]}}, {"type": "Feature", "properties": {"id": 1178048219, "name": "kottambam kaithodu2"}, "geometry": {"type": "LineString", "coordinates": [[76.1740479, 11.6412979], [76.1740587, 11.6413767], [76.1740962, 11.6415816], [76.1741746, 11.641704]]}}, {"type": "Feature", "properties": {"id": 1178049034, "name": "karamkolli vellakettmoola thodu"}, "geometry": {"type": "LineString", "coordinates": [[76.1996069, 11.6317385], [76.19939, 11.6316192], [76.1990788, 11.6315981], [76.1989608, 11.6318188], [76.1988857, 11.6320605], [76.1986763, 11.6321347], [76.1985808, 11.632189], [76.1984945, 11.6322071], [76.1984114, 11.6322403], [76.1983214, 11.6322386], [76.1982481, 11.6322373], [76.1980309, 11.6322293], [76.1978431, 11.6321663], [76.1976983, 11.6321348], [76.1974417, 11.6317822], [76.1971869, 11.6317684], [76.1971558, 11.6317226], [76.1971044, 11.6317455], [76.197081, 11.6318278], [76.1969643, 11.6318232], [76.1968616, 11.6318278], [76.1967495, 11.6318232], [76.1965393, 11.6318324], [76.1963245, 11.6317272], [76.1961751, 11.6316403], [76.1959089, 11.631622], [76.1957221, 11.63159], [76.1955399, 11.6315442], [76.1955224, 11.63155], [76.1953205, 11.6316174], [76.1952224, 11.6316723], [76.1950916, 11.6317775], [76.1949842, 11.6318004], [76.1948021, 11.6318736], [76.1946386, 11.6318873], [76.1945826, 11.6320062], [76.1944705, 11.6320748], [76.1943257, 11.6321343], [76.1941716, 11.6321983], [76.1941109, 11.6322441], [76.1940979, 11.6322471], [76.1938914, 11.6322944], [76.1938131, 11.6323178], [76.1936765, 11.632292], [76.1936113, 11.632238], [76.1935682, 11.6322451], [76.1934958, 11.6322554], [76.1934596, 11.6322508], [76.1933907, 11.6322565], [76.1933452, 11.6322508], [76.1933008, 11.6322657], [76.1932553, 11.6322737], [76.1931992, 11.6322519]]}}, {"type": "Feature", "properties": {"id": 1178049243, "name": "nadhankavala kaithodu"}, "geometry": {"type": "LineString", "coordinates": [[76.1996098, 11.6305507], [76.1996098, 11.6307977], [76.1997022, 11.6309908], [76.1997499, 11.6310904], [76.1997125, 11.631191], [76.1994603, 11.6314197], [76.1994417, 11.6315661], [76.1995724, 11.6315753], [76.1996069, 11.6317385]]}}, {"type": "Feature", "properties": {"id": 1178050176, "name": "iruttarakolly thodu"}, "geometry": {"type": "LineString", "coordinates": [[76.1989038, 11.5552957], [76.199085, 11.5559106], [76.1989703, 11.556432], [76.1989376, 11.5569534], [76.1988639, 11.5572823], [76.1985625, 11.5583269], [76.1983748, 11.5587035], [76.1984796, 11.5594338], [76.1987009, 11.5601008], [76.1989078, 11.5606791], [76.1990503, 11.5610822], [76.1988756, 11.5614245], [76.1985029, 11.5620292], [76.1985145, 11.5624629], [76.1985145, 11.5628736], [76.1983398, 11.5633301], [76.1982001, 11.5640604], [76.1983049, 11.5648249], [76.1981564, 11.5653806], [76.1980539, 11.5655061]]}}, {"type": "Feature", "properties": {"id": 1178050235, "name": "nandhankavala thodu"}, "geometry": {"type": "LineString", "coordinates": [[76.2019291, 11.6318824], [76.2016964, 11.631752], [76.2017087, 11.6316736], [76.2016163, 11.6316193], [76.2014499, 11.6314804], [76.2012712, 11.6315891], [76.2009631, 11.6317038], [76.2008337, 11.6316011], [76.2007783, 11.6313899], [76.2006489, 11.6314925], [76.2003531, 11.631571], [76.2000967, 11.6315852], [76.200052, 11.6315812], [76.1999849, 11.6315972], [76.1999768, 11.631633], [76.1999504, 11.6316429], [76.1998792, 11.631641], [76.1998244, 11.6316788], [76.1997796, 11.6317266], [76.1997146, 11.6317325], [76.1996069, 11.6317385]]}}, {"type": "Feature", "properties": {"id": 1178052653, "name": "kalathuvayal thodu"}, "geometry": {"type": "LineString", "coordinates": [[76.1817805, 11.6342923], [76.1817805, 11.6342047], [76.1817317, 11.6339977], [76.1816829, 11.6337587], [76.1813984, 11.633711], [76.1812357, 11.6337269], [76.1809511, 11.6338304], [76.1807804, 11.6340454], [76.1804145, 11.6339817], [76.1801462, 11.6337906], [76.1798209, 11.6336234], [76.1794388, 11.6335676], [76.1791054, 11.6335119], [76.178829, 11.6334402], [76.1787151, 11.6333924], [76.1784739, 11.6332538]]}}, {"type": "Feature", "properties": {"id": 1178052654, "name": "kumbalery -kottambam thazhathuvayal thodu"}, "geometry": {"type": "LineString", "coordinates": [[76.1853501, 11.6376503], [76.1851944, 11.6376516], [76.1850387, 11.637653], [76.1848824, 11.637695], [76.1846891, 11.6377684], [76.1844777, 11.6379038], [76.184376, 11.6380273], [76.184311, 11.6381826], [76.1842866, 11.638298], [76.1841931, 11.6383777], [76.1839573, 11.6384294], [76.1833475, 11.6386126], [76.183071, 11.6386405], [76.1828068, 11.6387201], [76.1826441, 11.6388197], [76.1825087, 11.6388863]]}}, {"type": "Feature", "properties": {"id": 1178055064, "name": "pothuketty kaithodu 1"}, "geometry": {"type": "LineString", "coordinates": [[76.1976301, 11.6326503], [76.1976301, 11.6325347], [76.1976381, 11.6324375], [76.1976784, 11.6323534], [76.1977132, 11.6322877], [76.1977052, 11.6322115], [76.1976983, 11.6321348]]}}, {"type": "Feature", "properties": {"id": 1178055499, "name": "pothuketty kaithodu 2"}, "geometry": {"type": "LineString", "coordinates": [[76.1953945, 11.6311186], [76.1954962, 11.63126], [76.1955155, 11.6312978], [76.1955348, 11.6313357], [76.195545, 11.6313795], [76.1955348, 11.6314073], [76.1955246, 11.6314372], [76.1955165, 11.631481], [76.1955224, 11.63155]]}}, {"type": "Feature", "properties": {"id": 1178055606, "name": "pothuketty kaithodu 3"}, "geometry": {"type": "LineString", "coordinates": [[76.194233, 11.6324734], [76.1942222, 11.6324372], [76.1941775, 11.6323814], [76.1941806, 11.6323165], [76.1941436, 11.6322803], [76.1940979, 11.6322471]]}}, {"type": "Feature", "properties": {"id": 1178267198, "name": "cheengari kaduvakuzhi thod"}, "geometry": {"type": "LineString", "coordinates": [[76.1989693, 11.6159731], [76.1989679, 11.6160142], [76.1986036, 11.6162338], [76.1982394, 11.6164991], [76.1974735, 11.6169382], [76.1970532, 11.6172035], [76.1967169, 11.617295], [76.1966049, 11.6174505], [76.1965651, 11.6174367]]}}, {"type": "Feature", "properties": {"id": 1178267199, "name": "cheengari kaduvakuzhi thod"}, "geometry": {"type": "LineString", "coordinates": [[76.1963325, 11.6173564], [76.1962873, 11.6173407], [76.1962033, 11.6172926], [76.1960096, 11.6172296], [76.1959074, 11.6171615], [76.1956881, 11.6170021], [76.1956167, 11.6168591], [76.1956167, 11.6167312], [76.195697, 11.6166361], [76.1956669, 11.616518], [76.1955598, 11.6164196], [76.1955062, 11.6163081], [76.1954894, 11.6162196], [76.1954593, 11.6160457], [76.1953622, 11.6159014], [76.1952685, 11.615803], [76.1951111, 11.6156817], [76.1949872, 11.6155472], [76.1948834, 11.6153865], [76.1947763, 11.6152193], [76.1946758, 11.6151209], [76.1945821, 11.6150159], [76.1945754, 11.6148978], [76.1945988, 11.6148388], [76.1946356, 11.614747], [76.1946691, 11.6146355], [76.1946022, 11.6145076], [76.1944649, 11.6144092], [76.1944013, 11.6143108], [76.1943711, 11.6142321], [76.1943008, 11.6141533], [76.1942037, 11.6139762], [76.1941401, 11.6138024], [76.1940932, 11.6136581], [76.1940597, 11.6135335], [76.1936981, 11.6133859], [76.1934972, 11.6132744], [76.1933265, 11.6132219], [76.1931691, 11.6131169], [76.192774, 11.6129694], [76.1926568, 11.6129169], [76.1924994, 11.6128382], [76.1922918, 11.6126939], [76.1920943, 11.6123626], [76.1918499, 11.6122314], [76.1917293, 11.6121068], [76.1915987, 11.6116279], [76.1914782, 11.611441], [76.1913677, 11.6112606], [76.1912204, 11.6110704], [76.1909291, 11.6108572], [76.190611, 11.6105423], [76.190339, 11.6103841]]}}, {"type": "Feature", "properties": {"id": 1178267200, "name": "cheengari kaduvakuzhi thod"}, "geometry": {"type": "LineString", "coordinates": [[76.1964046, 11.6173813], [76.1963325, 11.6173564]]}}, {"type": "Feature", "properties": {"id": 1178268540, "name": "puthyapadi colony"}, "geometry": {"type": "LineString", "coordinates": [[76.2027366, 11.6047329], [76.2023212, 11.6046805], [76.2017768, 11.6047472], [76.2009466, 11.6048138], [76.2002526, 11.6050405], [76.1995449, 11.6050405], [76.1982433, 11.6050283], [76.1980752, 11.6050924], [76.1978697, 11.6049643], [76.1976549, 11.6048362], [76.1969727, 11.6047739], [76.1962106, 11.6051205], [76.195832, 11.6051516], [76.1958029, 11.6047707], [76.1957386, 11.6046341], [76.1955991, 11.6046236], [76.195245, 11.6046341], [76.1949232, 11.6047077], [76.1947408, 11.6047812], [76.1944726, 11.6049914], [76.1941942, 11.6052443]]}}, {"type": "Feature", "properties": {"id": 1178268824, "name": "puthuchottil athychal thod"}, "geometry": {"type": "LineString", "coordinates": [[76.1802966, 11.6245161], [76.1802938, 11.6245258], [76.1801382, 11.6244523], [76.1799075, 11.6244313], [76.1797412, 11.6245258], [76.1795696, 11.6248043], [76.1793657, 11.6248201], [76.1790439, 11.6250092], [76.1789688, 11.625272], [76.1790814, 11.6258079], [76.1788025, 11.6261442], [76.1784375, 11.626437], [76.1784516, 11.6266658], [76.178579, 11.6267837], [76.178588, 11.6269066], [76.1784445, 11.6270125], [76.1784383, 11.6272693], [76.1783017, 11.6274058]]}}, {"type": "Feature", "properties": {"id": 1178269466, "name": "pothuketti ponkara kaithodu"}, "geometry": {"type": "LineString", "coordinates": [[76.1839276, 11.62197], [76.1838545, 11.6219443], [76.1837966, 11.6219143], [76.183783, 11.621821], [76.1837762, 11.6217243], [76.1837694, 11.6216444], [76.1837388, 11.6215511], [76.1837354, 11.6214611], [76.1836776, 11.6214577], [76.183453, 11.6214844], [76.1831332, 11.6215511], [76.1826024, 11.6216277], [76.1822145, 11.6214677], [76.1819083, 11.6213478], [76.1817893, 11.6214078], [76.1817586, 11.6215611], [76.1816566, 11.6217177], [76.1815239, 11.6217677], [76.1814898, 11.621811], [76.1814456, 11.6220409], [76.1813527, 11.6221037], [76.1812361, 11.6221793]]}}, {"type": "Feature", "properties": {"id": 1178269467, "name": "puthuchottil athychal thod"}, "geometry": {"type": "LineString", "coordinates": [[76.1803689, 11.6242684], [76.1802966, 11.6245161]]}}, {"type": "Feature", "properties": {"id": 1178269714, "name": "Cheenikkamoola-karamkolly Thod"}, "geometry": {"type": "LineString", "coordinates": [[76.2000894, 11.6258978], [76.1999119, 11.625724], [76.1995196, 11.6256005], [76.1992207, 11.6255273], [76.198744, 11.6254613], [76.1984268, 11.625605], [76.1981373, 11.6256645], [76.1978945, 11.6257331], [76.1977404, 11.62582], [76.1973808, 11.6259344], [76.1970399, 11.6258978], [76.196769, 11.6258246], [76.1965355, 11.6257926], [76.196358, 11.6256142], [76.1960808, 11.6255016], [76.1960356, 11.6254519], [76.1959464, 11.625453], [76.1958543, 11.6253768], [76.1957615, 11.6252546], [76.1956946, 11.6251736], [76.1955924, 11.6250613], [76.195511, 11.6249642], [76.19555, 11.6248672], [76.1954544, 11.6248082], [76.1953589, 11.6247666], [76.1951642, 11.6247666], [76.1950332, 11.6247285], [76.1948764, 11.6247337]]}}, {"type": "Feature", "properties": {"id": 1178578747, "name": "arimula thodu"}, "geometry": {"type": "LineString", "coordinates": [[76.1302519, 11.694824], [76.1303347, 11.6949547], [76.1304659, 11.6950178], [76.1306091, 11.6950344]]}}, {"type": "Feature", "properties": {"id": 1178579397, "name": "arimula thodu"}, "geometry": {"type": "LineString", "coordinates": [[76.133476, 11.6915324], [76.133055, 11.6917112], [76.1324112, 11.6918255], [76.1317817, 11.6920506], [76.131091, 11.6923605], [76.1306432, 11.6925339], [76.1302278, 11.69287], [76.1307028, 11.6934734], [76.130747, 11.6936038], [76.1309584, 11.6939432], [76.1305534, 11.6943087], [76.1302199, 11.6946042], [76.1302519, 11.694824]]}}, {"type": "Feature", "properties": {"id": 1178579568, "name": "arimula kaithod"}, "geometry": {"type": "LineString", "coordinates": [[76.1330567, 11.6901841], [76.1332091, 11.6906125], [76.1335127, 11.6910143], [76.133476, 11.6915324]]}}, {"type": "Feature", "properties": {"id": 1178580027, "name": "arimula kaithodu"}, "geometry": {"type": "LineString", "coordinates": [[76.1363055, 11.6914275], [76.1360203, 11.6915575], [76.1354402, 11.691803], [76.1349043, 11.6919908], [76.1345651, 11.6921159], [76.1343193, 11.6922556], [76.1340489, 11.6922652], [76.1337244, 11.6919619], [76.1336359, 11.6917356], [76.133476, 11.6915324]]}}, {"type": "Feature", "properties": {"id": 1178580851, "name": "puthoor thodu"}, "geometry": {"type": "LineString", "coordinates": [[76.1304276, 11.679961], [76.1303108, 11.6801937], [76.1302056, 11.6805066], [76.1300307, 11.6808278], [76.1300222, 11.6809691], [76.1299798, 11.6811084], [76.1299119, 11.6812061], [76.1298779, 11.6813349]]}}, {"type": "Feature", "properties": {"id": 1178581952, "name": "ponginithodi kaithodu"}, "geometry": {"type": "LineString", "coordinates": [[76.1323832, 11.6796415], [76.132414, 11.679551], [76.1323216, 11.679376], [76.1322723, 11.6792372], [76.1321368, 11.6790682], [76.1317917, 11.6790864], [76.1315329, 11.6791286], [76.1311731, 11.6791064], [76.1309713, 11.6791887], [76.1307599, 11.6793676], [76.1306686, 11.6795017], [76.1306277, 11.6796311], [76.1305653, 11.6797417], [76.1305292, 11.6798193], [76.1305172, 11.6798923], [76.1304417, 11.6799502], [76.1304276, 11.679961]]}}, {"type": "Feature", "properties": {"id": 1179967854, "name": "onivayal thodu"}, "geometry": {"type": "LineString", "coordinates": [[76.1298779, 11.6813349], [76.1297789, 11.6815851], [76.129722, 11.6817961], [76.1296956, 11.6818817], [76.1295628, 11.6821551], [76.1295451, 11.6823643], [76.1294751, 11.6828857], [76.1293396, 11.6835259], [76.1292182, 11.683686], [76.1289202, 11.6839747], [76.1288432, 11.6840547], [76.1287498, 11.6839815], [76.128535, 11.6841393], [76.1283809, 11.6842536], [76.1283155, 11.6843245], [76.1281707, 11.684464], [76.1280493, 11.6846218], [76.1280049, 11.6846721], [76.1279722, 11.6848024], [76.1280174, 11.6849842], [76.1279123, 11.6851117], [76.1277331, 11.6852586], [76.1276365, 11.6853427], [76.127417, 11.6854652], [76.1274044, 11.6855422], [76.1271688, 11.6856464], [76.1270671, 11.6856225], [76.1269887, 11.6856372], [76.1268443, 11.6857706], [76.1266289, 11.6858382], [76.1264642, 11.6859437], [76.1263727, 11.6860274], [76.1264622, 11.6862423], [76.126576, 11.6865111], [76.1265658, 11.6865867], [76.1263219, 11.6866524], [76.1262121, 11.6867519], [76.1261085, 11.6869351], [76.1260475, 11.6870485], [76.1260373, 11.6871162], [76.1259438, 11.6871779]]}}, {"type": "Feature", "properties": {"id": 1179971488, "name": "onivayal kaithodu"}, "geometry": {"type": "LineString", "coordinates": [[76.1288125, 11.6847759], [76.1286958, 11.6850389], [76.1285534, 11.685231], [76.128495, 11.6853453], [76.1281307, 11.6857432], [76.1277198, 11.6861273], [76.1272738, 11.6865366], [76.1271967, 11.6864634], [76.1269656, 11.6866784], [76.1267951, 11.6868202], [76.1266667, 11.6866395], [76.1265658, 11.6865867]]}}, {"type": "Feature", "properties": {"id": 1179971964, "name": "kalluvayal thodu"}, "geometry": {"type": "LineString", "coordinates": [[76.1104361, 11.673169], [76.109786, 11.6728353], [76.1088205, 11.6723415], [76.1078066, 11.671937], [76.1077903, 11.6723075], [76.1077002, 11.6725117], [76.1073506, 11.6727933], [76.1070851, 11.6729093], [76.1066935, 11.6728173], [76.1065855, 11.6727587]]}}, {"type": "Feature", "properties": {"id": 1179972641, "name": "kalluvayal kaithodu"}, "geometry": {"type": "LineString", "coordinates": [[76.1098801, 11.6740059], [76.1100969, 11.6736909], [76.1101676, 11.6735851], [76.1101845, 11.6735599], [76.1102772, 11.6734343], [76.1103229, 11.6733639], [76.1104095, 11.6732188], [76.1104361, 11.673169]]}}, {"type": "Feature", "properties": {"id": 1179977731, "name": "onivayal thodu"}, "geometry": {"type": "LineString", "coordinates": [[76.1318149, 11.6798482], [76.1317157, 11.679885], [76.131654, 11.6798456], [76.131552, 11.6798771], [76.1314555, 11.6799008], [76.1313618, 11.6798963], [76.1312561, 11.6799261], [76.131185, 11.6799759], [76.1311403, 11.6799938], [76.1310508, 11.6799958], [76.1309817, 11.6800177], [76.1309065, 11.6800078], [76.130817, 11.6799879], [76.1307317, 11.6799918], [76.1306565, 11.6799779], [76.1305914, 11.679954], [76.1305105, 11.6799428], [76.1304417, 11.6799502], [76.1304276, 11.679961]]}}, {"type": "Feature", "properties": {"id": 1179978108, "name": "unnamed"}, "geometry": {"type": "LineString", "coordinates": [[76.1320533, 11.6797879], [76.1320291, 11.6797958], [76.1318762, 11.6797853], [76.1318149, 11.6798482]]}}, {"type": "Feature", "properties": {"id": 1180421988, "name": "unnamed"}, "geometry": {"type": "LineString", "coordinates": [[76.144605, 11.6883577], [76.1445757, 11.6884342]]}}, {"type": "Feature", "properties": {"id": 1180421989, "name": "unnamed"}, "geometry": {"type": "LineString", "coordinates": [[76.1446134, 11.6883357], [76.144605, 11.6883577]]}}, {"type": "Feature", "properties": {"id": 1180972366, "name": "kallencheri kaithod"}, "geometry": {"type": "LineString", "coordinates": [[76.1061485, 11.6856827], [76.1062489, 11.6860563], [76.1062623, 11.6863513], [76.106298, 11.6864572], [76.106296, 11.6865162], [76.106167, 11.6866726]]}}, {"type": "Feature", "properties": {"id": 1180972524, "name": "kallenchira thodu"}, "geometry": {"type": "LineString", "coordinates": [[76.106167, 11.6866726], [76.1060189, 11.6867781], [76.1058527, 11.6870832], [76.1054996, 11.6873629], [76.1053755, 11.6874871], [76.10522, 11.6875916], [76.1051339, 11.6877227], [76.1050247, 11.6878025]]}}, {"type": "Feature", "properties": {"id": 1180973415, "name": "kallenchira thodu"}, "geometry": {"type": "LineString", "coordinates": [[76.1050247, 11.6878025], [76.1048799, 11.6879376], [76.1047691, 11.6880017], [76.1044168, 11.6880941], [76.1037328, 11.6880442], [76.1033165, 11.6878778], [76.1028534, 11.687728], [76.1022501, 11.6876989], [76.1019102, 11.6878195], [76.1015449, 11.6878736], [76.1013664, 11.6878611], [76.1012517, 11.6877239], [76.1008779, 11.6875782], [76.100521, 11.6874201], [76.1002851, 11.6874306]]}}, {"type": "Feature", "properties": {"id": 1180975625, "name": "padikkara kaithodu"}, "geometry": {"type": "LineString", "coordinates": [[76.1023321, 11.6956878], [76.1017826, 11.6956044], [76.1010714, 11.6955085], [76.1009397, 11.6954517], [76.1008085, 11.6954283], [76.1006404, 11.6954073], [76.1005475, 11.6954377], [76.1004759, 11.6955077], [76.100399, 11.6955978]]}}, {"type": "Feature", "properties": {"id": 1180975816, "name": "varadhoor thodu"}, "geometry": {"type": "LineString", "coordinates": [[76.1028887, 11.6967743], [76.1027141, 11.6968769], [76.1025753, 11.6969922], [76.1024261, 11.6971098], [76.1022606, 11.6972976], [76.1021156, 11.697472], [76.1019949, 11.6976017], [76.1019297, 11.6977473], [76.1018108, 11.6980853], [76.1017168, 11.6983156], [76.1016901, 11.6984341], [76.1016765, 11.6985494]]}}, {"type": "Feature", "properties": {"id": 1180976013, "name": "padikkara thodu"}, "geometry": {"type": "LineString", "coordinates": [[76.103419, 11.6957941], [76.1031907, 11.6957466], [76.1030015, 11.695736]]}}, {"type": "Feature", "properties": {"id": 1180976015, "name": "vardhoor kaithodu"}, "geometry": {"type": "LineString", "coordinates": [[76.1024398, 11.6956778], [76.1023321, 11.6956878]]}}, {"type": "Feature", "properties": {"id": 1180976990, "name": "varadhoor thodu"}, "geometry": {"type": "LineString", "coordinates": [[76.1013972, 11.6995631], [76.1013734, 11.6995572], [76.1011194, 11.6994876], [76.1008789, 11.6994611], [76.1005977, 11.6994047], [76.10032, 11.6993416], [76.1000388, 11.6992952], [76.0998796, 11.6994312], [76.0997509, 11.6994677], [76.0995917, 11.6995473], [76.0994765, 11.6994611], [76.0994562, 11.699345], [76.0994291, 11.6990033], [76.099488, 11.6984907], [76.0991621, 11.6983129], [76.0984007, 11.698282]]}}, {"type": "Feature", "properties": {"id": 1180976991, "name": "varadhoor thodu"}, "geometry": {"type": "LineString", "coordinates": [[76.1016765, 11.6985494], [76.1016437, 11.6988019]]}}, {"type": "Feature", "properties": {"id": 1180976992, "name": "padikkara thodu"}, "geometry": {"type": "LineString", "coordinates": [[76.106056, 11.6980958], [76.1057486, 11.6977505], [76.1055761, 11.6976327], [76.1053075, 11.6975621], [76.1050148, 11.6974325], [76.1047702, 11.6973383], [76.1046339, 11.6972794], [76.1043291, 11.6970673], [76.1043331, 11.6969221], [76.104155, 11.6968371], [76.104137, 11.6967997], [76.1041069, 11.6967703], [76.104131, 11.6966682], [76.1041236, 11.6966236], [76.1037285, 11.6964903], [76.1036274, 11.6964285], [76.1035231, 11.6964027], [76.1035032, 11.6963372], [76.1034748, 11.6962439], [76.103526, 11.6958612]]}}, {"type": "Feature", "properties": {"id": 1180977387, "name": "varadhoor thodu"}, "geometry": {"type": "LineString", "coordinates": [[76.1016437, 11.6988019], [76.1016277, 11.6988689], [76.1015409, 11.6993368], [76.1015012, 11.6995255], [76.1014782, 11.6995832]]}}, {"type": "Feature", "properties": {"id": 1180977388, "name": "varadhoor kaithodu"}, "geometry": {"type": "LineString", "coordinates": [[76.1014782, 11.6995832], [76.1013972, 11.6995631]]}}, {"type": "Feature", "properties": {"id": 1180978001, "name": "kappukunn kaithod"}, "geometry": {"type": "LineString", "coordinates": [[76.1143994, 11.6929243], [76.1142309, 11.6932402], [76.1143369, 11.693475], [76.1142994, 11.6936952], [76.114273, 11.6937796], [76.1142561, 11.6938575], [76.1142574, 11.6938958], [76.1142209, 11.6939877], [76.1142821, 11.6941128], [76.1143095, 11.6941268], [76.1143431, 11.6941648], [76.1145677, 11.6944189], [76.1147523, 11.6946407], [76.1148111, 11.6947951]]}}, {"type": "Feature", "properties": {"id": 1180978480, "name": "kappukunn kaithodu"}, "geometry": {"type": "LineString", "coordinates": [[76.1156169, 11.6932113], [76.1154901, 11.6937233], [76.1153238, 11.6943439], [76.1150069, 11.6947938], [76.1148111, 11.6947951]]}}, {"type": "Feature", "properties": {"id": 1180980159, "name": "kappukunn thodu"}, "geometry": {"type": "LineString", "coordinates": [[76.1132484, 11.6965266], [76.1132602, 11.6965619], [76.1136903, 11.6968501], [76.1141142, 11.6971979], [76.1148863, 11.6977015], [76.1152975, 11.6983019], [76.1160803, 11.6987222], [76.1162947, 11.6991697], [76.1164744, 11.6995997], [76.1169386, 11.7007291], [76.1168594, 11.7007734], [76.1165085, 11.7010948], [76.1164866, 11.701416], [76.1169046, 11.7016268], [76.1174479, 11.7019815], [76.1180599, 11.7018412], [76.1181124, 11.70218], [76.1182128, 11.7024592]]}}, {"type": "Feature", "properties": {"id": 1180982490, "name": "kappukunn thodu"}, "geometry": {"type": "LineString", "coordinates": [[76.1148111, 11.6947951], [76.114674, 11.6949447], [76.114481, 11.6951036], [76.1141622, 11.6952925], [76.1137679, 11.6954732], [76.1136337, 11.6955335], [76.1134491, 11.6957909], [76.1132393, 11.6959306], [76.1131191, 11.6959415], [76.1130632, 11.6959881], [76.1131163, 11.6961305], [76.1132124, 11.6964184]]}}, {"type": "Feature", "properties": {"id": 1180982491, "name": "kappukunn thodu"}, "geometry": {"type": "LineString", "coordinates": [[76.1132124, 11.6964184], [76.1132484, 11.6965266]]}}, {"type": "Feature", "properties": {"id": 1182164764, "name": "kallencheri kaithod"}, "geometry": {"type": "LineString", "coordinates": [[76.1059617, 11.6857843], [76.1060138, 11.6860081], [76.1060439, 11.6861593], [76.10608, 11.6863203], [76.10611, 11.6864499], [76.106167, 11.6866726]]}}, {"type": "Feature", "properties": {"id": 1182166171, "name": "kappukunn kaithod"}, "geometry": {"type": "LineString", "coordinates": [[76.1146001, 11.6933224], [76.1145916, 11.6934973], [76.1145775, 11.6936167], [76.1145605, 11.693725], [76.1145236, 11.6939082], [76.1144073, 11.6940609], [76.1143431, 11.6941648]]}}, {"type": "Feature", "properties": {"id": 1182167373, "name": "vellachimoola kaithodu"}, "geometry": {"type": "LineString", "coordinates": [[76.0615992, 11.6928374], [76.0614643, 11.6932666], [76.0613227, 11.6935374], [76.0615722, 11.6937223], [76.0614441, 11.6941779], [76.0618217, 11.6943496], [76.0621791, 11.6945279], [76.0625163, 11.6946534], [76.0632648, 11.6946996], [76.0637976, 11.6948118], [76.0638313, 11.6950958], [76.0643689, 11.6954871], [76.0646359, 11.6955338], [76.0649434, 11.6955198], [76.0651556, 11.6955501], [76.0654107, 11.6955548], [76.0656849, 11.6955525], [76.0659455, 11.6955507]]}}, {"type": "Feature", "properties": {"id": 1182167374, "name": "vellachimoola kaithodu"}, "geometry": {"type": "LineString", "coordinates": [[76.0659455, 11.6955507], [76.0659772, 11.695556]]}}, {"type": "Feature", "properties": {"id": 1182203779, "name": "unnamed"}, "geometry": {"type": "LineString", "coordinates": [[76.1955206, 11.6443716], [76.1953473, 11.6443565], [76.1952115, 11.6443774], [76.1951638, 11.6443848], [76.1950285, 11.6444274], [76.1949367, 11.6443257]]}}, {"type": "Feature", "properties": {"id": 1182203780, "name": "aarattupara pattipettambalam thodu"}, "geometry": {"type": "LineString", "coordinates": [[76.1963769, 11.6435006], [76.1962701, 11.6434839], [76.1961888, 11.6435874], [76.1960613, 11.6436496], [76.1959814, 11.6436471], [76.1959123, 11.6437387], [76.1957741, 11.6438383], [76.1957213, 11.6440055], [76.1956806, 11.6441289], [76.1955627, 11.6442245], [76.1955206, 11.6443716]]}}, {"type": "Feature", "properties": {"id": 1188609839, "name": "pangalery thodu"}, "geometry": {"type": "LineString", "coordinates": [[76.1929671, 11.5830944], [76.1926831, 11.5834379], [76.1918869, 11.5840378], [76.1913153, 11.5847111], [76.1911044, 11.585151], [76.1910908, 11.5856443], [76.1909387, 11.5859371], [76.1907761, 11.5859068], [76.1904046, 11.585509], [76.1902104, 11.5852236], [76.1898058, 11.5854139], [76.1894983, 11.5855724], [76.1890991, 11.5856007], [76.1889735, 11.5857867], [76.1883736, 11.5866751], [76.1877393, 11.5875134]]}}, {"type": "Feature", "properties": {"id": 1192622324, "name": "pannimunda thodu"}, "geometry": {"type": "LineString", "coordinates": [[76.1699847, 11.6710715], [76.1699467, 11.6711264], [76.1699679, 11.671251], [76.1700174, 11.6713756], [76.1700245, 11.6714863], [76.1700315, 11.671597], [76.1699043, 11.6716801], [76.1697303, 11.6717599]]}}, {"type": "Feature", "properties": {"id": 1192622325, "name": "pannimunda thodu"}, "geometry": {"type": "LineString", "coordinates": [[76.1700471, 11.6709816], [76.1699847, 11.6710715]]}}, {"type": "Feature", "properties": {"id": 1198544447, "name": "eyampara thodu"}, "geometry": {"type": "LineString", "coordinates": [[76.1808594, 11.5622994], [76.1808659, 11.5622996], [76.1809525, 11.5623562], [76.1810199, 11.5624787], [76.1811234, 11.562705], [76.1811649, 11.5628619], [76.1811174, 11.5629723], [76.1810787, 11.5630102]]}}, {"type": "Feature", "properties": {"id": 1198544448, "name": "eyampara thodu"}, "geometry": {"type": "LineString", "coordinates": [[76.1807464, 11.5622957], [76.1808594, 11.5622994]]}}, {"type": "Feature", "properties": {"id": 1198544711, "name": "eyampara kaithodu"}, "geometry": {"type": "LineString", "coordinates": [[76.1790041, 11.5616194], [76.1790619, 11.561841], [76.1790763, 11.5620107], [76.1791677, 11.5621663], [76.179365, 11.5621898], [76.179519, 11.5621663], [76.1796681, 11.5620625], [76.1798173, 11.562072], [76.179928, 11.5621003], [76.1801012, 11.5620767], [76.1802696, 11.5620107], [76.1803751, 11.5620497]]}}, {"type": "Feature", "properties": {"id": 1198546444, "name": "pothuketti ponkara kaithodu"}, "geometry": {"type": "LineString", "coordinates": [[76.1850776, 11.6221699], [76.1848871, 11.6220966], [76.1847238, 11.6220433], [76.1845401, 11.62201], [76.1843836, 11.62201], [76.1842883, 11.62201], [76.1842348, 11.6220052]]}}, {"type": "Feature", "properties": {"id": 1198546445, "name": "unnamed"}, "geometry": {"type": "LineString", "coordinates": [[76.184141, 11.6219969], [76.1840637, 11.62199], [76.1839276, 11.62197]]}}, {"type": "Feature", "properties": {"id": 1198546446, "name": "unnamed"}, "geometry": {"type": "LineString", "coordinates": [[76.1842348, 11.6220052], [76.184141, 11.6219969]]}}, {"type": "Feature", "properties": {"id": 1198546699, "name": "pothuketti ponkara kaithodu"}, "geometry": {"type": "LineString", "coordinates": [[76.1907526, 11.6254291], [76.190654, 11.6253458], [76.1905553, 11.6252492], [76.1904328, 11.6251059], [76.190358, 11.6250259], [76.1902391, 11.6251259], [76.1897374, 11.6249119], [76.1892114, 11.6246028], [76.1885317, 11.624254], [76.1879167, 11.6239053], [76.1875363, 11.6236437], [76.1873502, 11.6233266], [76.1871803, 11.6232394], [76.1870729, 11.62323], [76.1865167, 11.62297], [76.1861687, 11.6227639], [76.1856994, 11.6224865], [76.1854323, 11.62232], [76.1850776, 11.6221699]]}}, {"type": "Feature", "properties": {"id": 1198547534, "name": "puthuchottil athychal thod"}, "geometry": {"type": "LineString", "coordinates": [[76.1811424, 11.6222401], [76.1810126, 11.6223242], [76.1809751, 11.6224398], [76.1811145, 11.622587], [76.1810663, 11.6228497], [76.1808785, 11.6230126], [76.1808892, 11.6231649], [76.1807444, 11.623249], [76.180562, 11.6234434], [76.1806639, 11.6235906], [76.1805405, 11.6238901], [76.180208, 11.6239636], [76.1803689, 11.6242684]]}}, {"type": "Feature", "properties": {"id": 1198547535, "name": "puthuchottil athychal thod"}, "geometry": {"type": "LineString", "coordinates": [[76.1812361, 11.6221793], [76.1811424, 11.6222401]]}}, {"type": "Feature", "properties": {"id": 1198548369, "name": "cheengavallam thodu"}, "geometry": {"type": "LineString", "coordinates": [[76.1998549, 11.5916489], [76.1999442, 11.5919493], [76.2000701, 11.5921848], [76.2000472, 11.5924202], [76.1998984, 11.592465], [76.1998503, 11.5925105], [76.1998124, 11.5925141], [76.1997914, 11.5925015], [76.1997882, 11.5924644], [76.1997775, 11.5924319], [76.1997583, 11.5923967], [76.1997137, 11.5923902], [76.1996611, 11.592415], [76.1995898, 11.5924195], [76.1995153, 11.592445], [76.1994762, 11.5925019], [76.1994265, 11.5925599], [76.1993806, 11.5925869], [76.1993306, 11.592588], [76.1992673, 11.5925742], [76.1992199, 11.5925388], [76.1991752, 11.5925185], [76.1990889, 11.5924823], [76.1990178, 11.5925175], [76.1989733, 11.5925818], [76.1989269, 11.5925891], [76.1988566, 11.5925936], [76.1988053, 11.5926205], [76.1987346, 11.5926766], [76.1986459, 11.5926689], [76.1983009, 11.5926223], [76.1980339, 11.5925192], [76.1978235, 11.5926144], [76.1977395, 11.5928517], [76.197733, 11.5929512], [76.1976638, 11.5930227], [76.1975611, 11.59304], [76.1974741, 11.5930513], [76.1974189, 11.5930662], [76.1973379, 11.5932327], [76.1970547, 11.5934784], [76.1971145, 11.5935375], [76.1970952, 11.5937321], [76.196909, 11.5938351], [76.1966023, 11.5938828], [76.1963617, 11.5940996], [76.1962174, 11.5942127], [76.1959816, 11.5942505], [76.1958517, 11.5943447], [76.1957074, 11.5944484], [76.195563, 11.5943919], [76.1953032, 11.5942363], [76.1951492, 11.5940336], [76.1949664, 11.5938875], [76.1947931, 11.5937744], [76.1946584, 11.5938875], [76.1944419, 11.5939299], [76.194235, 11.5940619], [76.1940618, 11.5941703], [76.1940088, 11.5943542], [76.1939078, 11.5943966], [76.1937586, 11.5944154], [76.1936913, 11.5944626], [76.1936143, 11.5945945], [76.1935181, 11.5946747], [76.1935036, 11.5947972], [76.1933324, 11.5948391], [76.1930654, 11.5948549], [76.1928307, 11.5950293], [76.1926931, 11.5952989], [76.1925556, 11.5956159], [76.1922562, 11.5957745], [76.1922238, 11.5960599], [76.1921995, 11.596369], [76.1919325, 11.5965989], [76.1920053, 11.596916], [76.1918677, 11.5972489], [76.1917432, 11.5973061], [76.1915577, 11.5973061], [76.1913721, 11.597371], [76.1913103, 11.5975095], [76.1911777, 11.5976177], [76.1910407, 11.5977821], [76.1908905, 11.59786], [76.1907006, 11.59786], [76.1904664, 11.5978514], [76.190135, 11.5978298], [76.189892, 11.5977995], [76.1895607, 11.5977302], [76.1891384, 11.5979978], [76.1886568, 11.5978395], [76.1885279, 11.5978221], [76.1884016, 11.5979024], [76.1881469, 11.5982928], [76.1881129, 11.598335]]}}, {"type": "Feature", "properties": {"id": 1198549492, "name": "cheengeri adivaram thodu"}, "geometry": {"type": "LineString", "coordinates": [[76.1939127, 11.6238801], [76.1935862, 11.6233564], [76.1934803, 11.6229322], [76.1935188, 11.6226589], [76.1934641, 11.6223384], [76.1932909, 11.6221169], [76.1929863, 11.6218838], [76.1928026, 11.6216372], [76.1924085, 11.6214316], [76.1921439, 11.621342], [76.1917782, 11.621243], [76.1914606, 11.621031], [76.1911094, 11.6208189], [76.1909843, 11.6205926], [76.190864, 11.6204041], [76.1907148, 11.6201685], [76.1906138, 11.6200506], [76.190479, 11.6200506], [76.1901855, 11.6200695], [76.1899479, 11.6201935]]}}, {"type": "Feature", "properties": {"id": 1198550314, "name": "cheengeri adivaram thodu"}, "geometry": {"type": "LineString", "coordinates": [[76.1899479, 11.6201935], [76.189958, 11.6202681], [76.189957, 11.6203346], [76.1898836, 11.6203915], [76.1897576, 11.6204644], [76.1895382, 11.6205186], [76.1890159, 11.6205457], [76.1885303, 11.6204744], [76.1881905, 11.6205695], [76.1877697, 11.6205061], [76.1874945, 11.6202842], [76.1872275, 11.6202366], [76.18692, 11.6202842], [76.1866296, 11.6201632]]}}, {"type": "Feature", "properties": {"id": 1198552419, "name": "marathatt-koottara thodu"}, "geometry": {"type": "LineString", "coordinates": [[76.1960401, 11.5961252], [76.195765, 11.5957764], [76.1952552, 11.5955306], [76.1948506, 11.5953087], [76.1943651, 11.5951184], [76.1940737, 11.5950154], [76.1935036, 11.5947972]]}}, {"type": "Feature", "properties": {"id": 1198552420, "name": "marathatt-koottara thodu"}, "geometry": {"type": "LineString", "coordinates": [[76.1970112, 11.598638], [76.1967361, 11.5984161], [76.1966112, 11.5982541]]}}, {"type": "Feature", "properties": {"id": 1198552421, "name": "marathatt-koottara thodu"}, "geometry": {"type": "LineString", "coordinates": [[76.1966112, 11.5982541], [76.1965457, 11.5981691]]}}, {"type": "Feature", "properties": {"id": 1198552750, "name": "marathatt thodu"}, "geometry": {"type": "LineString", "coordinates": [[76.1971568, 11.5978914], [76.1970921, 11.5977794], [76.1969141, 11.5971611], [76.1966794, 11.5967172], [76.1963234, 11.5963843], [76.1962158, 11.5962859]]}}, {"type": "Feature", "properties": {"id": 1198552751, "name": "marathatt thodu"}, "geometry": {"type": "LineString", "coordinates": [[76.196142, 11.5962184], [76.1960401, 11.5961252]]}}, {"type": "Feature", "properties": {"id": 1198552752, "name": "marathatt thodu"}, "geometry": {"type": "LineString", "coordinates": [[76.1962158, 11.5962859], [76.196142, 11.5962184]]}}, {"type": "Feature", "properties": {"id": 1198552753, "name": "marathatt thodu"}, "geometry": {"type": "LineString", "coordinates": [[76.1974077, 11.5983264], [76.1972064, 11.5979775]]}}, {"type": "Feature", "properties": {"id": 1198552754, "name": "marathatt thodu"}, "geometry": {"type": "LineString", "coordinates": [[76.1972064, 11.5979775], [76.1971568, 11.5978914]]}}, {"type": "Feature", "properties": {"id": 1198552755, "name": "marathatt-koottara thodu"}, "geometry": {"type": "LineString", "coordinates": [[76.1965457, 11.5981691], [76.1964367, 11.5980276], [76.1961372, 11.5972984], [76.1960062, 11.5968424], [76.1958599, 11.5964391], [76.1960401, 11.5961252]]}}, {"type": "Feature", "properties": {"id": 1204084402, "name": "athimadam thodu"}, "geometry": {"type": "LineString", "coordinates": [[76.1823398, 11.5796164], [76.1823481, 11.5801243], [76.1823658, 11.5804749], [76.1822686, 11.5807562], [76.1824383, 11.5813375], [76.1822907, 11.5819844], [76.1817982, 11.5825088]]}}, {"type": "Feature", "properties": {"id": 1204086293, "name": "Cheenikkamoola-karamkolly Thod"}, "geometry": {"type": "LineString", "coordinates": [[76.1947884, 11.6247366], [76.1947211, 11.624752], [76.1946843, 11.6247571], [76.1946471, 11.6248003], [76.1945659, 11.624837], [76.1945448, 11.6248951], [76.19453, 11.6249361], [76.194416, 11.624921], [76.1943267, 11.6248516], [76.1941882, 11.6247772], [76.1942, 11.6246869], [76.194074, 11.6247339], [76.1938953, 11.6246464], [76.1938861, 11.6242903], [76.1939127, 11.6238801]]}}, {"type": "Feature", "properties": {"id": 1204086294, "name": "CHEENGARI ADIVARAM THOD"}, "geometry": {"type": "LineString", "coordinates": [[76.1948764, 11.6247337], [76.1947884, 11.6247366]]}}, {"type": "Feature", "properties": {"id": 1204087028, "name": "Mandannamoola Thod"}, "geometry": {"type": "LineString", "coordinates": [[76.2004318, 11.5948136], [76.200355, 11.5948442], [76.2002578, 11.5948477], [76.2001929, 11.5948547], [76.2001665, 11.5948218], [76.2001077, 11.594763], [76.2000789, 11.5946984], [76.2000453, 11.5946149], [76.1999349, 11.5945137], [76.1998833, 11.5944456], [76.1998232, 11.5944056], [76.1997332, 11.5943903], [76.1996924, 11.5943162], [76.1996648, 11.5942539], [76.1996492, 11.594208], [76.1996288, 11.5941539], [76.1996177, 11.5940434], [76.199648, 11.5939267], [76.1996223, 11.5938581], [76.1995873, 11.5938169], [76.1995173, 11.5938238], [76.1994776, 11.5938055], [76.1994402, 11.5937895], [76.1994122, 11.5937529], [76.1993748, 11.5937002], [76.1993538, 11.5936614], [76.1993164, 11.5936362], [76.1992814, 11.5936156], [76.1992394, 11.5935744], [76.1992207, 11.5935424], [76.1992114, 11.5934829], [76.1991437, 11.5933869], [76.1991437, 11.5933411], [76.199139, 11.5932794], [76.199125, 11.5932359], [76.1990713, 11.5931696], [76.1990082, 11.5931307], [76.1989195, 11.5931284], [76.1988261, 11.593133], [76.1987724, 11.593149], [76.1987397, 11.5931398], [76.198707, 11.5930941], [76.1986907, 11.5930255], [76.1986953, 11.5929591], [76.1986459, 11.5926689]]}}, {"type": "Feature", "properties": {"id": 1204087031, "name": "pottankolly thodu"}, "geometry": {"type": "LineString", "coordinates": [[76.2000184, 11.5916289], [76.1999055, 11.5916427]]}}, {"type": "Feature", "properties": {"id": 1204087101, "name": "cheengavallam thodu"}, "geometry": {"type": "LineString", "coordinates": [[76.1880445, 11.5984197], [76.1879967, 11.5984789], [76.1876565, 11.5987516], [76.18725, 11.5988901], [76.1870742, 11.599078], [76.1868757, 11.5992619], [76.1866718, 11.5995246]]}}, {"type": "Feature", "properties": {"id": 1204087102, "name": "cheengavallam thodu"}, "geometry": {"type": "LineString", "coordinates": [[76.1881129, 11.598335], [76.1880445, 11.5984197]]}}, {"type": "Feature", "properties": {"id": 1204089650, "name": "Kuttikayitha Thod"}, "geometry": {"type": "LineString", "coordinates": [[76.2012478, 11.6142527], [76.2011072, 11.6143085], [76.20099, 11.6144102], [76.200903, 11.6144725], [76.2007992, 11.6145348], [76.2007155, 11.6145807], [76.2005748, 11.6146398], [76.2004275, 11.6147611], [76.2003237, 11.6148562], [76.2002701, 11.6149317], [76.2001329, 11.6149644], [76.1999621, 11.6150071], [76.199778, 11.6150924], [76.1996708, 11.6151875], [76.1995637, 11.6152727], [76.1995, 11.6153252], [76.1993762, 11.6154006], [76.1993494, 11.6154203], [76.1992556, 11.6154859], [76.1990815, 11.6155909], [76.1990279, 11.6156597], [76.1989772, 11.6157489]]}}, {"type": "Feature", "properties": {"id": 1204089652, "name": "cheengari kaduvakuzhi thod"}, "geometry": {"type": "LineString", "coordinates": [[76.1964606, 11.6174006], [76.1964046, 11.6173813]]}}, {"type": "Feature", "properties": {"id": 1204089653, "name": "cheengari kaduvakuzhi thod"}, "geometry": {"type": "LineString", "coordinates": [[76.1965651, 11.6174367], [76.1964606, 11.6174006]]}}, {"type": "Feature", "properties": {"id": 1204089654, "name": "cheengari kaduvakuzhi thod"}, "geometry": {"type": "LineString", "coordinates": [[76.1989734, 11.6158577], [76.1989693, 11.6159731]]}}, {"type": "Feature", "properties": {"id": 1204089655, "name": "cheengari kaduvakuzhi thod"}, "geometry": {"type": "LineString", "coordinates": [[76.1989772, 11.6157489], [76.1989734, 11.6158577]]}}, {"type": "Feature", "properties": {"id": 1209268053, "name": "rabarkkunnu ayyath thodu"}, "geometry": {"type": "LineString", "coordinates": [[76.0759554, 11.6791248], [76.0759937, 11.679121], [76.0760319, 11.679166], [76.0760626, 11.6792972], [76.0761506, 11.6795821], [76.076186, 11.6798195], [76.076271, 11.6800394], [76.0763742, 11.6803128], [76.0763802, 11.680503], [76.0764895, 11.6807942], [76.0765866, 11.6809844], [76.076633, 11.6810241], [76.07668, 11.6811266], [76.0767702, 11.681328], [76.0768893, 11.6815224], [76.0770192, 11.6817981], [76.0774558, 11.6820843], [76.077824, 11.6823495], [76.0783132, 11.6826101], [76.0785064, 11.6826227], [76.0786437, 11.6826773], [76.0788454, 11.6827824], [76.0788545, 11.6827832]]}}, {"type": "Feature", "properties": {"id": 1209268330, "name": "rabarkkunnu ayyath thodu"}, "geometry": {"type": "LineString", "coordinates": [[76.0789697, 11.6827934], [76.0790342, 11.6827992], [76.0792831, 11.6827782], [76.0795278, 11.682816], [76.0796608, 11.6827782], [76.0797677, 11.6828028], [76.0799433, 11.682823], [76.080081, 11.6828702], [76.0801946, 11.6828635], [76.0802944, 11.6828769], [76.0803839, 11.6828871], [76.0804975, 11.6828904], [76.0806145, 11.6828938], [76.0807281, 11.6829107], [76.0807557, 11.6829545], [76.0807626, 11.6830118], [76.0807488, 11.6830826], [76.0807178, 11.683177], [76.0806974, 11.6832562], [76.0806797, 11.6833377], [76.080655, 11.6834053], [76.0806868, 11.6834729], [76.0807611, 11.6835058], [76.0809381, 11.6835959], [76.0810407, 11.6836357], [76.081177, 11.6836929], [76.0812354, 11.6837241], [76.0813009, 11.6837484], [76.08143, 11.68379], [76.0815734, 11.6838142], [76.0816973, 11.6838732], [76.0818601, 11.6839425], [76.0819609, 11.6839997], [76.0820919, 11.6840655], [76.082191, 11.6841192], [76.0822865, 11.6841608], [76.0823715, 11.6842024], [76.0824405, 11.6842423], [76.0826127, 11.6842748], [76.0827118, 11.6842691], [76.0828809, 11.6842719], [76.083003, 11.6842783], [76.0830667, 11.6842765], [76.0832047, 11.6842869], [76.083341, 11.6843008], [76.0835091, 11.6843251], [76.0836188, 11.6843684], [76.0837197, 11.684403], [76.0838772, 11.6844481], [76.0840559, 11.6844914], [76.0841638, 11.6845365], [76.0842682, 11.6845763], [76.0843833, 11.6846023], [76.0844523, 11.6846197], [76.0845478, 11.6846491], [76.0846399, 11.6846838], [76.084875, 11.6847016], [76.0850878, 11.6847444], [76.0853327, 11.6847758], [76.0855542, 11.6847958], [76.0856941, 11.6848215], [76.0858777, 11.6848443], [76.086076, 11.6848814], [76.0862304, 11.6849128], [76.0864899, 11.6849642], [76.0866589, 11.685047], [76.0868047, 11.6851469], [76.0869038, 11.6851811], [76.0870204, 11.6852354], [76.0871428, 11.6853067], [76.0872536, 11.6854066], [76.0873789, 11.6854637], [76.0875334, 11.6855265], [76.0876762, 11.6855836], [76.0878249, 11.6856521], [76.087889, 11.6857463], [76.0879356, 11.6858662], [76.0880202, 11.685969], [76.0881051, 11.6860576]]}}, {"type": "Feature", "properties": {"id": 1209268331, "name": "rabarkkunnu ayyath thodu"}, "geometry": {"type": "LineString", "coordinates": [[76.0788545, 11.6827832], [76.0789697, 11.6827934]]}}, {"type": "Feature", "properties": {"id": 1209269042, "name": "unnamed"}, "geometry": {"type": "LineString", "coordinates": [[76.0898743, 11.6884325], [76.0899917, 11.6884283], [76.0903387, 11.6884133], [76.0911042, 11.6883333], [76.0920586, 11.6882833], [76.0924464, 11.6882433], [76.0927016, 11.6882283], [76.0928041, 11.6883086], [76.0928238, 11.6885832], [76.0928802, 11.6887481], [76.0934314, 11.688958], [76.0936968, 11.6891079], [76.0940949, 11.6892579], [76.0942225, 11.6892329], [76.094396, 11.6891229], [76.0945276, 11.6891271], [76.0945919, 11.6891292]]}}, {"type": "Feature", "properties": {"id": 1209269043, "name": "palliyara thodu"}, "geometry": {"type": "LineString", "coordinates": [[76.087644, 11.6869339], [76.087986, 11.6873438], [76.0882462, 11.6875287], [76.0885627, 11.6877086], [76.0888383, 11.6877836], [76.0892772, 11.6879685], [76.0894711, 11.6880035], [76.0896293, 11.6880434], [76.0896854, 11.6881184], [76.0896599, 11.6882633], [76.0896446, 11.6883783], [76.0897161, 11.6884382], [76.0897732, 11.6884362]]}}, {"type": "Feature", "properties": {"id": 1209269044, "name": "unnamed"}, "geometry": {"type": "LineString", "coordinates": [[76.0897732, 11.6884362], [76.0898743, 11.6884325]]}}, {"type": "Feature", "properties": {"id": 1209269045, "name": "unnamed"}, "geometry": {"type": "LineString", "coordinates": [[76.0947073, 11.6891329], [76.0946308, 11.6893928], [76.0946563, 11.6896027], [76.0946818, 11.6896877], [76.095039, 11.6897826], [76.0962026, 11.6900125], [76.0967385, 11.6901225], [76.0969426, 11.6900875], [76.0973918, 11.6900525], [76.0975398, 11.6900825], [76.0981891, 11.690011], [76.098591, 11.6898314]]}}, {"type": "Feature", "properties": {"id": 1209269046, "name": "unnamed"}, "geometry": {"type": "LineString", "coordinates": [[76.0945919, 11.6891292], [76.0947073, 11.6891329]]}}, {"type": "Feature", "properties": {"id": 1209269494, "name": "chittur-puzhamkuni thodu"}, "geometry": {"type": "LineString", "coordinates": [[76.0945276, 11.6891271], [76.0944148, 11.6900172], [76.0941903, 11.6907919], [76.0940627, 11.6912916], [76.0939708, 11.6918064], [76.0939504, 11.6922712], [76.0939519, 11.6924033]]}}, {"type": "Feature", "properties": {"id": 1209269495, "name": "chakkittattukunnu 2"}, "geometry": {"type": "LineString", "coordinates": [[76.0939519, 11.6924033], [76.0939532, 11.6925151]]}}, {"type": "Feature", "properties": {"id": 1209269496, "name": "chittur-puzhamkuni thodu"}, "geometry": {"type": "LineString", "coordinates": [[76.0939532, 11.6925151], [76.0939555, 11.692716], [76.0939351, 11.6929708], [76.0939096, 11.6933257], [76.0939096, 11.6935456], [76.0938892, 11.6938204], [76.0938999, 11.693825]]}}, {"type": "Feature", "properties": {"id": 1209269497, "name": "chittur-puzhamkuni thodu"}, "geometry": {"type": "LineString", "coordinates": [[76.0938999, 11.693825], [76.0940002, 11.6938685]]}}, {"type": "Feature", "properties": {"id": 1209269822, "name": "arivaram thodu"}, "geometry": {"type": "LineString", "coordinates": [[76.084217, 11.6803387], [76.0843061, 11.6803201], [76.0845306, 11.6802993], [76.0847058, 11.6801126], [76.0848059, 11.679961], [76.0848628, 11.6798646], [76.0849303, 11.67975], [76.0850335, 11.6795242], [76.0852793, 11.6794113], [76.0855069, 11.6793578], [76.0857284, 11.6792686], [76.085953, 11.6791557], [76.0862413, 11.6790309], [76.08639, 11.6789031], [76.0865872, 11.6787694], [76.0867511, 11.6786445], [76.086915, 11.6785524], [76.0870303, 11.6784365], [76.0872093, 11.6782404], [76.0873246, 11.6780561], [76.0874906, 11.67792]]}}, {"type": "Feature", "properties": {"id": 1209270085, "name": "usthad nagar -arivaram thodu"}, "geometry": {"type": "LineString", "coordinates": [[76.0812867, 11.6796544], [76.0818511, 11.6798565], [76.081933, 11.6798446], [76.0820028, 11.6798178], [76.0820544, 11.6798505], [76.0823002, 11.6799516], [76.0827068, 11.6800853], [76.0829496, 11.6802071], [76.0833441, 11.6803141], [76.0837356, 11.6803557], [76.084036, 11.6803765], [76.0840959, 11.680364]]}}, {"type": "Feature", "properties": {"id": 1209270086, "name": "arivaram thodu"}, "geometry": {"type": "LineString", "coordinates": [[76.0840959, 11.680364], [76.084217, 11.6803387]]}}, {"type": "Feature", "properties": {"id": 1209270669, "name": "usthad nagar thodu"}, "geometry": {"type": "LineString", "coordinates": [[76.0797135, 11.6768816], [76.079846, 11.6769778], [76.0801109, 11.6772707], [76.080363, 11.6776055], [76.0805211, 11.6777812], [76.0807775, 11.6781578], [76.0810467, 11.6784549], [76.0811535, 11.6785135], [76.0809698, 11.6790031], [76.0809057, 11.6792542], [76.0808715, 11.6793588], [76.0812867, 11.6796544]]}}, {"type": "Feature", "properties": {"id": 1209271553, "name": "unnamed"}, "geometry": {"type": "LineString", "coordinates": [[76.0788532, 11.6761361], [76.0788806, 11.6761642], [76.0789716, 11.6762964], [76.0790156, 11.6764108], [76.0790857, 11.6766027]]}}, {"type": "Feature", "properties": {"id": 1209271554, "name": "usthad nagar  thodu"}, "geometry": {"type": "LineString", "coordinates": [[76.0790857, 11.6766027], [76.0792821, 11.6766716], [76.0794617, 11.6766887], [76.0796529, 11.6767303], [76.0796716, 11.676777]]}}, {"type": "Feature", "properties": {"id": 1209271555, "name": "thamarakkolli thodu"}, "geometry": {"type": "LineString", "coordinates": [[76.0796716, 11.676777], [76.0797135, 11.6768816]]}}, {"type": "Feature", "properties": {"id": 1209271556, "name": "usthad nagar thodu"}, "geometry": {"type": "LineString", "coordinates": [[76.0778396, 11.6744133], [76.0778148, 11.6745712], [76.0778437, 11.6747048], [76.0779719, 11.6748141], [76.077914, 11.674976], [76.0780256, 11.6750327], [76.0782612, 11.6751622], [76.0783315, 11.6753403], [76.0783191, 11.675397], [76.0783522, 11.6754254], [76.0785341, 11.6754942], [76.0786167, 11.6755711], [76.0785713, 11.6756763], [76.0785341, 11.6757775], [76.0785382, 11.6758706], [76.0786879, 11.6759666], [76.0787769, 11.6760578]]}}, {"type": "Feature", "properties": {"id": 1209271557, "name": "unnamed"}, "geometry": {"type": "LineString", "coordinates": [[76.0787769, 11.6760578], [76.0788532, 11.6761361]]}}, {"type": "Feature", "properties": {"id": 1209272079, "name": "kappumkunnu thodu"}, "geometry": {"type": "LineString", "coordinates": [[76.0759643, 11.6913205], [76.0758528, 11.6914051], [76.0754328, 11.6916132], [76.0749825, 11.6918014], [76.0746891, 11.6918906], [76.0745323, 11.691955], [76.0741933, 11.6919104], [76.0735984, 11.691875], [76.0732361, 11.6917501], [76.072986, 11.6917051], [76.072935, 11.6918151], [76.0728635, 11.6925347], [76.0727614, 11.6930295], [76.072593, 11.6934243], [76.0724651, 11.6936833], [76.0721949, 11.6937541], [76.0717918, 11.6938241], [76.0714345, 11.6938491], [76.0713069, 11.6939191], [76.0712355, 11.693989], [76.0713273, 11.6944338], [76.07138, 11.6946577]]}}, {"type": "Feature", "properties": {"id": 1209272080, "name": "kappumkunnu thodu"}, "geometry": {"type": "LineString", "coordinates": [[76.0774465, 11.6900525], [76.0771834, 11.6903894], [76.0770266, 11.6905579], [76.0769305, 11.6906867], [76.0768495, 11.6907214], [76.0767331, 11.6906966], [76.0763688, 11.6910137], [76.0760519, 11.6912541]]}}, {"type": "Feature", "properties": {"id": 1209272081, "name": "unnamed"}, "geometry": {"type": "LineString", "coordinates": [[76.0760519, 11.6912541], [76.0759643, 11.6913205]]}}, {"type": "Feature", "properties": {"id": 1209272282, "name": "kappumkunnu thodu"}, "geometry": {"type": "LineString", "coordinates": [[76.0786396, 11.689932], [76.0785426, 11.6898832], [76.0781649, 11.6897991], [76.0779074, 11.6896268], [76.0776714, 11.68961], [76.0775598, 11.6898328], [76.0774465, 11.6900525]]}}, {"type": "Feature", "properties": {"id": 1209272283, "name": "kappumkunnu thodu"}, "geometry": {"type": "LineString", "coordinates": [[76.0793623, 11.6906649], [76.0791348, 11.6904085], [76.079049, 11.6901564], [76.0788602, 11.6900429], [76.0787401, 11.6899825]]}}, {"type": "Feature", "properties": {"id": 1209272284, "name": "unnamed"}, "geometry": {"type": "LineString", "coordinates": [[76.0787401, 11.6899825], [76.0786396, 11.689932]]}}, {"type": "Feature", "properties": {"id": 1209272733, "name": "padarikunnu kaithodu"}, "geometry": {"type": "LineString", "coordinates": [[76.1202289, 11.6963165], [76.1201743, 11.6964472], [76.1201682, 11.6965899], [76.1203199, 11.6966909], [76.1205687, 11.6967682], [76.1210057, 11.6968811], [76.1213881, 11.6969999], [76.1215488, 11.697045]]}}, {"type": "Feature", "properties": {"id": 1209278867, "name": "poonthottam thodu"}, "geometry": {"type": "LineString", "coordinates": [[76.0900653, 11.6873255], [76.0901567, 11.687377], [76.0906467, 11.687507], [76.0914632, 11.687477], [76.0917388, 11.6875569], [76.0918964, 11.6875443], [76.0923319, 11.6875518], [76.0923359, 11.6874442], [76.0925375, 11.6874287], [76.0928704, 11.6873754], [76.0932512, 11.687334], [76.0932789, 11.687564], [76.0932858, 11.6879116], [76.0936482, 11.6879139], [76.0938711, 11.687848], [76.0944275, 11.6877481], [76.094599, 11.6877353], [76.0947364, 11.6877727], [76.0948155, 11.6878015], [76.094826, 11.6879466]]}}, {"type": "Feature", "properties": {"id": 1209278868, "name": "poonthottam thodu"}, "geometry": {"type": "LineString", "coordinates": [[76.0881051, 11.6860576], [76.0884522, 11.6863175], [76.0885644, 11.6865374], [76.0885848, 11.6867573], [76.0892075, 11.6870472], [76.0897587, 11.6871571], [76.0899349, 11.6872645]]}}, {"type": "Feature", "properties": {"id": 1209278869, "name": "poonthottam thodu"}, "geometry": {"type": "LineString", "coordinates": [[76.0899349, 11.6872645], [76.0900653, 11.6873255]]}}, {"type": "Feature", "properties": {"id": 1209279881, "name": "kallanchira thodu 1"}, "geometry": {"type": "LineString", "coordinates": [[76.0973922, 11.6807863], [76.0973948, 11.6807068], [76.0974381, 11.6801272], [76.0974453, 11.6798657], [76.0975319, 11.6797526], [76.0978351, 11.679696], [76.0983042, 11.6797879], [76.0985496, 11.6798374], [76.098961, 11.6800565], [76.0993507, 11.6801908], [76.099625, 11.6802615]]}}, {"type": "Feature", "properties": {"id": 1209279882, "name": "unnamed"}, "geometry": {"type": "LineString", "coordinates": [[76.0973892, 11.6809283], [76.0973922, 11.6807863]]}}, {"type": "Feature", "properties": {"id": 1209279883, "name": "unnamed"}, "geometry": {"type": "LineString", "coordinates": [[76.0973876, 11.6809895], [76.0973892, 11.6809283]]}}, {"type": "Feature", "properties": {"id": 1209296695, "name": "arivaram thodu1"}, "geometry": {"type": "LineString", "coordinates": [[76.0837878, 11.6796136], [76.0839243, 11.6796344], [76.0840123, 11.6796582], [76.0840882, 11.6797146], [76.0840669, 11.67978], [76.0840942, 11.6798246], [76.0842217, 11.6798216], [76.084323, 11.6798295]]}}, {"type": "Feature", "properties": {"id": 1209296696, "name": "unnamed"}, "geometry": {"type": "LineString", "coordinates": [[76.0844344, 11.6798381], [76.0845282, 11.6798454], [76.0848628, 11.6798646]]}}, {"type": "Feature", "properties": {"id": 1209296697, "name": "unnamed"}, "geometry": {"type": "LineString", "coordinates": [[76.084323, 11.6798295], [76.0844344, 11.6798381]]}}, {"type": "Feature", "properties": {"id": 1209329901, "name": "paralikunnu thodu"}, "geometry": {"type": "LineString", "coordinates": [[76.0900752, 11.6721977], [76.0901137, 11.6722967], [76.0901714, 11.6723768], [76.0902676, 11.6724616], [76.0904601, 11.6725982], [76.0905515, 11.6726265], [76.0907007, 11.6725228], [76.0909557, 11.6725511], [76.0912492, 11.6726454], [76.0921201, 11.6729139], [76.0931691, 11.6727914], [76.0943527, 11.6731684], [76.0948772, 11.6733616], [76.0953584, 11.6737291], [76.095705, 11.6739201], [76.0958547, 11.67406], [76.0961745, 11.6743932], [76.0965011, 11.6747131], [76.096644, 11.674973], [76.0967393, 11.6752195], [76.0968686, 11.6754728], [76.0969842, 11.675646], [76.0970591, 11.6758926], [76.0971878, 11.6761475], [76.0972564, 11.6767359], [76.0976169, 11.6773243], [76.0979431, 11.6784506], [76.0981662, 11.679039], [76.0983042, 11.6797879]]}}, {"type": "Feature", "properties": {"id": 1209331020, "name": "unnamed"}, "geometry": {"type": "LineString", "coordinates": [[76.0860277, 11.6747317], [76.0860396, 11.6748404]]}}, {"type": "Feature", "properties": {"id": 1209331021, "name": "arivaram kaithodu"}, "geometry": {"type": "LineString", "coordinates": [[76.0860396, 11.6748404], [76.0860428, 11.6748696], [76.0860623, 11.6751618], [76.0861688, 11.6754746], [76.0862033, 11.6756536], [76.0862629, 11.6759621], [76.086461, 11.6762943], [76.0866343, 11.6763743], [76.086664, 11.6763889], [76.0869627, 11.6764947], [76.0870921, 11.6766017], [76.0872459, 11.676776], [76.0873754, 11.67699], [76.0874522, 11.677101], [76.0874037, 11.6772515], [76.0873673, 11.6774061], [76.0873592, 11.677513], [76.087432, 11.6777627], [76.0874497, 11.6778177]]}}, {"type": "Feature", "properties": {"id": 1209331022, "name": "unnamed"}, "geometry": {"type": "LineString", "coordinates": [[76.0860224, 11.674683], [76.0860277, 11.6747317]]}}, {"type": "Feature", "properties": {"id": 1209332314, "name": "arivaram kaithodu1"}, "geometry": {"type": "LineString", "coordinates": [[76.085543, 11.675663], [76.0856046, 11.6756539], [76.0857622, 11.6756642], [76.0860021, 11.6756608], [76.0862033, 11.6756536]]}}, {"type": "Feature", "properties": {"id": 1209332315, "name": "unnamed"}, "geometry": {"type": "LineString", "coordinates": [[76.0853577, 11.6757225], [76.085454, 11.6756762]]}}, {"type": "Feature", "properties": {"id": 1209332316, "name": "unnamed"}, "geometry": {"type": "LineString", "coordinates": [[76.085454, 11.6756762], [76.085543, 11.675663]]}}, {"type": "Feature", "properties": {"id": 1209332423, "name": "arivaram kaithodu"}, "geometry": {"type": "LineString", "coordinates": [[76.0874497, 11.6778177], [76.0874733, 11.6778908]]}}, {"type": "Feature", "properties": {"id": 1210714128, "name": "manjalamkolli"}, "geometry": {"type": "LineString", "coordinates": [[76.0901396, 11.5903285], [76.0900873, 11.5903442], [76.0900484, 11.5903692], [76.0900202, 11.5903928], [76.089984, 11.5904178], [76.0899558, 11.5904493], [76.0899773, 11.5904993], [76.0899015, 11.5906069], [76.0897782, 11.5906752], [76.0896333, 11.590775], [76.0894724, 11.5908591], [76.0892954, 11.590959], [76.0891881, 11.5910325], [76.0890486, 11.5910851], [76.0889842, 11.5910851], [76.0887965, 11.5910207], [76.0886979, 11.5910049], [76.088602, 11.5910141], [76.0885933, 11.5910302], [76.0886094, 11.5910644], [76.0886228, 11.5911012], [76.0886456, 11.591138], [76.0886711, 11.5911997], [76.0886805, 11.5912483], [76.0886619, 11.5913716], [76.0885212, 11.591465], [76.0883043, 11.5915328], [76.0881374, 11.5915748], [76.0879824, 11.5915795], [76.0878513, 11.5916005], [76.0876601, 11.5916673], [76.0874723, 11.5917198], [76.087247, 11.5917566], [76.0870807, 11.5917776], [76.0869769, 11.5919196], [76.0868017, 11.5919651], [76.0865132, 11.5919903], [76.0860032, 11.5922225], [76.0857559, 11.5923335], [76.0855395, 11.5925354], [76.0852819, 11.5926413], [76.0840936, 11.5928973]]}}, {"type": "Feature", "properties": {"id": 1210731144, "name": "thanikkuni thodu"}, "geometry": {"type": "LineString", "coordinates": [[76.0992539, 11.5847733], [76.099211, 11.5846076], [76.0991501, 11.5844772], [76.0991073, 11.5843756], [76.0990689, 11.5843645]]}}, {"type": "Feature", "properties": {"id": 1210731145, "name": "thanikuni thodu"}, "geometry": {"type": "LineString", "coordinates": [[76.0990528, 11.5842963], [76.0990486, 11.5842784], [76.0990149, 11.5841815], [76.0989879, 11.5840047], [76.0990149, 11.5836936], [76.0989858, 11.5835708]]}}, {"type": "Feature", "properties": {"id": 1210731146, "name": "unnamed"}, "geometry": {"type": "LineString", "coordinates": [[76.0990689, 11.5843645], [76.0990528, 11.5842963]]}}, {"type": "Feature", "properties": {"id": 1210731613, "name": "mangavayal kai thodu"}, "geometry": {"type": "LineString", "coordinates": [[76.0940149, 11.5838187], [76.094033, 11.5837864], [76.0940781, 11.5835876], [76.0941096, 11.5830749], [76.0939608, 11.5827126], [76.0939157, 11.5826198], [76.0939924, 11.5825402], [76.0941773, 11.5824209], [76.0946501, 11.5821695]]}}, {"type": "Feature", "properties": {"id": 1210731614, "name": "mangavayal kai thodu"}, "geometry": {"type": "LineString", "coordinates": [[76.0939066, 11.5840118], [76.0939658, 11.5839062]]}}, {"type": "Feature", "properties": {"id": 1210731615, "name": "mangavayal kai thodu"}, "geometry": {"type": "LineString", "coordinates": [[76.0939658, 11.5839062], [76.0940149, 11.5838187]]}}, {"type": "Feature", "properties": {"id": 1210732443, "name": "narikkund thodu"}, "geometry": {"type": "LineString", "coordinates": [[76.0809535, 11.5863395], [76.0810287, 11.5863415], [76.0811546, 11.5863785]]}}, {"type": "Feature", "properties": {"id": 1210732444, "name": "narikkund thodu"}, "geometry": {"type": "LineString", "coordinates": [[76.0808431, 11.5863364], [76.0809535, 11.5863395]]}}, {"type": "Feature", "properties": {"id": 1210732445, "name": "narikkund thodu"}, "geometry": {"type": "LineString", "coordinates": [[76.0808022, 11.5863353], [76.0808431, 11.5863364]]}}, {"type": "Feature", "properties": {"id": 1210733298, "name": "narikundu thodu"}, "geometry": {"type": "LineString", "coordinates": [[76.0805383, 11.5873902], [76.0805355, 11.5873823], [76.0805036, 11.587248], [76.080459, 11.5871605], [76.0804398, 11.5870636], [76.0804175, 11.5870042], [76.080443, 11.586973], [76.0804813, 11.5869792], [76.0805334, 11.5869407], [76.0805375, 11.5868868], [76.0804194, 11.5867121], [76.0802714, 11.5865666], [76.0802601, 11.5864626], [76.0803018, 11.5864105], [76.0804383, 11.5863734], [76.0808022, 11.5863353]]}}, {"type": "Feature", "properties": {"id": 1210733299, "name": "unnamed"}, "geometry": {"type": "LineString", "coordinates": [[76.0805773, 11.5874829], [76.0805383, 11.5873902]]}}, {"type": "Feature", "properties": {"id": 1210733300, "name": "unnamed"}, "geometry": {"type": "LineString", "coordinates": [[76.0805853, 11.5875079], [76.0805773, 11.5874829]]}}, {"type": "Feature", "properties": {"id": 1210977814, "name": "chundakkara kaithodu"}, "geometry": {"type": "LineString", "coordinates": [[76.0619453, 11.6809741], [76.0621729, 11.6807791], [76.0623274, 11.6806596], [76.0623925, 11.6806278], [76.0624087, 11.6805521], [76.0625876, 11.6805083], [76.0626079, 11.6802973], [76.0625714, 11.6800186], [76.0625592, 11.6799748]]}}, {"type": "Feature", "properties": {"id": 1210979545, "name": "mananchery kaithodu"}, "geometry": {"type": "LineString", "coordinates": [[76.0728851, 11.684565], [76.0728916, 11.6846552], [76.0728591, 11.684902], [76.0728347, 11.6852165], [76.0728185, 11.6853559], [76.0724119, 11.685336], [76.072107, 11.685336], [76.0718997, 11.6853399]]}}, {"type": "Feature", "properties": {"id": 1210979546, "name": "mananchery kaithodu"}, "geometry": {"type": "LineString", "coordinates": [[76.0725803, 11.6836353], [76.0728672, 11.6843207], [76.0728771, 11.6844562]]}}, {"type": "Feature", "properties": {"id": 1210979547, "name": "unnamed"}, "geometry": {"type": "LineString", "coordinates": [[76.0728771, 11.6844562], [76.0728851, 11.684565]]}}, {"type": "Feature", "properties": {"id": 1210979550, "name": "unnamed"}, "geometry": {"type": "LineString", "coordinates": [[76.0557462, 11.6967116], [76.0556743, 11.6968406], [76.0556204, 11.6969549], [76.0555965, 11.6970106], [76.0555276, 11.697125], [76.0554498, 11.6972334], [76.0554139, 11.6973331], [76.0554288, 11.6974504], [76.0553899, 11.6976145], [76.0554019, 11.6976468], [76.0553809, 11.6977699], [76.055351, 11.6979165], [76.055345, 11.6981451], [76.055363, 11.6983738], [76.0553061, 11.6985966], [76.0553001, 11.6987344], [76.0552582, 11.6988605], [76.0552881, 11.6990012], [76.0552702, 11.6990862], [76.0553061, 11.6991793], [76.0555067, 11.6994057], [76.0556594, 11.6995054], [76.0556654, 11.6995728], [76.0557133, 11.6996813], [76.0557911, 11.6996872], [76.0558989, 11.6996432], [76.0561923, 11.6994849], [76.056318, 11.6994849], [76.0563629, 11.6995347], [76.0563, 11.6996051], [76.0563539, 11.6996989], [76.0563599, 11.6997663], [76.0564048, 11.6999539], [76.0567012, 11.7000008], [76.0567571, 11.7001498]]}}, {"type": "Feature", "properties": {"id": 1211179158, "name": "unnamed"}, "geometry": {"type": "LineString", "coordinates": [[76.1052855, 11.6946218], [76.1051676, 11.6947015], [76.1051391, 11.694801], [76.1051078, 11.694816], [76.1050944, 11.6948449], [76.1050622, 11.6948633], [76.1050274, 11.6949277], [76.1049965, 11.6949421], [76.1049402, 11.6949211], [76.1049187, 11.6949172]]}}, {"type": "Feature", "properties": {"id": 1211179159, "name": "thazhekarani thodu"}, "geometry": {"type": "LineString", "coordinates": [[76.1048581, 11.6949194], [76.1047542, 11.6948461], [76.1045932, 11.6948045], [76.1044215, 11.6947508], [76.1043454, 11.6947352], [76.1039987, 11.6946447], [76.1037297, 11.6945753], [76.1035599, 11.6944991], [76.1035659, 11.6944584], [76.1034986, 11.694448], [76.1033252, 11.6944774], [76.1031588, 11.6945121], [76.1030332, 11.6945346], [76.1029699, 11.6945594], [76.1029391, 11.6946316], [76.1029324, 11.694738], [76.1029444, 11.6948955], [76.1029471, 11.6950676], [76.1029391, 11.6951884], [76.1029672, 11.6954551], [76.1029597, 11.6957336]]}}, {"type": "Feature", "properties": {"id": 1211179160, "name": "unnamed"}, "geometry": {"type": "LineString", "coordinates": [[76.1049187, 11.6949172], [76.1048581, 11.6949194]]}}, {"type": "Feature", "properties": {"id": 1211179876, "name": "padikkara thodu"}, "geometry": {"type": "LineString", "coordinates": [[76.1029214, 11.6957315], [76.1025884, 11.6956923], [76.1024398, 11.6956778]]}}, {"type": "Feature", "properties": {"id": 1211179877, "name": "padikkara thodu"}, "geometry": {"type": "LineString", "coordinates": [[76.1030015, 11.695736], [76.1029597, 11.6957336], [76.1029214, 11.6957315]]}}, {"type": "Feature", "properties": {"id": 1211179878, "name": "padikkara thodu"}, "geometry": {"type": "LineString", "coordinates": [[76.1035145, 11.695814], [76.103419, 11.6957941]]}}, {"type": "Feature", "properties": {"id": 1211179879, "name": "padikkara thodu"}, "geometry": {"type": "LineString", "coordinates": [[76.103526, 11.6958612], [76.1035308, 11.6958355], [76.1035145, 11.695814]]}}, {"type": "Feature", "properties": {"id": 1211183608, "name": "thazhekarani thod"}, "geometry": {"type": "LineString", "coordinates": [[76.107599, 11.6940287], [76.107562, 11.6939262], [76.1075343, 11.6938538], [76.1075127, 11.6937482], [76.1074727, 11.6936275], [76.1074463, 11.6936307], [76.1074077, 11.6935421]]}}, {"type": "Feature", "properties": {"id": 1211183936, "name": "thazhekarani thod"}, "geometry": {"type": "LineString", "coordinates": [[76.1073654, 11.6934524], [76.1073568, 11.6934343], [76.1069909, 11.6933148], [76.1065728, 11.6933928], [76.1062509, 11.6936082], [76.1061114, 11.6937763], [76.1057466, 11.6939023], [76.1054301, 11.6939549]]}}, {"type": "Feature", "properties": {"id": 1211183937, "name": "thazhekarani thod"}, "geometry": {"type": "LineString", "coordinates": [[76.1074077, 11.6935421], [76.1073654, 11.6934524]]}}, {"type": "Feature", "properties": {"id": 1211184280, "name": "thazhekarani thod"}, "geometry": {"type": "LineString", "coordinates": [[76.1055017, 11.6940208], [76.1055213, 11.6940389], [76.1053711, 11.6943751], [76.1052855, 11.6946218]]}}, {"type": "Feature", "properties": {"id": 1211184281, "name": "thazhekarani thod"}, "geometry": {"type": "LineString", "coordinates": [[76.1054301, 11.6939549], [76.1055017, 11.6940208]]}}, {"type": "Feature", "properties": {"id": 1211196283, "name": "unnamed"}, "geometry": {"type": "LineString", "coordinates": [[76.0592404, 11.5874961], [76.0591645, 11.5874174], [76.0590878, 11.58729], [76.0589355, 11.5872858], [76.0588282, 11.5872921], [76.0587381, 11.5873342], [76.0586544, 11.5873657], [76.0585514, 11.5873594], [76.0584098, 11.5874813], [76.0583015, 11.5875111], [76.05821, 11.5875648], [76.0581965, 11.5876721], [76.0581379, 11.5878424], [76.0581008, 11.5879485], [76.0580643, 11.5880326], [76.0580106, 11.5881125], [76.0579548, 11.5881482], [76.0579076, 11.5882302], [76.0578218, 11.588308], [76.05771, 11.5883539], [76.0576456, 11.5884758], [76.0574933, 11.5885683], [76.0573581, 11.5886145], [76.0572465, 11.5886965], [76.0571886, 11.5887154], [76.0571843, 11.5887554], [76.0572015, 11.5887848], [76.057168, 11.5888038]]}}, {"type": "Feature", "properties": {"id": 1211196284, "name": "kalliyanivayal thode"}, "geometry": {"type": "LineString", "coordinates": [[76.0604248, 11.5885816], [76.0598902, 11.5881084], [76.0598302, 11.5880201], [76.0597572, 11.5879192], [76.0596671, 11.5878393], [76.0595383, 11.5877468], [76.0594396, 11.587667], [76.0592823, 11.5875638], [76.0592404, 11.5874961]]}}, {"type": "Feature", "properties": {"id": 1211198565, "name": "unnamed"}, "geometry": {"type": "LineString", "coordinates": [[76.057168, 11.5888038], [76.0570736, 11.5888256], [76.0563789, 11.5888254], [76.0550256, 11.5887193], [76.0541414, 11.5884188], [76.0524995, 11.588083], [76.0513627, 11.5878178], [76.0508325, 11.5876928]]}}, {"type": "Feature", "properties": {"id": 1211200090, "name": "kalyani vayal thodu"}, "geometry": {"type": "LineString", "coordinates": [[76.0605626, 11.5912058], [76.060642, 11.5911033], [76.0607972, 11.5908912], [76.0608116, 11.5907003], [76.0608405, 11.5905412], [76.0609379, 11.5903927], [76.0609583, 11.5901571], [76.0609757, 11.5899005], [76.0609822, 11.5898522], [76.0609435, 11.5897071], [76.0609113, 11.5895684], [76.0608942, 11.5894696], [76.0608859, 11.5893176], [76.0608258, 11.5892083], [76.06074, 11.5891663], [76.060667, 11.5890612], [76.0605683, 11.588893], [76.0604999, 11.5886972], [76.0604248, 11.5885816]]}}, {"type": "Feature", "properties": {"id": 1211202369, "name": "narikkundu thodu"}, "geometry": {"type": "LineString", "coordinates": [[76.0778161, 11.5893659], [76.0779005, 11.5893447], [76.0780023, 11.5893214], [76.0781343, 11.5892853], [76.0783291, 11.5892344], [76.0784265, 11.5892302], [76.0785001, 11.5891963], [76.0785845, 11.5891623], [76.0786689, 11.589103], [76.0787348, 11.5890762], [76.0788204, 11.5890584], [76.078941, 11.5890082], [76.0790447, 11.5889704], [76.0791134, 11.5889325], [76.0792301, 11.5888729], [76.0793983, 11.5887782], [76.0795217, 11.5887064], [76.0796988, 11.5886153], [76.0798347, 11.5885574], [76.0799735, 11.5883896], [76.0800198, 11.5882984], [76.0803153, 11.588082], [76.0805297, 11.587877], [76.0806139, 11.587702], [76.0805853, 11.5875079]]}}, {"type": "Feature", "properties": {"id": 1211205922, "name": "unnamed"}, "geometry": {"type": "LineString", "coordinates": [[76.0845025, 11.5990533], [76.0844662, 11.5990146]]}}, {"type": "Feature", "properties": {"id": 1211205923, "name": "unnamed"}, "geometry": {"type": "LineString", "coordinates": [[76.0844662, 11.5990146], [76.0844317, 11.598969], [76.0841065, 11.5986085], [76.0839926, 11.5982106]]}}, {"type": "Feature", "properties": {"id": 1211206654, "name": "rattakkolli thodu"}, "geometry": {"type": "LineString", "coordinates": [[76.0894541, 11.603453], [76.089442, 11.6033846], [76.0894132, 11.6033296], [76.0893995, 11.6032776], [76.0893599, 11.6032644], [76.0892372, 11.6031972], [76.0891722, 11.6030735], [76.0890838, 11.6030204], [76.0889755, 11.6029904], [76.0888943, 11.6029162], [76.0888619, 11.6028561], [76.0888222, 11.6028048], [76.088759, 11.6027306], [76.0886706, 11.6026705], [76.0885948, 11.6026228], [76.0884403, 11.6025413], [76.088299, 11.6024711], [76.0881663, 11.6023574], [76.0880094, 11.6022787], [76.0879367, 11.6022412], [76.0877542, 11.6021699], [76.0877032, 11.6021562], [76.0876572, 11.6021274], [76.0876304, 11.6021099], [76.0876015, 11.6020702], [76.0875781, 11.6020475], [76.0875845, 11.6020112], [76.0875322, 11.6019562], [76.0874432, 11.6019683], [76.0872824, 11.6020583], [76.0872186, 11.6020708], [76.0871395, 11.6020533], [76.0870928, 11.6019959], [76.0871548, 11.6018208], [76.087137, 11.6016833], [76.087091, 11.6015808], [76.0869481, 11.6015158], [76.0867797, 11.6015233], [76.0866929, 11.6014333], [76.086573, 11.6012909], [76.0864607, 11.6011734], [76.0863536, 11.6010559], [76.0860856, 11.6010284], [76.0858902, 11.6010639], [76.0857684, 11.6010522], [76.0855821, 11.6010568], [76.0854078, 11.6009656], [76.0852622, 11.6007557], [76.0851237, 11.6005499], [76.0849661, 11.6004282], [76.0846461, 11.5997359], [76.0845025, 11.5990533]]}}, {"type": "Feature", "properties": {"id": 1211207488, "name": "unnamed"}, "geometry": {"type": "LineString", "coordinates": [[76.0926665, 11.6062717], [76.0924889, 11.6063505], [76.0924023, 11.6063353], [76.0923645, 11.606299], [76.0923229, 11.6061904], [76.092193, 11.6059597], [76.0924982, 11.60551], [76.0927637, 11.6052122], [76.0927856, 11.6050008], [76.0927119, 11.604752], [76.0926818, 11.6047333], [76.0922474, 11.604909]]}}, {"type": "Feature", "properties": {"id": 1211208198, "name": "rattakkolli thodu"}, "geometry": {"type": "LineString", "coordinates": [[76.0918287, 11.6048952], [76.0918053, 11.6048787], [76.0916875, 11.6047956], [76.0915753, 11.6047228], [76.0914857, 11.6047005], [76.091419, 11.6046856], [76.0913644, 11.6046336], [76.0912946, 11.6045578], [76.0912415, 11.604485], [76.0910678, 11.6043067], [76.0910056, 11.6042606], [76.0909252, 11.6042472], [76.0908326, 11.6042443], [76.0907401, 11.6042547], [76.0906642, 11.604219], [76.0905671, 11.6041581], [76.090511, 11.6041506], [76.0903987, 11.6042279], [76.0902779, 11.6042684], [76.0900928, 11.6042209], [76.0899441, 11.6040871], [76.089853, 11.6039236], [76.0898348, 11.6037393], [76.0897134, 11.6036115], [76.0895647, 11.6035283], [76.0894541, 11.603453]]}}, {"type": "Feature", "properties": {"id": 1211209856, "name": "unnamed"}, "geometry": {"type": "LineString", "coordinates": [[76.0921456, 11.6049502], [76.0920865, 11.6049741], [76.0918053, 11.6048787]]}}, {"type": "Feature", "properties": {"id": 1211209857, "name": "unnamed"}, "geometry": {"type": "LineString", "coordinates": [[76.0922474, 11.604909], [76.0921456, 11.6049502]]}}, {"type": "Feature", "properties": {"id": 1211210004, "name": "pulppara thodu"}, "geometry": {"type": "LineString", "coordinates": [[76.0937416, 11.608887], [76.0937159, 11.6088198], [76.0936052, 11.6085998], [76.0934751, 11.6084723], [76.0933801, 11.6085024], [76.093321, 11.608683], [76.093209, 11.608882], [76.0929803, 11.6090789]]}}, {"type": "Feature", "properties": {"id": 1211210250, "name": "unnamed"}, "geometry": {"type": "LineString", "coordinates": [[76.0877838, 11.6088687], [76.0877671, 11.6089148], [76.0877747, 11.608992], [76.0878278, 11.6090723], [76.087876, 11.6090935]]}}, {"type": "Feature", "properties": {"id": 1211210251, "name": "unnamed"}, "geometry": {"type": "LineString", "coordinates": [[76.087876, 11.6090935], [76.0878725, 11.6092343]]}}, {"type": "Feature", "properties": {"id": 1211210252, "name": "unnamed"}, "geometry": {"type": "LineString", "coordinates": [[76.0878725, 11.6092343], [76.0878008, 11.6092404], [76.0877729, 11.6093865]]}}, {"type": "Feature", "properties": {"id": 1211212274, "name": "unnamed"}, "geometry": {"type": "LineString", "coordinates": [[76.0924135, 11.6083636], [76.0920898, 11.6083622], [76.0918079, 11.6083298], [76.0916711, 11.6082282], [76.0915219, 11.6081754], [76.0912309, 11.6079648], [76.0911653, 11.6079475], [76.0911287, 11.6079648], [76.091106, 11.6080105], [76.0910934, 11.6080352], [76.0910674, 11.6080459]]}}, {"type": "Feature", "properties": {"id": 1211212275, "name": "unnamed"}, "geometry": {"type": "LineString", "coordinates": [[76.0910674, 11.6080459], [76.0909592, 11.6080906]]}}, {"type": "Feature", "properties": {"id": 1211212276, "name": "unnamed"}, "geometry": {"type": "LineString", "coordinates": [[76.0909496, 11.6080945], [76.0909592, 11.6080906]]}}, {"type": "Feature", "properties": {"id": 1211212405, "name": "unnamed"}, "geometry": {"type": "LineString", "coordinates": [[76.0926897, 11.6085437], [76.0926667, 11.6085422], [76.092628, 11.6084477], [76.0925293, 11.6084056], [76.0924135, 11.6083636]]}}, {"type": "Feature", "properties": {"id": 1211216559, "name": "unnamed"}, "geometry": {"type": "LineString", "coordinates": [[76.0929803, 11.6090789], [76.0929586, 11.6091408], [76.0929027, 11.6091832], [76.0928251, 11.6091673], [76.0927313, 11.6090383], [76.0926826, 11.6089358], [76.0926483, 11.6088333], [76.0926717, 11.6087449], [76.0927295, 11.6086654], [76.0927823, 11.6086105]]}}, {"type": "Feature", "properties": {"id": 1211216560, "name": "unnamed"}, "geometry": {"type": "LineString", "coordinates": [[76.0927823, 11.6086105], [76.0926897, 11.6085437]]}}, {"type": "Feature", "properties": {"id": 1211216704, "name": "unnamed"}, "geometry": {"type": "LineString", "coordinates": [[76.0877729, 11.6093865], [76.0877547, 11.6095363], [76.0876944, 11.6096472]]}}, {"type": "Feature", "properties": {"id": 1211216705, "name": "unnamed"}, "geometry": {"type": "LineString", "coordinates": [[76.0876281, 11.6097693], [76.0876131, 11.6097969], [76.0874714, 11.6099819], [76.087362, 11.6100762], [76.0871731, 11.6100909], [76.0867249, 11.6101628], [76.0863953, 11.6101843], [76.0862343, 11.6103026], [76.0861487, 11.6103363]]}}, {"type": "Feature", "properties": {"id": 1211216706, "name": "unnamed"}, "geometry": {"type": "LineString", "coordinates": [[76.0876944, 11.6096472], [76.0876281, 11.6097693]]}}, {"type": "Feature", "properties": {"id": 1211217144, "name": "arakkal thodu"}, "geometry": {"type": "LineString", "coordinates": [[76.0860305, 11.6103828], [76.0858425, 11.6104569], [76.0856851, 11.6106039], [76.0854022, 11.6107428], [76.0851993, 11.610749], [76.0851753, 11.6108689], [76.085186, 11.6109071]]}}, {"type": "Feature", "properties": {"id": 1211217145, "name": "unnamed"}, "geometry": {"type": "LineString", "coordinates": [[76.0861487, 11.6103363], [76.0860305, 11.6103828]]}}, {"type": "Feature", "properties": {"id": 1211220136, "name": "unnamed"}, "geometry": {"type": "LineString", "coordinates": [[76.0768557, 11.6306563], [76.0767431, 11.6306537], [76.0766774, 11.630632], [76.0766054, 11.6306199], [76.0764709, 11.6306883], [76.0762645, 11.6307418], [76.0760309, 11.630828], [76.0759439, 11.630847], [76.0758665, 11.630847], [76.0757345, 11.630847], [76.075642, 11.6308455], [76.0755889, 11.6308514]]}}, {"type": "Feature", "properties": {"id": 1211220698, "name": "emily mythri nagar thodu"}, "geometry": {"type": "LineString", "coordinates": [[76.0785663, 11.6304606], [76.0785384, 11.6304597], [76.0784718, 11.6304639], [76.0784289, 11.6304723], [76.0784166, 11.6305101], [76.0783608, 11.6305858], [76.0783007, 11.6306572], [76.0779818, 11.6306041], [76.0779335, 11.6305961], [76.0777879, 11.6305931], [76.0775846, 11.6306407], [76.0774177, 11.6307388], [76.0772204, 11.6308874], [76.0771226, 11.6309694]]}}, {"type": "Feature", "properties": {"id": 1211220699, "name": "emily mythri nagar thodu"}, "geometry": {"type": "LineString", "coordinates": [[76.0770331, 11.6310443], [76.0769898, 11.6310806], [76.0769443, 11.6311668], [76.0768349, 11.6312453], [76.076656, 11.6313392], [76.0764861, 11.6313511], [76.0763465, 11.6314016], [76.076219, 11.631577], [76.0760137, 11.6316011], [76.0758504, 11.6313461], [76.0758045, 11.6312461], [76.0757151, 11.6312692], [76.0756106, 11.6312961], [76.0754611, 11.6313449]]}}, {"type": "Feature", "properties": {"id": 1211220700, "name": "emily mythri nagar thodu"}, "geometry": {"type": "LineString", "coordinates": [[76.0771226, 11.6309694], [76.0770331, 11.6310443]]}}, {"type": "Feature", "properties": {"id": 1211221548, "name": "emily mythri nagar thodu"}, "geometry": {"type": "LineString", "coordinates": [[76.0799382, 11.6309299], [76.0799319, 11.6309043], [76.0799204, 11.6307308], [76.0798609, 11.6307141], [76.0797489, 11.6307067], [76.0794739, 11.6306673], [76.0793313, 11.6306744], [76.0792159, 11.630632], [76.0790878, 11.6306055], [76.0789957, 11.6305842], [76.0789218, 11.6305719], [76.0789181, 11.6305259], [76.0788093, 11.6304888], [76.0785663, 11.6304606]]}}, {"type": "Feature", "properties": {"id": 1211223767, "name": "unnamed"}, "geometry": {"type": "LineString", "coordinates": [[76.0755889, 11.630899], [76.0756162, 11.6309911], [76.0757151, 11.6312692]]}}, {"type": "Feature", "properties": {"id": 1211223768, "name": "unnamed"}, "geometry": {"type": "LineString", "coordinates": [[76.0755889, 11.6308514], [76.0755889, 11.630899]]}}, {"type": "Feature", "properties": {"id": 1211224472, "name": "emily mythri nagar thodu"}, "geometry": {"type": "LineString", "coordinates": [[76.0753593, 11.6313782], [76.075289, 11.6314011], [76.0749828, 11.6315311], [76.0745746, 11.6315611], [76.074218, 11.6314675]]}}, {"type": "Feature", "properties": {"id": 1211224473, "name": "emily mythri nagar thodu"}, "geometry": {"type": "LineString", "coordinates": [[76.0754611, 11.6313449], [76.0753593, 11.6313782]]}}, {"type": "Feature", "properties": {"id": 1211224694, "name": "thurkey bazar thodu"}, "geometry": {"type": "LineString", "coordinates": [[76.0765847, 11.6110666], [76.0765362, 11.6108645], [76.0764937, 11.6106386], [76.076433, 11.6103473], [76.0762813, 11.6098598], [76.0762327, 11.6096339], [76.0761781, 11.6092594], [76.0761235, 11.6091048], [76.075967, 11.6090274], [76.0758919, 11.6089737], [76.0758255, 11.6089398], [76.0756927, 11.6088634], [76.0756004, 11.608838], [76.0754647, 11.6087842], [76.0753405, 11.6087814], [76.0752481, 11.6088125], [76.0751356, 11.6088747], [76.0750884, 11.6088902]]}}, {"type": "Feature", "properties": {"id": 1211225098, "name": "thurkey bazar thodu"}, "geometry": {"type": "LineString", "coordinates": [[76.0749551, 11.608934], [76.0749181, 11.6089461], [76.0747698, 11.6089568], [76.0747445, 11.6090151], [76.0746557, 11.6091041]]}}, {"type": "Feature", "properties": {"id": 1211225099, "name": "thurkey bazar thodu"}, "geometry": {"type": "LineString", "coordinates": [[76.0750884, 11.6088902], [76.0749551, 11.608934]]}}, {"type": "Feature", "properties": {"id": 1211225556, "name": "bypass thodu"}, "geometry": {"type": "LineString", "coordinates": [[76.0882939, 11.6156857], [76.0882175, 11.6156987], [76.0881935, 11.6157304], [76.0881531, 11.6158297], [76.0880791, 11.6159222], [76.0878954, 11.6159847], [76.0874903, 11.6161953], [76.0871427, 11.6161533], [76.086808, 11.616002], [76.0866578, 11.6157876], [76.0865805, 11.6156615], [76.08635, 11.6155658], [76.0858478, 11.615606], [76.085344, 11.615707], [76.084725, 11.6157189], [76.0842252, 11.6155741]]}}, {"type": "Feature", "properties": {"id": 1211226158, "name": "bypass thodu"}, "geometry": {"type": "LineString", "coordinates": [[76.0890384, 11.6148061], [76.089005, 11.6148611], [76.0889398, 11.6149458], [76.0888466, 11.6150821], [76.0888151, 11.6151695], [76.0888427, 11.6152727], [76.0889094, 11.6153352], [76.0888746, 11.6153991], [76.0887987, 11.6154808], [76.0887259, 11.6154972], [76.0886907, 11.6154712], [76.0886004, 11.6154293], [76.0884999, 11.6155175], [76.0884262, 11.6155948], [76.0884236, 11.6156398], [76.0884148, 11.6156429]]}}, {"type": "Feature", "properties": {"id": 1211226159, "name": "bypass thodu"}, "geometry": {"type": "LineString", "coordinates": [[76.0884148, 11.6156429], [76.0882939, 11.6156857]]}}, {"type": "Feature", "properties": {"id": 1212675516, "name": "changoth thodu"}, "geometry": {"type": "LineString", "coordinates": [[76.0592645, 11.6297323], [76.059387, 11.6300122], [76.0595044, 11.6301521], [76.0596603, 11.630366], [76.059789, 11.6306392], [76.0599221, 11.630946], [76.0600336, 11.631173], [76.0600344, 11.63118]]}}, {"type": "Feature", "properties": {"id": 1212675517, "name": "changoth thodu"}, "geometry": {"type": "LineString", "coordinates": [[76.0600447, 11.6312737], [76.0600876, 11.6315371], [76.0601077, 11.6316996], [76.0601334, 11.6318425], [76.0599564, 11.6328273], [76.0598491, 11.633752], [76.0600862, 11.6345069], [76.060139, 11.6345449]]}}, {"type": "Feature", "properties": {"id": 1212675518, "name": "changoth thodu"}, "geometry": {"type": "LineString", "coordinates": [[76.0600344, 11.63118], [76.0600447, 11.6312737]]}}, {"type": "Feature", "properties": {"id": 1212676914, "name": "Thurky jn thodu"}, "geometry": {"type": "LineString", "coordinates": [[76.0835449, 11.6037933], [76.0835106, 11.6037937], [76.0833983, 11.6037981], [76.0833119, 11.6037996], [76.0831976, 11.6038011], [76.0830656, 11.6037892], [76.0829806, 11.6037803], [76.0829047, 11.6037714], [76.0828072, 11.6037139], [76.0827952, 11.6036182], [76.0828253, 11.6035657], [76.0827974, 11.6034543], [76.0827362, 11.6033754], [76.082452, 11.6029463], [76.0821633, 11.6026069], [76.0818168, 11.6021898], [76.0813693, 11.6019353], [76.0811672, 11.6014545], [76.0812978, 11.6012562], [76.0813926, 11.601139]]}}, {"type": "Feature", "properties": {"id": 1212679527, "name": "emily nagar thodu"}, "geometry": {"type": "LineString", "coordinates": [[76.0843512, 11.6187475], [76.0842772, 11.6186826], [76.0842006, 11.6185913], [76.0840999, 11.6185026], [76.0840271, 11.6184276], [76.0840042, 11.6183651], [76.0839672, 11.6183264], [76.0838751, 11.6183892], [76.0837841, 11.6184026], [76.0837184, 11.6184508], [76.0836771, 11.6184561], [76.0835701, 11.6183937], [76.0835001, 11.6182643]]}}, {"type": "Feature", "properties": {"id": 1212680041, "name": "kairali nagar thodu"}, "geometry": {"type": "LineString", "coordinates": [[76.0859062, 11.6191472], [76.0857835, 11.6191829], [76.085642, 11.6191675], [76.0854522, 11.6191752], [76.0853076, 11.6191617], [76.0851712, 11.6191392], [76.0850985, 11.6191005], [76.0850803, 11.6190802], [76.0850561, 11.6190682], [76.0850383, 11.6189389]]}}, {"type": "Feature", "properties": {"id": 1212680930, "name": "kairali nagar thodu"}, "geometry": {"type": "LineString", "coordinates": [[76.0870522, 11.6184525], [76.0869485, 11.6184216], [76.0868962, 11.6183977], [76.0868348, 11.6183845], [76.0867644, 11.6183774]]}}, {"type": "Feature", "properties": {"id": 1212680931, "name": "kairali nagar thodu"}, "geometry": {"type": "LineString", "coordinates": [[76.0867335, 11.6184612], [76.0867063, 11.6185117], [76.0866377, 11.6186732], [76.0864417, 11.6188264], [76.0862887, 11.6189632], [76.0861632, 11.619016], [76.0860593, 11.6190426], [76.0859591, 11.6190935], [76.0859062, 11.6191472]]}}, {"type": "Feature", "properties": {"id": 1212680932, "name": "kairali nagar thodu"}, "geometry": {"type": "LineString", "coordinates": [[76.0867644, 11.6183774], [76.0867335, 11.6184612]]}}, {"type": "Feature", "properties": {"id": 1212682330, "name": "kairali nagar thodu"}, "geometry": {"type": "LineString", "coordinates": [[76.0882418, 11.6215751], [76.0882418, 11.6213968], [76.0881608, 11.6212515], [76.0880192, 11.6209939], [76.0880597, 11.6207825], [76.08779, 11.6204192], [76.0876821, 11.6202144], [76.0877158, 11.6201022], [76.087698, 11.6198394], [76.0876767, 11.6197027], [76.08761, 11.6195303], [76.0874933, 11.6193829], [76.0875024, 11.6191414], [76.0875231, 11.619009], [76.0874651, 11.6189228], [76.08736, 11.6188871], [76.087272, 11.6188556], [76.0872076, 11.6187778], [76.0870853, 11.6186643], [76.0870639, 11.6185949]]}}, {"type": "Feature", "properties": {"id": 1212682483, "name": "unnamed"}, "geometry": {"type": "LineString", "coordinates": [[76.0870589, 11.6185467], [76.0870522, 11.6184525]]}}, {"type": "Feature", "properties": {"id": 1212682484, "name": "unnamed"}, "geometry": {"type": "LineString", "coordinates": [[76.0870639, 11.6185949], [76.0870589, 11.6185467]]}}, {"type": "Feature", "properties": {"id": 1212682896, "name": "maniyankod estate thodu"}, "geometry": {"type": "LineString", "coordinates": [[76.0801692, 11.6347729], [76.0801241, 11.6347588]]}}, {"type": "Feature", "properties": {"id": 1212682897, "name": "maniyankod estate thodu"}, "geometry": {"type": "LineString", "coordinates": [[76.0802026, 11.6347765], [76.0801692, 11.6347729]]}}, {"type": "Feature", "properties": {"id": 1212683267, "name": "maniyankodu estate thodu"}, "geometry": {"type": "LineString", "coordinates": [[76.0831743, 11.6388863], [76.0831202, 11.6388739], [76.0831112, 11.6388209], [76.0830534, 11.6387088], [76.0832534, 11.6385477], [76.083435, 11.6383105], [76.0833594, 11.6381029], [76.0832231, 11.637836], [76.0830187, 11.6375839], [76.0828673, 11.6373541], [76.0826781, 11.6370798], [76.0825646, 11.6369315], [76.0824559, 11.6368548]]}}, {"type": "Feature", "properties": {"id": 1212683468, "name": "maniyankodu estate thodu"}, "geometry": {"type": "LineString", "coordinates": [[76.0836834, 11.6389005], [76.0836545, 11.6389097], [76.0835924, 11.6389085], [76.0835203, 11.6389047], [76.083417, 11.6388979], [76.0833698, 11.6388947], [76.083313, 11.6388854], [76.0832454, 11.6388916], [76.0831743, 11.6388863]]}}, {"type": "Feature", "properties": {"id": 1212683929, "name": "maniyankodu estate thodu"}, "geometry": {"type": "LineString", "coordinates": [[76.0824559, 11.6368548], [76.0824471, 11.6368348], [76.0824392, 11.6368229], [76.0824213, 11.6368255], [76.0824065, 11.6368214], [76.0824043, 11.6368073], [76.0823375, 11.6366795], [76.082118, 11.6364571], [76.0819363, 11.6361383], [76.0817471, 11.6358862], [76.0816108, 11.635686], [76.0815579, 11.6355896], [76.0813383, 11.6353302], [76.081134, 11.6351374], [76.0808615, 11.635041], [76.0806268, 11.6349446], [76.0804073, 11.6348409], [76.0802026, 11.6347765]]}}, {"type": "Feature", "properties": {"id": 1212701319, "name": "puliyarmala thodu"}, "geometry": {"type": "LineString", "coordinates": [[76.084081, 11.6391539], [76.0839964, 11.6391517], [76.0839491, 11.6391384], [76.0839186, 11.6391042], [76.0839051, 11.6390468], [76.0839073, 11.6389882], [76.083904, 11.6389742]]}}, {"type": "Feature", "properties": {"id": 1212701320, "name": "puliyarmala thodu"}, "geometry": {"type": "LineString", "coordinates": [[76.0838904, 11.6389175], [76.083825, 11.6389109], [76.0837619, 11.6389032], [76.0836834, 11.6389005]]}}, {"type": "Feature", "properties": {"id": 1212701321, "name": "puliyarmala thodu"}, "geometry": {"type": "LineString", "coordinates": [[76.083904, 11.6389742], [76.0838904, 11.6389175]]}}, {"type": "Feature", "properties": {"id": 1213041385, "name": "onivayal thodu"}, "geometry": {"type": "LineString", "coordinates": [[76.1259438, 11.6871779], [76.1257937, 11.687444], [76.1255601, 11.6881094], [76.1252628, 11.6889135], [76.1250112, 11.68921], [76.1249317, 11.6893233], [76.124877, 11.6894011], [76.1244989, 11.6898191], [76.1243485, 11.690062], [76.1240883, 11.6903247], [76.1238891, 11.6905357], [76.1238159, 11.6905317], [76.1237753, 11.690468], [76.1236818, 11.6903924], [76.1236127, 11.6904561], [76.1235435, 11.6905437], [76.1234419, 11.6907149], [76.1233525, 11.690894], [76.1231533, 11.6911329], [76.1230232, 11.6911846], [76.1229256, 11.6911608], [76.122763, 11.6910851], [76.1225312, 11.69089], [76.1223239, 11.6907786], [76.1222426, 11.6907706], [76.1220444, 11.6909334], [76.1219089, 11.691048], [76.1216403, 11.6913133], [76.1213485, 11.6916448], [76.1210961, 11.6918084]]}}, {"type": "Feature", "properties": {"id": 1213231812, "name": "puthoorvayal thodu"}, "geometry": {"type": "LineString", "coordinates": [[76.0887282, 11.5963625], [76.088571, 11.5963871], [76.0883367, 11.5964237], [76.0882859, 11.5964215], [76.0882093, 11.5964204], [76.0881393, 11.5964248], [76.0880667, 11.5964171], [76.0879968, 11.596445], [76.0880088, 11.5965572], [76.0880374, 11.5966788], [76.0880339, 11.5967104], [76.088004, 11.5967186], [76.0879312, 11.5966999]]}}, {"type": "Feature", "properties": {"id": 1213232596, "name": "puthoorvayal thodu"}, "geometry": {"type": "LineString", "coordinates": [[76.0888296, 11.5963467], [76.0887282, 11.5963625]]}}, {"type": "Feature", "properties": {"id": 1213232597, "name": "puthoorvayal thodu"}, "geometry": {"type": "LineString", "coordinates": [[76.0888476, 11.5963439], [76.0888296, 11.5963467]]}}, {"type": "Feature", "properties": {"id": 1213234147, "name": "Edakunivayal thodu"}, "geometry": {"type": "LineString", "coordinates": [[76.0702136, 11.6177618], [76.0701952, 11.6178761], [76.0701691, 11.6179978], [76.0701451, 11.6181098], [76.0699278, 11.6185575], [76.0696075, 11.6188574], [76.0695309, 11.6189157], [76.0694203, 11.6189157], [76.0690773, 11.6188102], [76.0686208, 11.6186797], [76.0679516, 11.6184578]]}}, {"type": "Feature", "properties": {"id": 1213234148, "name": "unnamed"}, "geometry": {"type": "LineString", "coordinates": [[76.0703984, 11.616931], [76.0702654, 11.6174931], [76.0702353, 11.6176267], [76.0702308, 11.6176548]]}}, {"type": "Feature", "properties": {"id": 1213234149, "name": "unnamed"}, "geometry": {"type": "LineString", "coordinates": [[76.0702308, 11.6176548], [76.0702136, 11.6177618]]}}, {"type": "Feature", "properties": {"id": 1213235025, "name": "Edakuni thodu"}, "geometry": {"type": "LineString", "coordinates": [[76.0679516, 11.6184578], [76.0678374, 11.6184618], [76.0677219, 11.6184645], [76.0674404, 11.6184645], [76.0669394, 11.6187519], [76.0668714, 11.6189185], [76.066843, 11.6191851], [76.0668742, 11.6194378], [76.0669054, 11.6196156], [76.0668912, 11.6196461], [76.0668317, 11.6196544], [76.0667268, 11.6196628], [76.0666928, 11.6196406], [76.0666429, 11.6195704]]}}, {"type": "Feature", "properties": {"id": 1213235718, "name": "Edakunivayal thodu"}, "geometry": {"type": "LineString", "coordinates": [[76.0666429, 11.6195704], [76.066628, 11.6194915], [76.0666191, 11.619457], [76.066603, 11.6194512], [76.0664957, 11.6194843], [76.0664825, 11.6194959], [76.0664781, 11.619516], [76.0665045, 11.61966], [76.0665177, 11.6197737], [76.0665354, 11.6198702], [76.0665604, 11.6200429], [76.0666411, 11.6203], [76.066593, 11.6203642], [76.0665259, 11.6203981], [76.0660001, 11.6206336], [76.0660401, 11.6209329], [76.0662555, 11.6214185], [76.0663907, 11.6219189], [76.0663803, 11.6224442]]}}, {"type": "Feature", "properties": {"id": 1213236624, "name": "unnamed"}, "geometry": {"type": "LineString", "coordinates": [[76.0901348, 11.6347163], [76.0900001, 11.6347661], [76.089776, 11.6349296], [76.0896282, 11.6350697], [76.0895566, 11.6351584], [76.089469, 11.6353342], [76.0894516, 11.6353612], [76.0894285, 11.6353969], [76.0894795, 11.6354813], [76.089476, 11.6356026], [76.0895255, 11.6356477], [76.089614, 11.6357656], [76.089752, 11.6358661], [76.0898582, 11.6359493], [76.0899821, 11.6360741], [76.0901413, 11.6361642], [76.0902617, 11.6361815], [76.0903147, 11.6361677], [76.0903466, 11.6362335], [76.0903501, 11.6362959], [76.0903749, 11.6363722], [76.0903785, 11.636445], [76.0903608, 11.6365455], [76.0903514, 11.6366242]]}}, {"type": "Feature", "properties": {"id": 1213236625, "name": "unnamed"}, "geometry": {"type": "LineString", "coordinates": [[76.0902467, 11.634675], [76.0901348, 11.6347163]]}}, {"type": "Feature", "properties": {"id": 1213236626, "name": "unnamed"}, "geometry": {"type": "LineString", "coordinates": [[76.0902528, 11.6346727], [76.0902467, 11.634675]]}}, {"type": "Feature", "properties": {"id": 1213237094, "name": "padapuram colony thodu"}, "geometry": {"type": "LineString", "coordinates": [[76.0590562, 11.6035432], [76.0589639, 11.6038093], [76.058864, 11.6040428], [76.0586974, 11.6043038], [76.0586026, 11.6045172], [76.0584693, 11.6047331], [76.0583899, 11.6047808], [76.058354, 11.6048109], [76.0583643, 11.604841], [76.0585001, 11.6048988], [76.058641, 11.6049791], [76.0587256, 11.6050218], [76.0587435, 11.6050645], [76.0586769, 11.6051548], [76.058536, 11.6052653], [76.0584719, 11.6053356], [76.0584463, 11.6054335], [76.0584104, 11.605554], [76.0583207, 11.6056117], [76.0581874, 11.6057799], [76.0580439, 11.6061138], [76.0579286, 11.6062744], [76.0578172, 11.6064039], [76.0577721, 11.6063746], [76.0577356, 11.6063369], [76.0577251, 11.6063678], [76.05771, 11.6064127], [76.0576684, 11.6064689], [76.0575109, 11.6065703], [76.0574641, 11.6066167], [76.0574812, 11.6066504], [76.0574927, 11.6066868], [76.0575633, 11.6068017], [76.0575997, 11.6068775], [76.0576439, 11.6070067], [76.0576697, 11.6070975], [76.0578124, 11.6074746], [76.0580594, 11.6078754], [76.058157, 11.6081223], [76.0582343, 11.6081874], [76.0583408, 11.6082238], [76.0585538, 11.608292], [76.0588374, 11.6083727], [76.0589355, 11.6083916], [76.0589994, 11.6084105], [76.0589782, 11.6085842], [76.0589782, 11.6087674], [76.059214, 11.608847], [76.0597588, 11.6091895], [76.0599825, 11.6094478], [76.0600323, 11.6094715], [76.0603371, 11.6096969], [76.060354, 11.609738], [76.060342, 11.6097812], [76.0604151, 11.6099345], [76.0609257, 11.6102058], [76.0610062, 11.610352], [76.0610537, 11.6104471], [76.0611577, 11.6106553]]}}, {"type": "Feature", "properties": {"id": 1213238476, "name": "Puthurvayal Thodu"}, "geometry": {"type": "LineString", "coordinates": [[76.0848529, 11.5952556], [76.084729, 11.5952136], [76.084574, 11.5951949], [76.084338, 11.5951622], [76.0842354, 11.5951879], [76.0841043, 11.5952837], [76.0839923, 11.5953607], [76.0838683, 11.5953701], [76.0837777, 11.5953327], [76.0837562, 11.595244], [76.0837681, 11.5951295], [76.0837038, 11.5950735], [76.0836155, 11.5950921], [76.0835178, 11.5952019], [76.0834071, 11.5952291]]}}, {"type": "Feature", "properties": {"id": 1213238477, "name": "unnamed"}, "geometry": {"type": "LineString", "coordinates": [[76.0849806, 11.5953098], [76.0848529, 11.5952556]]}}, {"type": "Feature", "properties": {"id": 1213238478, "name": "unnamed"}, "geometry": {"type": "LineString", "coordinates": [[76.0850842, 11.5953537], [76.0849806, 11.5953098]]}}, {"type": "Feature", "properties": {"id": 1213239251, "name": "Puthurvayal thodu"}, "geometry": {"type": "LineString", "coordinates": [[76.0879312, 11.5966999], [76.0876794, 11.5966695], [76.0872602, 11.5966552], [76.0870451, 11.5965945], [76.0868191, 11.5964802], [76.0866515, 11.5963338], [76.0864182, 11.5961803], [76.0862724, 11.5960696], [76.0861448, 11.5959874], [76.0859559, 11.5959906], [76.0856437, 11.5959396], [76.0853836, 11.5959937], [76.0852079, 11.5958822], [76.0851884, 11.5958185], [76.0851982, 11.5956911], [76.0853022, 11.5955796], [76.0852535, 11.5954681], [76.0850842, 11.5953537]]}}, {"type": "Feature", "properties": {"id": 1213239901, "name": "puthurvayal kaythodu"}, "geometry": {"type": "LineString", "coordinates": [[76.0884704, 11.5969671], [76.0883319, 11.5969867], [76.0882275, 11.5969454], [76.0880929, 11.5967822], [76.0880339, 11.5967104]]}}, {"type": "Feature", "properties": {"id": 1213240103, "name": "unnamed"}, "geometry": {"type": "LineString", "coordinates": [[76.0921924, 11.5946466], [76.0921003, 11.5945271], [76.0920606, 11.5944521]]}}, {"type": "Feature", "properties": {"id": 1213240104, "name": "unnamed"}, "geometry": {"type": "LineString", "coordinates": [[76.0919926, 11.5944063], [76.0919429, 11.5943646], [76.0913099, 11.5942974]]}}, {"type": "Feature", "properties": {"id": 1213240105, "name": "unnamed"}, "geometry": {"type": "LineString", "coordinates": [[76.0920606, 11.5944521], [76.0919926, 11.5944063]]}}, {"type": "Feature", "properties": {"id": 1213240626, "name": "puthurvayal thodu"}, "geometry": {"type": "LineString", "coordinates": [[76.0938302, 11.5920186], [76.0937086, 11.5921345], [76.0934716, 11.5925809], [76.093118, 11.5929451], [76.0929576, 11.5934343], [76.0928374, 11.5934879], [76.0923124, 11.5932201], [76.0914777, 11.5940806], [76.0913099, 11.5942974], [76.0908835, 11.5948484], [76.0907817, 11.594946], [76.0907281, 11.5951876], [76.0905919, 11.595384], [76.0904242, 11.5954947], [76.0902165, 11.5956446], [76.0900688, 11.5957696], [76.0899212, 11.5958946], [76.0896296, 11.596016], [76.0894838, 11.5960874], [76.0892375, 11.5962149]]}}, {"type": "Feature", "properties": {"id": 1213240627, "name": "unnamed"}, "geometry": {"type": "LineString", "coordinates": [[76.0891482, 11.5962612], [76.0889734, 11.5963517], [76.0888476, 11.5963439]]}}, {"type": "Feature", "properties": {"id": 1213240628, "name": "unnamed"}, "geometry": {"type": "LineString", "coordinates": [[76.0892375, 11.5962149], [76.0891482, 11.5962612]]}}, {"type": "Feature", "properties": {"id": 1213240629, "name": "unnamed"}, "geometry": {"type": "LineString", "coordinates": [[76.0956168, 11.5890086], [76.0954132, 11.5891349], [76.0952405, 11.5892838], [76.0951734, 11.5893066], [76.0950987, 11.5892535], [76.0950446, 11.5892914], [76.0950265, 11.5893318], [76.0948693, 11.5894757], [76.0946012, 11.5897964], [76.0944131, 11.5901373], [76.0943229, 11.5902181], [76.0941966, 11.5902863], [76.0941089, 11.5904984], [76.0940651, 11.5906372], [76.0938924, 11.5910034], [76.0938744, 11.5910968], [76.0939163, 11.5911561], [76.0940949, 11.5913847], [76.0941678, 11.5915525], [76.0941132, 11.5917489], [76.0939095, 11.591943]]}}, {"type": "Feature", "properties": {"id": 1213240630, "name": "unnamed"}, "geometry": {"type": "LineString", "coordinates": [[76.0939095, 11.591943], [76.0938302, 11.5920186]]}}, {"type": "Feature", "properties": {"id": 1213241034, "name": "Edakunivayal thodu"}, "geometry": {"type": "LineString", "coordinates": [[76.0663782, 11.6225525], [76.0663757, 11.6226793], [76.0662383, 11.622701], [76.0660955, 11.622756], [76.066045, 11.6228447], [76.0660155, 11.6229911], [76.0659776, 11.6231582], [76.0659123, 11.6232489], [76.0657502, 11.6233479], [76.0656533, 11.6234717], [76.0656322, 11.6236594], [76.0656554, 11.6237893], [76.0656259, 11.6240203], [76.0654305, 11.6242615]]}}, {"type": "Feature", "properties": {"id": 1213241035, "name": "Edakunivayal thodu"}, "geometry": {"type": "LineString", "coordinates": [[76.0663803, 11.6224442], [76.0663782, 11.6225525]]}}, {"type": "Feature", "properties": {"id": 1213243362, "name": "maravayal thodu"}, "geometry": {"type": "LineString", "coordinates": [[76.0569081, 11.6238041], [76.0573021, 11.6236214], [76.0578983, 11.6235365], [76.0589042, 11.6236085], [76.0600729, 11.6237449], [76.0602305, 11.6237526], [76.0603776, 11.6236214], [76.0604511, 11.6235108], [76.060572, 11.6235751], [76.0607637, 11.62366], [76.0608372, 11.6235802], [76.060979, 11.6233744], [76.0610274, 11.6233469], [76.0611051, 11.6233487], [76.0613467, 11.6235005], [76.06157, 11.6236343], [76.0618379, 11.6238092], [76.0619035, 11.6238452], [76.0619482, 11.6238452], [76.0620007, 11.6237629], [76.0620585, 11.6235828], [76.0621136, 11.6234722], [76.0622213, 11.623305], [76.0623632, 11.6231712], [76.0625129, 11.6229937], [76.0627098, 11.6228239], [76.0629199, 11.6227287], [76.0634071, 11.6226193]]}}, {"type": "Feature", "properties": {"id": 1213243544, "name": "unnamed"}, "geometry": {"type": "LineString", "coordinates": [[76.077104, 11.6401997], [76.0770359, 11.6401251], [76.0769757, 11.6400779], [76.0768995, 11.6400858], [76.0767552, 11.6402075], [76.0766249, 11.6403195], [76.0764966, 11.6404]]}}, {"type": "Feature", "properties": {"id": 1213243545, "name": "vadothu thodu"}, "geometry": {"type": "LineString", "coordinates": [[76.0763852, 11.6403655], [76.0763001, 11.6403391], [76.0762319, 11.6402861], [76.0761798, 11.6401133], [76.0760655, 11.6400249], [76.0760114, 11.6399523]]}}, {"type": "Feature", "properties": {"id": 1213243546, "name": "unnamed"}, "geometry": {"type": "LineString", "coordinates": [[76.0764966, 11.6404], [76.0763852, 11.6403655]]}}, {"type": "Feature", "properties": {"id": 1213243667, "name": "vadothu thodu"}, "geometry": {"type": "LineString", "coordinates": [[76.0760114, 11.6399523], [76.0757863, 11.6395291], [76.0754855, 11.6392542], [76.0752535, 11.6390053], [76.0751092, 11.6389516], [76.0748052, 11.6387776], [76.0745394, 11.6386434], [76.0743725, 11.6385686], [76.0742332, 11.6385473], [76.0741775, 11.6386065], [76.0741024, 11.638665]]}}, {"type": "Feature", "properties": {"id": 1213243668, "name": "unnamed"}, "geometry": {"type": "LineString", "coordinates": [[76.0740166, 11.638658], [76.0739439, 11.638644], [76.0738878, 11.6386696], [76.073444, 11.6385088], [76.0729436, 11.6384558], [76.0726528, 11.6380584], [76.0726934, 11.6375483], [76.0730045, 11.6374821], [76.0731194, 11.6371244], [76.0731397, 11.6361043], [76.0727001, 11.6359785], [76.0712172, 11.6355052], [76.0710304, 11.6354672]]}}, {"type": "Feature", "properties": {"id": 1213243669, "name": "unnamed"}, "geometry": {"type": "LineString", "coordinates": [[76.0741024, 11.638665], [76.0740166, 11.638658]]}}, {"type": "Feature", "properties": {"id": 1213244370, "name": "unnamed"}, "geometry": {"type": "LineString", "coordinates": [[76.0709226, 11.6354453], [76.0704819, 11.6353558], [76.069102, 11.6352763], [76.068571, 11.6356208], [76.0684248, 11.6357346], [76.0678591, 11.6357222], [76.0672138, 11.6355801], [76.065973, 11.6349857], [76.06488, 11.6346459]]}}, {"type": "Feature", "properties": {"id": 1213244371, "name": "unnamed"}, "geometry": {"type": "LineString", "coordinates": [[76.0710304, 11.6354672], [76.0709226, 11.6354453]]}}, {"type": "Feature", "properties": {"id": 1213244541, "name": "unnamed"}, "geometry": {"type": "LineString", "coordinates": [[76.0647481, 11.634605], [76.0645704, 11.6345497], [76.0632223, 11.6340547]]}}, {"type": "Feature", "properties": {"id": 1213244542, "name": "unnamed"}, "geometry": {"type": "LineString", "coordinates": [[76.06488, 11.6346459], [76.0647481, 11.634605]]}}, {"type": "Feature", "properties": {"id": 1213509426, "name": "unnamed"}, "geometry": {"type": "LineString", "coordinates": [[76.0852212, 11.6111217], [76.0852405, 11.6112409], [76.0852092, 11.6113421], [76.085141, 11.6115463], [76.0850689, 11.6116877], [76.0849726, 11.6117938], [76.0845978, 11.6118782]]}}, {"type": "Feature", "properties": {"id": 1213509427, "name": "unnamed"}, "geometry": {"type": "LineString", "coordinates": [[76.085186, 11.6109071], [76.0852212, 11.6111217]]}}, {"type": "Feature", "properties": {"id": 1213509830, "name": "emily nagar thodu"}, "geometry": {"type": "LineString", "coordinates": [[76.0860151, 11.6237634], [76.08594, 11.6236516], [76.085943, 11.6235839], [76.0860151, 11.6235045], [76.0860271, 11.6234221], [76.0860421, 11.6233544], [76.0860541, 11.6232573], [76.0860391, 11.6231808], [76.0859736, 11.623121], [76.0859331, 11.623055], [76.0857616, 11.6227656], [76.0855292, 11.6225157], [76.085376, 11.6224046], [76.0852513, 11.6221269], [76.0851379, 11.6219658], [76.0850131, 11.6217492], [76.0849451, 11.6215159], [76.0851209, 11.6213381], [76.0851031, 11.6213077]]}}, {"type": "Feature", "properties": {"id": 1213513576, "name": "nedungod vayal thodu"}, "geometry": {"type": "LineString", "coordinates": [[76.0746263, 11.6286921], [76.0744016, 11.6286404], [76.0742676, 11.6285309], [76.0741075, 11.6284893], [76.0740198, 11.6285384], [76.0739613, 11.6285518], [76.0738747, 11.6285545], [76.073799, 11.6285173], [76.073709, 11.6284218]]}}, {"type": "Feature", "properties": {"id": 1213514003, "name": "nedungod vayal thodu"}, "geometry": {"type": "LineString", "coordinates": [[76.077653, 11.6271844], [76.0774404, 11.6272726], [76.0774179, 11.6274146], [76.0773554, 11.6275322], [76.0772812, 11.6275294], [76.077093, 11.6275224], [76.076861, 11.6274641], [76.0765042, 11.6275224], [76.0765161, 11.6277554], [76.0761486, 11.6279108], [76.0759522, 11.6279202], [76.0757699, 11.6279535], [76.0756023, 11.628025], [76.0754441, 11.6280704], [76.0753227, 11.6281461], [76.0751283, 11.6283125], [76.0749524, 11.6285022], [76.0746263, 11.6286921]]}}, {"type": "Feature", "properties": {"id": 1213515114, "name": "nedungod thodu"}, "geometry": {"type": "LineString", "coordinates": [[76.0780714, 11.6279036], [76.0779692, 11.6278686], [76.0778695, 11.6278387], [76.0776515, 11.6277798], [76.0773849, 11.6277433], [76.0773686, 11.6277436], [76.0773593, 11.6277416], [76.0773436, 11.6277428], [76.0773401, 11.6277327], [76.0773395, 11.6277093], [76.0773322, 11.6276783], [76.0773252, 11.6276448], [76.0772812, 11.6275294]]}}, {"type": "Feature", "properties": {"id": 1213515829, "name": "thazhe muttil thodu"}, "geometry": {"type": "LineString", "coordinates": [[76.1173234, 11.6468355], [76.1173739, 11.6467683], [76.1174163, 11.6467637]]}}, {"type": "Feature", "properties": {"id": 1213516284, "name": "thazhe muttil thodu"}, "geometry": {"type": "LineString", "coordinates": [[76.1174163, 11.6467637], [76.1174163, 11.646815], [76.117465, 11.6468521], [76.1174866, 11.6469086], [76.1175789, 11.6469487], [76.1177213, 11.6469875], [76.1178965, 11.647031], [76.1180903, 11.6470721], [76.1182654, 11.6471499], [76.1183121, 11.6471545], [76.1184452, 11.6470401], [76.1185129, 11.6469944], [76.1185612, 11.646976]]}}, {"type": "Feature", "properties": {"id": 1213516558, "name": "thazhe muttil thodu"}, "geometry": {"type": "LineString", "coordinates": [[76.1185612, 11.646976], [76.1186395, 11.6470537], [76.1186935, 11.6470692], [76.1187551, 11.6470666]]}}, {"type": "Feature", "properties": {"id": 1213516692, "name": "edapetti thodu"}, "geometry": {"type": "LineString", "coordinates": [[76.1008716, 11.6361611], [76.1008773, 11.6361581], [76.1009755, 11.6361818], [76.1011532, 11.636316], [76.1012755, 11.6363517], [76.1014364, 11.6364295], [76.1015866, 11.6364841], [76.1016251, 11.6364998]]}}, {"type": "Feature", "properties": {"id": 1213516693, "name": "unnamed"}, "geometry": {"type": "LineString", "coordinates": [[76.1016251, 11.6364998], [76.1017184, 11.6365377]]}}, {"type": "Feature", "properties": {"id": 1213516694, "name": "parakkal edapetti thodu"}, "geometry": {"type": "LineString", "coordinates": [[76.1017184, 11.6365377], [76.1017261, 11.6365409], [76.1018207, 11.6364848], [76.1019962, 11.6365222], [76.102111, 11.6365472], [76.1022258, 11.6364691], [76.102363, 11.6364785], [76.1024364, 11.6366097], [76.1028005, 11.6366856]]}}, {"type": "Feature", "properties": {"id": 1213519508, "name": "kairali nagar thodu"}, "geometry": {"type": "LineString", "coordinates": [[76.0850193, 11.6188014], [76.084999, 11.6187302], [76.0851244, 11.6186461], [76.0851624, 11.6184259], [76.0851544, 11.6182652], [76.0850333, 11.6180992], [76.0849539, 11.6178965]]}}, {"type": "Feature", "properties": {"id": 1213519509, "name": "kairali nagar thodu"}, "geometry": {"type": "LineString", "coordinates": [[76.0850383, 11.6189389], [76.0850193, 11.6188014]]}}, {"type": "Feature", "properties": {"id": 1213524537, "name": "thazhe nedungod thodu"}, "geometry": {"type": "LineString", "coordinates": [[76.0790385, 11.6303476], [76.0790425, 11.6304237], [76.0790292, 11.630454], [76.0789367, 11.6304514], [76.0789181, 11.6305259]]}}, {"type": "Feature", "properties": {"id": 1213524684, "name": "thazhe nedungod thodu"}, "geometry": {"type": "LineString", "coordinates": [[76.0793237, 11.6303433], [76.0792137, 11.630338], [76.0791064, 11.6303354], [76.0790385, 11.6303476]]}}, {"type": "Feature", "properties": {"id": 1213526487, "name": "unnamed"}, "geometry": {"type": "LineString", "coordinates": [[76.0508325, 11.5876928], [76.0504407, 11.5876004]]}}, {"type": "Feature", "properties": {"id": 1213535598, "name": "Alamthatta thodu"}, "geometry": {"type": "LineString", "coordinates": [[76.0930405, 11.6466418], [76.0929654, 11.6464973], [76.0929842, 11.6463292], [76.0925925, 11.6461216]]}}, {"type": "Feature", "properties": {"id": 1213536084, "name": "Alamthatta thodu"}, "geometry": {"type": "LineString", "coordinates": [[76.0949976, 11.6474039], [76.094581, 11.6475432], [76.0943537, 11.6475275], [76.0943105, 11.6472646], [76.0942679, 11.6471024], [76.0942679, 11.6468504], [76.0942002, 11.6466224], [76.0941251, 11.6464753], [76.0940714, 11.6463593], [76.0939942, 11.6463434], [76.0939273, 11.6463431], [76.0939153, 11.6464381], [76.0938871, 11.6465282], [76.0938789, 11.646584], [76.0938681, 11.6466192], [76.0934706, 11.6465594], [76.0932453, 11.6466434], [76.0930405, 11.6466418]]}}, {"type": "Feature", "properties": {"id": 1213537573, "name": "muttil thodu"}, "geometry": {"type": "LineString", "coordinates": [[76.113622, 11.6431609], [76.1140833, 11.6434866], [76.1145447, 11.6439175], [76.1150489, 11.6443483], [76.1157034, 11.6448107], [76.1157201, 11.6448353]]}}, {"type": "Feature", "properties": {"id": 1213537574, "name": "unnamed"}, "geometry": {"type": "LineString", "coordinates": [[76.1157758, 11.6449171], [76.1155612, 11.6451692], [76.1153359, 11.6455423], [76.1151053, 11.645868], [76.1151053, 11.6459573], [76.1151435, 11.645982], [76.1152621, 11.6460394], [76.1153483, 11.6460922], [76.1154454, 11.6461254], [76.1154747, 11.6461993], [76.1155471, 11.6462732], [76.1155748, 11.6463321], [76.1156164, 11.6464105], [76.1157042, 11.6464467], [76.1157781, 11.6464528], [76.1159045, 11.6465131], [76.1159753, 11.6465659], [76.1160462, 11.6465976], [76.116134, 11.6466218], [76.1162203, 11.6466384], [76.1163157, 11.6465759], [76.1163834, 11.646537], [76.1165819, 11.6466056], [76.116806, 11.6466788], [76.1169788, 11.6467657], [76.1170746, 11.6467817], [76.11721, 11.6467931], [76.1173234, 11.6468355]]}}, {"type": "Feature", "properties": {"id": 1213537575, "name": "unnamed"}, "geometry": {"type": "LineString", "coordinates": [[76.1157201, 11.6448353], [76.1157758, 11.6449171]]}}, {"type": "Feature", "properties": {"id": 1213538111, "name": "muttil thodu"}, "geometry": {"type": "LineString", "coordinates": [[76.1123803, 11.6425674], [76.1124796, 11.6426027], [76.1126465, 11.6426298], [76.1127457, 11.6425944], [76.112872, 11.642537], [76.1130389, 11.6425547], [76.1131015, 11.6426109]]}}, {"type": "Feature", "properties": {"id": 1213538112, "name": "muttil thodu"}, "geometry": {"type": "LineString", "coordinates": [[76.1131828, 11.6426839], [76.1132013, 11.6427005], [76.1133547, 11.6428463], [76.1135712, 11.643023], [76.113622, 11.6431609]]}}, {"type": "Feature", "properties": {"id": 1213538113, "name": "muttil thodu"}, "geometry": {"type": "LineString", "coordinates": [[76.1131015, 11.6426109], [76.1131828, 11.6426839]]}}, {"type": "Feature", "properties": {"id": 1213539610, "name": "chilanjichal thodu"}, "geometry": {"type": "LineString", "coordinates": [[76.1056322, 11.6583585], [76.1059119, 11.6584557], [76.1059892, 11.658486]]}}, {"type": "Feature", "properties": {"id": 1213539611, "name": "chilanjichal thodu"}, "geometry": {"type": "LineString", "coordinates": [[76.1060843, 11.6585233], [76.1062728, 11.6585971], [76.1065492, 11.6586851], [76.1069001, 11.6588226], [76.1072573, 11.6589975], [76.1074806, 11.6592099], [76.107769, 11.6595328], [76.1081249, 11.6592724], [76.1083535, 11.6590904]]}}, {"type": "Feature", "properties": {"id": 1213539612, "name": "chilanjichal thodu"}, "geometry": {"type": "LineString", "coordinates": [[76.1059892, 11.658486], [76.1060843, 11.6585233]]}}, {"type": "Feature", "properties": {"id": 1213540007, "name": "kolavayal thodu"}, "geometry": {"type": "LineString", "coordinates": [[76.1108663, 11.6621838], [76.110753, 11.6622037], [76.1106317, 11.6622006], [76.1105026, 11.6621849], [76.1104401, 11.6621633], [76.1103526, 11.6621381], [76.110166, 11.6621459], [76.1100959, 11.662135], [76.1099858, 11.6621381], [76.1098774, 11.6621584], [76.109757, 11.6621447], [76.1096645, 11.6621525], [76.1096024, 11.6621085]]}}, {"type": "Feature", "properties": {"id": 1213541050, "name": "edappetti thodu"}, "geometry": {"type": "LineString", "coordinates": [[76.1015117, 11.6337453], [76.1015098, 11.6338141], [76.1015572, 11.6338698], [76.1016084, 11.6339144], [76.1016183, 11.6340492], [76.1019496, 11.6344015], [76.1021956, 11.6346453], [76.1023679, 11.6347952], [76.102387, 11.6350577], [76.1025658, 11.6352721], [76.1027801, 11.635556], [76.1028883, 11.6359094], [76.1029605, 11.6360287], [76.1029921, 11.636179], [76.1031048, 11.6362099], [76.1031409, 11.6363601], [76.1032492, 11.6364352], [76.1032872, 11.6366056]]}}, {"type": "Feature", "properties": {"id": 1213541051, "name": "edappetti thodu"}, "geometry": {"type": "LineString", "coordinates": [[76.1011572, 11.6332048], [76.1012437, 11.6332972], [76.1012788, 11.6333406], [76.1013079, 11.6334236], [76.101303, 11.633518], [76.101277, 11.6336642], [76.1012916, 11.6337056]]}}, {"type": "Feature", "properties": {"id": 1213541206, "name": "edappetti thodu"}, "geometry": {"type": "LineString", "coordinates": [[76.0974325, 11.6332196], [76.0975089, 11.6332327], [76.0976296, 11.6332314], [76.0977262, 11.6332367], [76.0978034, 11.633235], [76.0977489, 11.6336833], [76.0976806, 11.6340697], [76.0975061, 11.6346493], [76.097432, 11.6349574], [76.097572, 11.6352628]]}}, {"type": "Feature", "properties": {"id": 1213542234, "name": "edappetti thodu"}, "geometry": {"type": "LineString", "coordinates": [[76.0970827, 11.6328162], [76.0970675, 11.6329203], [76.0970713, 11.6332026], [76.097022, 11.6332732], [76.0968362, 11.633407], [76.0966977, 11.6335398], [76.0967803, 11.6336495], [76.096951, 11.6337279], [76.0970097, 11.6337854], [76.097031, 11.6338663], [76.0971324, 11.6339395], [76.0971084, 11.634057], [76.0970604, 11.6342007], [76.0970337, 11.6342555], [76.0969564, 11.6343156], [76.096975, 11.634441], [76.0970017, 11.6345951], [76.096947, 11.6347472], [76.0969817, 11.6348961], [76.0970004, 11.6350163], [76.0971017, 11.6350972], [76.0972217, 11.6351782], [76.0973364, 11.6352592]]}}, {"type": "Feature", "properties": {"id": 1213544566, "name": "kottakolli ambalathodu"}, "geometry": {"type": "LineString", "coordinates": [[76.1061726, 11.6317184], [76.1062955, 11.6317755], [76.1063794, 11.632114], [76.1063093, 11.6323889], [76.1062646, 11.6325951], [76.106137, 11.6327825], [76.1061179, 11.6330012], [76.1062391, 11.6331012], [76.1063541, 11.6330139], [76.1064579, 11.6329698], [76.1065706, 11.6329963], [76.1066022, 11.6331023], [76.1065661, 11.633226], [76.10653, 11.6333321], [76.1065255, 11.6334646], [76.1066022, 11.6336032], [76.1066721, 11.6337026], [76.106715, 11.6337689], [76.106812, 11.6338772]]}}, {"type": "Feature", "properties": {"id": 1213544567, "name": "kottakolli ambalathodu"}, "geometry": {"type": "LineString", "coordinates": [[76.106812, 11.6339726], [76.106812, 11.6339854], [76.106803, 11.6340804], [76.1067849, 11.6342019], [76.1067691, 11.6342881], [76.1067781, 11.634509], [76.1068007, 11.6346305]]}}, {"type": "Feature", "properties": {"id": 1213544568, "name": "kottakolli ambalathodu"}, "geometry": {"type": "LineString", "coordinates": [[76.106812, 11.6338772], [76.106812, 11.6339726]]}}, {"type": "Feature", "properties": {"id": 1213548004, "name": "kolavayal thodu"}, "geometry": {"type": "LineString", "coordinates": [[76.1110012, 11.6630391], [76.1110251, 11.6630389], [76.1110197, 11.6628865], [76.1110063, 11.6627421], [76.1109849, 11.6625976], [76.1109634, 11.6624242], [76.1109232, 11.6622062]]}}, {"type": "Feature", "properties": {"id": 1213548005, "name": "kolavayal thodu"}, "geometry": {"type": "LineString", "coordinates": [[76.1109232, 11.6622062], [76.1108663, 11.6621838]]}}, {"type": "Feature", "properties": {"id": 1213549024, "name": "edapetti thodu"}, "geometry": {"type": "LineString", "coordinates": [[76.1001387, 11.6357651], [76.1001609, 11.6357807], [76.1002558, 11.6358996], [76.1003961, 11.6359776]]}}, {"type": "Feature", "properties": {"id": 1213549025, "name": "edapetti thodu"}, "geometry": {"type": "LineString", "coordinates": [[76.0973364, 11.6352592], [76.097572, 11.6352628], [76.0978989, 11.6353634], [76.0982725, 11.6355372], [76.0985247, 11.6354641], [76.0988142, 11.6353726], [76.0991598, 11.6357202], [76.0994961, 11.63583], [76.0997202, 11.6357385], [76.0999371, 11.6356952], [76.1000547, 11.6357064]]}}, {"type": "Feature", "properties": {"id": 1213549026, "name": "edapetti thodu"}, "geometry": {"type": "LineString", "coordinates": [[76.1000547, 11.6357064], [76.1001387, 11.6357651]]}}, {"type": "Feature", "properties": {"id": 1213549798, "name": "edappetti thodu"}, "geometry": {"type": "LineString", "coordinates": [[76.1013156, 11.6337576], [76.1014241, 11.6337328], [76.1014749, 11.6337409]]}}, {"type": "Feature", "properties": {"id": 1213549799, "name": "edappetti thodu"}, "geometry": {"type": "LineString", "coordinates": [[76.1014749, 11.6337409], [76.1015117, 11.6337453]]}}, {"type": "Feature", "properties": {"id": 1213551781, "name": "edapetty thodu"}, "geometry": {"type": "LineString", "coordinates": [[76.1011158, 11.6323183], [76.0997726, 11.6331493], [76.0996425, 11.6334121], [76.0997238, 11.6334917], [76.0999795, 11.6337407], [76.1002113, 11.6337917], [76.1002715, 11.6337968], [76.100317, 11.633702], [76.1003132, 11.6335664], [76.1002854, 11.6334231], [76.1002318, 11.6332365], [76.1002827, 11.6331393], [76.1005805, 11.6331735], [76.1006351, 11.6332221], [76.100677, 11.6332707], [76.1007212, 11.6332904], [76.1007655, 11.6333101], [76.1007906, 11.6333019], [76.1008058, 11.6332812], [76.1008111, 11.6331919], [76.1008835, 11.6331367], [76.1009694, 11.6331472], [76.1010616, 11.6331735]]}}, {"type": "Feature", "properties": {"id": 1213551923, "name": "parakkal edapetti thodu"}, "geometry": {"type": "LineString", "coordinates": [[76.1029021, 11.6366878], [76.1028005, 11.6366856]]}}, {"type": "Feature", "properties": {"id": 1214279305, "name": "unnamed"}, "geometry": {"type": "LineString", "coordinates": [[76.1041954, 11.6375798], [76.1042774, 11.6375811], [76.104427, 11.6375783], [76.1044443, 11.6376177], [76.1044213, 11.6377614], [76.1044703, 11.63796]]}}, {"type": "Feature", "properties": {"id": 1214279306, "name": "unnamed"}, "geometry": {"type": "LineString", "coordinates": [[76.1029021, 11.6366878], [76.1030766, 11.6366056], [76.1032872, 11.6366056], [76.1034211, 11.6366618], [76.1034084, 11.6368055], [76.1033637, 11.636993], [76.1034147, 11.6370711], [76.1035391, 11.6370836], [76.1036572, 11.6370586], [76.1038069, 11.6370364], [76.1038807, 11.6370271], [76.1039035, 11.6370965], [76.1039639, 11.6372515], [76.1040358, 11.6375079], [76.1041048, 11.6375783]]}}, {"type": "Feature", "properties": {"id": 1214279307, "name": "unnamed"}, "geometry": {"type": "LineString", "coordinates": [[76.1041048, 11.6375783], [76.1041954, 11.6375798]]}}, {"type": "Feature", "properties": {"id": 1214281604, "name": "edapetti thodu"}, "geometry": {"type": "LineString", "coordinates": [[76.1003961, 11.6359776], [76.1003879, 11.6360543], [76.1003428, 11.6361426], [76.1003834, 11.6362177], [76.1004984, 11.6362597], [76.1005886, 11.6362752], [76.1006586, 11.6362707], [76.100751, 11.6362244], [76.1007567, 11.6362214]]}}, {"type": "Feature", "properties": {"id": 1214281605, "name": "edapetti thodu"}, "geometry": {"type": "LineString", "coordinates": [[76.1007567, 11.6362214], [76.1008716, 11.6361611]]}}, {"type": "Feature", "properties": {"id": 1214282477, "name": "ambalathodu"}, "geometry": {"type": "LineString", "coordinates": [[76.1047885, 11.628924], [76.1049513, 11.6290349], [76.105008, 11.6291008]]}}, {"type": "Feature", "properties": {"id": 1214282478, "name": "ambalathodu"}, "geometry": {"type": "LineString", "coordinates": [[76.1046928, 11.6289673], [76.1047885, 11.628924]]}}, {"type": "Feature", "properties": {"id": 1214282479, "name": "ambalathodu"}, "geometry": {"type": "LineString", "coordinates": [[76.1046505, 11.6289864], [76.1046928, 11.6289673]]}}, {"type": "Feature", "properties": {"id": 1214282579, "name": "ambalathodu"}, "geometry": {"type": "LineString", "coordinates": [[76.104363, 11.6318443], [76.1045831, 11.6317688], [76.1047601, 11.6316479], [76.1049076, 11.6315586], [76.1052203, 11.631514], [76.1055764, 11.6314823], [76.1056064, 11.631514]]}}, {"type": "Feature", "properties": {"id": 1214282879, "name": "thekkanpadi  thodu"}, "geometry": {"type": "LineString", "coordinates": [[76.1242999, 11.6438612], [76.124277, 11.6443376], [76.1247193, 11.6445127], [76.1248534, 11.644602], [76.124831, 11.6446515], [76.1247676, 11.6447912], [76.1246603, 11.6449751], [76.1245477, 11.6452378], [76.1243814, 11.6454795], [76.1243452, 11.6455583], [76.1242944, 11.6456687], [76.124271, 11.6457632]]}}, {"type": "Feature", "properties": {"id": 1214284585, "name": "thekkapadi thodu"}, "geometry": {"type": "LineString", "coordinates": [[76.1263133, 11.6447148], [76.1263296, 11.6448004], [76.1263214, 11.6449258], [76.1263141, 11.6449866]]}}, {"type": "Feature", "properties": {"id": 1214284586, "name": "unnamed"}, "geometry": {"type": "LineString", "coordinates": [[76.1263052, 11.6450612], [76.1262299, 11.6450871], [76.1261164, 11.6450765], [76.1259375, 11.6450406], [76.1257525, 11.6449889]]}}, {"type": "Feature", "properties": {"id": 1214284587, "name": "unnamed"}, "geometry": {"type": "LineString", "coordinates": [[76.1263141, 11.6449866], [76.1263052, 11.6450612]]}}, {"type": "Feature", "properties": {"id": 1214284970, "name": "unnamed"}, "geometry": {"type": "LineString", "coordinates": [[76.1255554, 11.6449132], [76.1253379, 11.6448375], [76.1251651, 11.6447699], [76.1249821, 11.6446842], [76.1248534, 11.644602]]}}, {"type": "Feature", "properties": {"id": 1214284971, "name": "unnamed"}, "geometry": {"type": "LineString", "coordinates": [[76.1257525, 11.6449889], [76.1255554, 11.6449132]]}}, {"type": "Feature", "properties": {"id": 1214285858, "name": "thekkanpadi  thodu"}, "geometry": {"type": "LineString", "coordinates": [[76.123787, 11.6476239], [76.1237676, 11.6477487], [76.123717, 11.6479623], [76.1236757, 11.6482965]]}}, {"type": "Feature", "properties": {"id": 1214285859, "name": "thekkanpadi  thodu"}, "geometry": {"type": "LineString", "coordinates": [[76.1237511, 11.6475121], [76.123787, 11.6476239]]}}, {"type": "Feature", "properties": {"id": 1214488357, "name": "chundakkara thodu"}, "geometry": {"type": "LineString", "coordinates": [[76.0620127, 11.6802703], [76.0623996, 11.6800325], [76.0625592, 11.6799748], [76.0630824, 11.6797279], [76.0636286, 11.6795125], [76.0638267, 11.6796709], [76.0638331, 11.6798271], [76.0641967, 11.6800208], [76.064554, 11.680127], [76.0648028, 11.6800895], [76.0650261, 11.6801707], [76.0654726, 11.6800645], [76.0659766, 11.680152], [76.0661984, 11.6801827]]}}, {"type": "Feature", "properties": {"id": 1214488358, "name": "chundakkara thodu"}, "geometry": {"type": "LineString", "coordinates": [[76.0663145, 11.6801987], [76.0663195, 11.6801994]]}}, {"type": "Feature", "properties": {"id": 1214488359, "name": "chundakkara thodu"}, "geometry": {"type": "LineString", "coordinates": [[76.0661984, 11.6801827], [76.0663145, 11.6801987]]}}, {"type": "Feature", "properties": {"id": 1214491880, "name": "unnamed"}, "geometry": {"type": "LineString", "coordinates": [[76.1132362, 11.5592528], [76.1131429, 11.5592931], [76.113106, 11.5593293], [76.1131017, 11.5593718], [76.1131082, 11.5594206]]}}, {"type": "Feature", "properties": {"id": 1214491881, "name": "unnamed"}, "geometry": {"type": "LineString", "coordinates": [[76.1131082, 11.5594206], [76.1130388, 11.5594228]]}}, {"type": "Feature", "properties": {"id": 1214711343, "name": "mandad thodu"}, "geometry": {"type": "LineString", "coordinates": [[76.1280104, 11.6354143], [76.1273419, 11.6356728], [76.1274864, 11.6358938], [76.1275616, 11.6360998]]}}, {"type": "Feature", "properties": {"id": 1214711344, "name": "mandad thodu"}, "geometry": {"type": "LineString", "coordinates": [[76.1275002, 11.6316234], [76.1275136, 11.631781], [76.1274573, 11.6321514], [76.1274492, 11.6324036], [76.1274546, 11.6326401], [76.1275056, 11.6329185], [76.1274922, 11.6330604], [76.127519, 11.6332706], [76.1275646, 11.6334387], [76.1276665, 11.633683], [76.127704, 11.6338275], [76.1278006, 11.6340114], [76.1278757, 11.6341874], [76.1279186, 11.6343293], [76.1280232, 11.634571], [76.128101, 11.6347707], [76.1281734, 11.6349729], [76.1282459, 11.6351516], [76.1281332, 11.6352251], [76.1280474, 11.6352856], [76.1279496, 11.6353418], [76.1279532, 11.635346]]}}, {"type": "Feature", "properties": {"id": 1214711345, "name": "mandad thodu"}, "geometry": {"type": "LineString", "coordinates": [[76.1280104, 11.6354143], [76.1279532, 11.635346]]}}, {"type": "Feature", "properties": {"id": 1214714199, "name": "edatharavayal thodu"}, "geometry": {"type": "LineString", "coordinates": [[76.121816, 11.6345827], [76.1217155, 11.634638], [76.1217877, 11.6347856], [76.121834, 11.6348363], [76.1218711, 11.634912], [76.1219684, 11.6350129], [76.1220399, 11.6351053], [76.1220657, 11.6351782], [76.1221372, 11.6352735], [76.1222558, 11.6352663], [76.1223376, 11.6354737], [76.1224531, 11.6357518], [76.1223088, 11.635813], [76.1222558, 11.6359026], [76.1222935, 11.6359688], [76.122344, 11.6360402], [76.1223885, 11.6361353], [76.1223784, 11.6362225], [76.1223397, 11.6362837], [76.1222797, 11.6362977], [76.1222854, 11.6363789], [76.1223226, 11.6364518], [76.1223324, 11.6364567]]}}, {"type": "Feature", "properties": {"id": 1214714236, "name": "edatharavayal thodu"}, "geometry": {"type": "LineString", "coordinates": [[76.1224913, 11.6364442], [76.1225266, 11.636422], [76.1225994, 11.6364683], [76.1227435, 11.636524], [76.1227343, 11.6365393]]}}, {"type": "Feature", "properties": {"id": 1214714237, "name": "edatharavayal thodu"}, "geometry": {"type": "LineString", "coordinates": [[76.1224818, 11.6365018], [76.1224913, 11.6364442]]}}, {"type": "Feature", "properties": {"id": 1214714238, "name": "edatharavayal thodu"}, "geometry": {"type": "LineString", "coordinates": [[76.12244, 11.636511], [76.1224818, 11.6365018]]}}, {"type": "Feature", "properties": {"id": 1214715305, "name": "edatharavayal thodu"}, "geometry": {"type": "LineString", "coordinates": [[76.122691, 11.6366117], [76.1226495, 11.6367023], [76.1227516, 11.636771], [76.1228993, 11.6368133], [76.1229399, 11.6369016], [76.1228948, 11.6369811], [76.1229669, 11.6371314], [76.1230436, 11.6373125], [76.1229759, 11.6374009], [76.1230104, 11.6374932]]}}, {"type": "Feature", "properties": {"id": 1214715306, "name": "edatharavayal thodu"}, "geometry": {"type": "LineString", "coordinates": [[76.1227343, 11.6365393], [76.122691, 11.6366117]]}}, {"type": "Feature", "properties": {"id": 1214717288, "name": "palamangalam thodu"}, "geometry": {"type": "LineString", "coordinates": [[76.1183567, 11.6363506], [76.1182469, 11.6364103], [76.1178821, 11.6364419], [76.1178467, 11.6365493], [76.1179043, 11.6366744], [76.1179585, 11.6368618], [76.1179553, 11.6370149], [76.117984, 11.6372211], [76.1180159, 11.6375179], [76.1180255, 11.6377366], [76.1180382, 11.6379272], [76.1180191, 11.638049], [76.1181052, 11.6381459], [76.1181562, 11.6382896], [76.1182559, 11.6383803], [76.118283, 11.638535], [76.1183687, 11.6387691], [76.1183878, 11.6389191], [76.1183288, 11.6390598], [76.1181483, 11.6391216], [76.1179959, 11.6392288]]}}, {"type": "Feature", "properties": {"id": 1214717289, "name": "palamangalam thodu"}, "geometry": {"type": "LineString", "coordinates": [[76.1184481, 11.6363009], [76.1186331, 11.6362002]]}}, {"type": "Feature", "properties": {"id": 1214717290, "name": "palamangalam thodu"}, "geometry": {"type": "LineString", "coordinates": [[76.1183567, 11.6363506], [76.1184481, 11.6363009]]}}, {"type": "Feature", "properties": {"id": 1214719164, "name": "madaykkal nursery thodu"}, "geometry": {"type": "LineString", "coordinates": [[76.1352998, 11.6442813], [76.1354802, 11.6444934], [76.1356065, 11.6447938], [76.1357148, 11.6450324], [76.1355795, 11.6453151], [76.1357058, 11.6456951], [76.1357058, 11.6461281], [76.1356426, 11.646402]]}}, {"type": "Feature", "properties": {"id": 1214720040, "name": "madaykkal nursery thodu"}, "geometry": {"type": "LineString", "coordinates": [[76.1356426, 11.646402], [76.1356612, 11.6465455], [76.1357112, 11.6469305], [76.1356393, 11.6471682], [76.1355404, 11.6476614], [76.1354864, 11.6479697], [76.1353875, 11.6484188], [76.1353011, 11.6486927], [76.1352481, 11.6489708], [76.135215, 11.649154], [76.1352117, 11.6491757], [76.1350075, 11.6491498], [76.1347856, 11.649149], [76.1347547, 11.6491457]]}}, {"type": "Feature", "properties": {"id": 1214720041, "name": "unnamed"}, "geometry": {"type": "LineString", "coordinates": [[76.1339732, 11.6492839], [76.1339701, 11.6492878]]}}, {"type": "Feature", "properties": {"id": 1214720042, "name": "unnamed"}, "geometry": {"type": "LineString", "coordinates": [[76.1340588, 11.6491753], [76.1339732, 11.6492839]]}}, {"type": "Feature", "properties": {"id": 1214720043, "name": "muttil thodu"}, "geometry": {"type": "LineString", "coordinates": [[76.1346634, 11.6491474], [76.1345371, 11.6491416], [76.134374, 11.649136], [76.134209, 11.6491211], [76.1341085, 11.649123], [76.1340649, 11.6491676], [76.1340588, 11.6491753]]}}, {"type": "Feature", "properties": {"id": 1214720044, "name": "muttil thodu"}, "geometry": {"type": "LineString", "coordinates": [[76.1347547, 11.6491457], [76.1346634, 11.6491474]]}}, {"type": "Feature", "properties": {"id": 1214723036, "name": "thottankolly thodu"}, "geometry": {"type": "LineString", "coordinates": [[76.1574186, 11.6400538], [76.1581095, 11.6403761], [76.1584714, 11.6408595], [76.1585964, 11.6414524], [76.158733, 11.6416199], [76.1588926, 11.6417978], [76.1589589, 11.641909], [76.1591182, 11.6419218], [76.1591952, 11.6420727], [76.1592283, 11.6421859], [76.1591677, 11.6424608], [76.1591122, 11.6425565], [76.1590929, 11.642778], [76.1591122, 11.6428251], [76.1592709, 11.6429005], [76.1594457, 11.6429571]]}}, {"type": "Feature", "properties": {"id": 1214723391, "name": "kaipanimoola thodu"}, "geometry": {"type": "LineString", "coordinates": [[76.1079086, 11.6461984], [76.1079835, 11.6460251], [76.1081332, 11.6458385], [76.1083305, 11.6455852], [76.108453, 11.6454186], [76.1084669, 11.6453972]]}}, {"type": "Feature", "properties": {"id": 1214723680, "name": "kaipanimoola thodu"}, "geometry": {"type": "LineString", "coordinates": [[76.1076588, 11.6510075], [76.1081079, 11.6511807], [76.108312, 11.6515539], [76.1083964, 11.6516489]]}}, {"type": "Feature", "properties": {"id": 1214723779, "name": "kaipanimoola thodu"}, "geometry": {"type": "LineString", "coordinates": [[76.1067095, 11.6511973], [76.1068926, 11.6514831], [76.1071501, 11.6519034], [76.1074247, 11.6524022], [76.1076951, 11.6529825], [76.1079689, 11.6528931], [76.1081211, 11.6532209], [76.1086084, 11.6529957]]}}, {"type": "Feature", "properties": {"id": 1214724053, "name": "kaipanimoola thodu"}, "geometry": {"type": "LineString", "coordinates": [[76.1063085, 11.6522077], [76.106436, 11.652288], [76.10659, 11.6524387], [76.1066711, 11.6526486]]}}, {"type": "Feature", "properties": {"id": 1214724268, "name": "kaipanimoola thodu"}, "geometry": {"type": "LineString", "coordinates": [[76.103172, 11.6498313], [76.1033784, 11.6499304], [76.1035767, 11.6500849], [76.1037345, 11.6501919], [76.1039725, 11.6499268], [76.1041264, 11.649776]]}}, {"type": "Feature", "properties": {"id": 1214724394, "name": "kaipanimoola thodu"}, "geometry": {"type": "LineString", "coordinates": [[76.1044377, 11.6495069], [76.1045922, 11.6497255], [76.1046692, 11.6498743], [76.1047475, 11.6499643], [76.1048564, 11.6500509]]}}, {"type": "Feature", "properties": {"id": 1214725945, "name": "kaipanimoola thodu"}, "geometry": {"type": "LineString", "coordinates": [[76.1048845, 11.6501418], [76.1048904, 11.6501609], [76.104972, 11.6503442], [76.1049652, 11.6503875], [76.1049892, 11.6504074], [76.1050741, 11.6504775], [76.1053234, 11.6506053], [76.1056506, 11.6509305], [76.1060837, 11.6516704], [76.1063085, 11.6522077]]}}, {"type": "Feature", "properties": {"id": 1214725946, "name": "kaipanimoola thodu"}, "geometry": {"type": "LineString", "coordinates": [[76.1048564, 11.6500509], [76.1048845, 11.6501418]]}}, {"type": "Feature", "properties": {"id": 1214727138, "name": "kaipanimoola thodu"}, "geometry": {"type": "LineString", "coordinates": [[76.1061266, 11.65291], [76.1062343, 11.652837], [76.1064078, 11.6527225], [76.1066391, 11.6526026], [76.1066711, 11.6526486], [76.1068296, 11.6528758], [76.1070134, 11.6531891], [76.1072856, 11.6535356], [76.1074947, 11.653905], [76.1077787, 11.6544612], [76.1080729, 11.6549976], [76.1083537, 11.6555993], [76.1083974, 11.655693], [76.1086814, 11.6565473], [76.1086861, 11.657115]]}}, {"type": "Feature", "properties": {"id": 1214728716, "name": "ambalathodu"}, "geometry": {"type": "LineString", "coordinates": [[76.1056786, 11.6315752], [76.1057498, 11.6316591], [76.1058724, 11.6316744], [76.1061726, 11.6317184]]}}, {"type": "Feature", "properties": {"id": 1214728717, "name": "ambalathodu"}, "geometry": {"type": "LineString", "coordinates": [[76.1056064, 11.631514], [76.1056786, 11.6315752]]}}, {"type": "Feature", "properties": {"id": 1214729996, "name": "edatharavayal thodu"}, "geometry": {"type": "LineString", "coordinates": [[76.1223324, 11.6364567], [76.12244, 11.636511]]}}, {"type": "Feature", "properties": {"id": 1214730789, "name": "thekkanpadi  thodu"}, "geometry": {"type": "LineString", "coordinates": [[76.1242442, 11.645833], [76.1242023, 11.6459422], [76.124095, 11.6461576], [76.1237839, 11.646683], [76.1237034, 11.6469247], [76.1236819, 11.6471822], [76.1237463, 11.6474974], [76.1237511, 11.6475121]]}}, {"type": "Feature", "properties": {"id": 1214730790, "name": "thekkanpadi  thodu"}, "geometry": {"type": "LineString", "coordinates": [[76.124271, 11.6457632], [76.1242442, 11.645833]]}}, {"type": "Feature", "properties": {"id": 1214731664, "name": "madeykkal nursery thodu"}, "geometry": {"type": "LineString", "coordinates": [[76.1360663, 11.6453977], [76.1361551, 11.6456875], [76.1358961, 11.6461875], [76.1356612, 11.6465455]]}}, {"type": "Feature", "properties": {"id": 1214733696, "name": "kakkavayal thodu"}, "geometry": {"type": "LineString", "coordinates": [[76.1386847, 11.6487859], [76.1386787, 11.6487866], [76.1386314, 11.6488398], [76.1381045, 11.6488017], [76.1375832, 11.6488316], [76.1373364, 11.6488995], [76.1372373, 11.6489342], [76.1371608, 11.6489552]]}}, {"type": "Feature", "properties": {"id": 1214735273, "name": "kakkavayal thodu"}, "geometry": {"type": "LineString", "coordinates": [[76.1428255, 11.6469079], [76.1427689, 11.6470242], [76.142716, 11.6471586], [76.142665, 11.6472873], [76.1425885, 11.6474217], [76.1425532, 11.6475465], [76.1425022, 11.64756], [76.1424709, 11.6476522], [76.1425454, 11.6477252], [76.1422865, 11.6479307], [76.1420669, 11.6480593], [76.1414289, 11.6483767], [76.1409082, 11.6485709], [76.1407873, 11.6486657], [76.140581, 11.6486877], [76.1403534, 11.6486716], [76.140155, 11.6487267]]}}, {"type": "Feature", "properties": {"id": 1214735274, "name": "kakkavayal thodu"}, "geometry": {"type": "LineString", "coordinates": [[76.1427, 11.6413738], [76.1428286, 11.641548], [76.1429076, 11.6417707], [76.1430619, 11.642067], [76.1431864, 11.6422762], [76.143309, 11.6424175], [76.1434197, 11.642615], [76.143487, 11.642737], [76.1435641, 11.6428823], [76.1436174, 11.6430662], [76.1436708, 11.6432909], [76.1437044, 11.6434884], [76.1436768, 11.6438795], [76.1436768, 11.6440228], [76.1436194, 11.64423], [76.1435601, 11.6444005], [76.143481, 11.6446677], [76.1434628, 11.6448112], [76.1434365, 11.6448636]]}}, {"type": "Feature", "properties": {"id": 1214735275, "name": "kakkavayal thodu"}, "geometry": {"type": "LineString", "coordinates": [[76.142859, 11.6467953], [76.1428255, 11.6469079]]}}, {"type": "Feature", "properties": {"id": 1214735562, "name": "thottankolli thodu"}, "geometry": {"type": "LineString", "coordinates": [[76.1556833, 11.6357393], [76.1556855, 11.6357513], [76.155696, 11.6357528], [76.1557068, 11.6357637], [76.1557189, 11.6357909], [76.1557281, 11.6358165], [76.1556977, 11.6358587]]}}, {"type": "Feature", "properties": {"id": 1214737173, "name": "kaippanimoola thodu"}, "geometry": {"type": "LineString", "coordinates": [[76.1089295, 11.6508023], [76.1086519, 11.6512619], [76.1083887, 11.6515365], [76.1083964, 11.6516489], [76.1084088, 11.6518307], [76.1084231, 11.6520801], [76.1084459, 11.6523042], [76.1084831, 11.6525368], [76.1086033, 11.652761], [76.1086992, 11.6529538], [76.1087088, 11.6529731], [76.1088291, 11.6531239], [76.1090216, 11.6532747], [76.10919, 11.6533312], [76.1092959, 11.6534726], [76.1095076, 11.653614], [76.109777, 11.6536187], [76.1099454, 11.6535433], [76.1102293, 11.6538355], [76.1104747, 11.6540899], [76.1108597, 11.6544764], [76.1111936, 11.6548238]]}}, {"type": "Feature", "properties": {"id": 1214739119, "name": "kaippanimoola thodu"}, "geometry": {"type": "LineString", "coordinates": [[76.1095246, 11.6484086], [76.1094437, 11.6487208], [76.1093779, 11.6490181], [76.1091704, 11.6492312], [76.1090794, 11.6495384], [76.1091624, 11.6496005], [76.1094933, 11.6497361], [76.1095234, 11.6498009], [76.1095225, 11.6498608], [76.1095063, 11.6499031], [76.1095387, 11.6499348], [76.1093659, 11.6501412], [76.1091865, 11.6502944], [76.1090708, 11.650581], [76.1090496, 11.6507071]]}}, {"type": "Feature", "properties": {"id": 1214739120, "name": "kaippanimoola thodu"}, "geometry": {"type": "LineString", "coordinates": [[76.1090496, 11.6507071], [76.1089295, 11.6508023]]}}, {"type": "Feature", "properties": {"id": 1214740025, "name": "kaipanimoola thodu"}, "geometry": {"type": "LineString", "coordinates": [[76.1042063, 11.6498371], [76.1042149, 11.6498437], [76.1041638, 11.6499303], [76.1042183, 11.650027], [76.1043442, 11.6501069], [76.1045007, 11.6501536], [76.1046368, 11.6502202], [76.1046931, 11.6502126], [76.1048038, 11.650299], [76.1048904, 11.650332], [76.1049892, 11.6504074]]}}, {"type": "Feature", "properties": {"id": 1214740026, "name": "kaipanimoola thodu"}, "geometry": {"type": "LineString", "coordinates": [[76.1041264, 11.649776], [76.1042063, 11.6498371]]}}, {"type": "Feature", "properties": {"id": 1214801952, "name": "unnamed"}, "geometry": {"type": "LineString", "coordinates": [[76.1285027, 11.5550662], [76.1283948, 11.5550853]]}}, {"type": "Feature", "properties": {"id": 1214801953, "name": "kunnamangalam vayal thodu"}, "geometry": {"type": "LineString", "coordinates": [[76.1283948, 11.5550853], [76.1282975, 11.55512], [76.127935, 11.5556559], [76.127435, 11.5563936], [76.1269046, 11.5569436], [76.1267786, 11.557093], [76.1265346, 11.5572204], [76.1264086, 11.5572881], [76.126311, 11.5573598], [76.1261931, 11.5574435], [76.1260021, 11.5575749], [76.1259573, 11.5577024], [76.1258842, 11.557794], [76.1257744, 11.5578298], [76.1256606, 11.5577103], [76.1256158, 11.5576426], [76.125563, 11.5576068], [76.1254532, 11.5575669], [76.1253362, 11.5575698], [76.1252772, 11.5576723], [76.1252128, 11.5578037], [76.125068, 11.557964], [76.1248775, 11.5580087], [76.1247917, 11.5579167], [76.124671, 11.5579114], [76.1245315, 11.557943], [76.1244001, 11.5579298], [76.1242418, 11.5579929], [76.1240648, 11.5580297], [76.1238932, 11.558098], [76.1238724, 11.5580934], [76.1238421, 11.5580648], [76.1238269, 11.5580637], [76.1238187, 11.55809], [76.1238187, 11.5581415], [76.1237977, 11.5581655], [76.1237393, 11.5581815], [76.1236774, 11.5581724], [76.1235479, 11.5581449], [76.1234215, 11.5581445], [76.1233244, 11.5582466], [76.1232208, 11.5582905], [76.123126, 11.5583307], [76.1228095, 11.5583675], [76.1223589, 11.5585567], [76.121758, 11.5588195], [76.121463, 11.5589771], [76.1211358, 11.5590927], [76.1209158, 11.5591821], [76.1207635, 11.5592456], [76.1206156, 11.5592819], [76.120487, 11.5592959], [76.120366, 11.559309], [76.1201348, 11.5593622], [76.1200023, 11.5593894], [76.1197525, 11.5594164], [76.1195248, 11.5594443], [76.1193907, 11.5594523], [76.1191671, 11.5594762], [76.1188134, 11.5595001], [76.1186467, 11.5596036], [76.1184881, 11.5596196], [76.118293, 11.5596474], [76.1178661, 11.5598426], [76.1175653, 11.5599143], [76.1173254, 11.55999], [76.1170896, 11.5601852], [76.1167725, 11.5602688], [76.1163863, 11.5601931], [76.1160326, 11.5601652], [76.1155493, 11.5598219], [76.1149264, 11.5596346], [76.1145159, 11.5594751], [76.1144211, 11.559574], [76.11426, 11.5596998], [76.114192, 11.5595927], [76.1140782, 11.559505], [76.114066, 11.5593497], [76.1140253, 11.5592023], [76.1138302, 11.5591466], [76.1136066, 11.5592023], [76.1134033, 11.5592183], [76.1132362, 11.5592528]]}}, {"type": "Feature", "properties": {"id": 1214805719, "name": "kunnamangalam  kunnu thodu"}, "geometry": {"type": "LineString", "coordinates": [[76.1224345, 11.561827], [76.1221946, 11.5616677], [76.1220889, 11.5615761], [76.1219629, 11.5614048], [76.1217921, 11.5612415], [76.1216986, 11.5611021], [76.1216092, 11.5609786], [76.1215942, 11.5609676]]}}, {"type": "Feature", "properties": {"id": 1214805720, "name": "kunnamangalam kunnu thodu"}, "geometry": {"type": "LineString", "coordinates": [[76.1215118, 11.5609071], [76.1214628, 11.5608711], [76.1214211, 11.560422], [76.1215145, 11.5599461], [76.1214729, 11.5598324], [76.1212418, 11.5596574], [76.1210415, 11.5594793], [76.1209158, 11.5591821]]}}, {"type": "Feature", "properties": {"id": 1214805721, "name": "kunnamangalam vayal kaithodu"}, "geometry": {"type": "LineString", "coordinates": [[76.1215942, 11.5609676], [76.1215118, 11.5609071]]}}, {"type": "Feature", "properties": {"id": 1214806576, "name": "unnamed"}, "geometry": {"type": "LineString", "coordinates": [[76.1150315, 11.5502306], [76.114948, 11.5503316], [76.1149314, 11.5505927], [76.1150595, 11.5507119], [76.1150938, 11.5509748], [76.1150207, 11.5512697], [76.1148273, 11.5515553], [76.1146829, 11.5519299]]}}, {"type": "Feature", "properties": {"id": 1214806577, "name": "unnamed"}, "geometry": {"type": "LineString", "coordinates": [[76.1150293, 11.5500765], [76.1150315, 11.5502306]]}}, {"type": "Feature", "properties": {"id": 1214806578, "name": "unnamed"}, "geometry": {"type": "LineString", "coordinates": [[76.1150174, 11.550028], [76.1150293, 11.5500765]]}}, {"type": "Feature", "properties": {"id": 1214812461, "name": "maanivayal -chembothara thodu"}, "geometry": {"type": "LineString", "coordinates": [[76.1146665, 11.5773932], [76.1145745, 11.5774157], [76.1145436, 11.5774378], [76.1144701, 11.5774902], [76.1144099, 11.5775214], [76.1142754, 11.5775336], [76.114148, 11.5775024], [76.113987, 11.5775492], [76.1139003, 11.5776012], [76.1136923, 11.5776523], [76.1135419, 11.5778116], [76.1133305, 11.5778952], [76.1130093, 11.5780227], [76.1128995, 11.5781342], [76.1127288, 11.5782417], [76.1124564, 11.5783254], [76.1121474, 11.5783174], [76.1119645, 11.5782417], [76.1117653, 11.578178], [76.1114766, 11.5782258], [76.1112083, 11.5782258], [76.1110904, 11.5783254], [76.1108668, 11.5784727], [76.1106838, 11.5786042], [76.1103749, 11.578648], [76.1102365, 11.5787285]]}}, {"type": "Feature", "properties": {"id": 1214812462, "name": "maanivayal -chembothara thodu"}, "geometry": {"type": "LineString", "coordinates": [[76.1200026, 11.5765399], [76.1199816, 11.5765471], [76.1199465, 11.576559], [76.1197431, 11.5765741], [76.1195768, 11.5765862], [76.1194196, 11.5764745], [76.1191423, 11.5764806], [76.118976, 11.5765258], [76.1188311, 11.5765228], [76.1185261, 11.5765802], [76.1179931, 11.5766798], [76.1177682, 11.5766798], [76.1175094, 11.5768428], [76.1171419, 11.5769661], [76.1167878, 11.577087], [76.115892, 11.5772499], [76.1156506, 11.5771921], [76.1152804, 11.57715], [76.1150151, 11.5771938], [76.1149443, 11.5771695], [76.1148452, 11.577199], [76.114778, 11.5772493], [76.1147231, 11.5773065], [76.1147196, 11.5773567]]}}, {"type": "Feature", "properties": {"id": 1214812463, "name": "unnamed"}, "geometry": {"type": "LineString", "coordinates": [[76.1147196, 11.5773567], [76.1146665, 11.5773932]]}}, {"type": "Feature", "properties": {"id": 1214813016, "name": "manivayal kallumala thodu"}, "geometry": {"type": "LineString", "coordinates": [[76.1147936, 11.5776175], [76.1147858, 11.5776105], [76.1147018, 11.5775487], [76.1145436, 11.5774378]]}}, {"type": "Feature", "properties": {"id": 1214813017, "name": "manivayal kallumala thodu"}, "geometry": {"type": "LineString", "coordinates": [[76.1149936, 11.5777615], [76.1149002, 11.5777134], [76.1148701, 11.5776863]]}}, {"type": "Feature", "properties": {"id": 1214813018, "name": "manivayal kallumala thodu"}, "geometry": {"type": "LineString", "coordinates": [[76.1148701, 11.5776863], [76.1147936, 11.5776175]]}}, {"type": "Feature", "properties": {"id": 1214813167, "name": "unnamed"}, "geometry": {"type": "LineString", "coordinates": [[76.120563, 11.5825169], [76.1205347, 11.582087], [76.1205537, 11.5818928]]}}, {"type": "Feature", "properties": {"id": 1214813168, "name": "unnamed"}, "geometry": {"type": "LineString", "coordinates": [[76.1205537, 11.5818928], [76.1205633, 11.5817941]]}}, {"type": "Feature", "properties": {"id": 1214813656, "name": "thanikkuni thodu"}, "geometry": {"type": "LineString", "coordinates": [[76.1023959, 11.5873788], [76.102278, 11.5873191], [76.1021357, 11.5873031], [76.1021113, 11.5872195], [76.102034, 11.5869965], [76.1019788, 11.5869333], [76.1019121, 11.5868571], [76.1017081, 11.586718], [76.1014601, 11.5865707], [76.1011105, 11.5864074], [76.1008137, 11.586256], [76.1005291, 11.586041], [76.100269, 11.5858339], [76.1000006, 11.5856188], [76.0999153, 11.5854794]]}}, {"type": "Feature", "properties": {"id": 1214813657, "name": "unnamed"}, "geometry": {"type": "LineString", "coordinates": [[76.0998402, 11.5853967], [76.0997201, 11.5852644], [76.0995006, 11.5850294], [76.0992539, 11.5847733]]}}, {"type": "Feature", "properties": {"id": 1214813658, "name": "unnamed"}, "geometry": {"type": "LineString", "coordinates": [[76.0999153, 11.5854794], [76.0998402, 11.5853967]]}}, {"type": "Feature", "properties": {"id": 1214814101, "name": "kottavayal thodu"}, "geometry": {"type": "LineString", "coordinates": [[76.1063679, 11.5834991], [76.1062392, 11.5835942], [76.1060074, 11.5836459], [76.1059328, 11.5836676], [76.1058381, 11.583695], [76.1057751, 11.5837288], [76.1057304, 11.5837159], [76.105707, 11.5836392], [76.1056533, 11.5835466], [76.1057, 11.5834093], [76.1054637, 11.5830397], [76.105248, 11.5828344], [76.1050693, 11.5825929], [76.1050286, 11.582334]]}}, {"type": "Feature", "properties": {"id": 1214814453, "name": "unnamed"}, "geometry": {"type": "LineString", "coordinates": [[76.1063602, 11.5846356], [76.1063315, 11.5845987], [76.1061851, 11.5844115], [76.1060103, 11.5841845], [76.1059087, 11.5840969], [76.1059241, 11.584083]]}}, {"type": "Feature", "properties": {"id": 1214814454, "name": "unnamed"}, "geometry": {"type": "LineString", "coordinates": [[76.1059989, 11.5840155], [76.1060069, 11.5840083], [76.1059648, 11.5839374], [76.1059505, 11.5838237], [76.1059328, 11.5836676]]}}, {"type": "Feature", "properties": {"id": 1214814455, "name": "unnamed"}, "geometry": {"type": "LineString", "coordinates": [[76.1059241, 11.584083], [76.1059989, 11.5840155]]}}, {"type": "Feature", "properties": {"id": 1214814456, "name": "unnamed"}, "geometry": {"type": "LineString", "coordinates": [[76.106422, 11.5847153], [76.1063602, 11.5846356]]}}, {"type": "Feature", "properties": {"id": 1214814457, "name": "unnamed"}, "geometry": {"type": "LineString", "coordinates": [[76.1064738, 11.5847819], [76.106422, 11.5847153]]}}, {"type": "Feature", "properties": {"id": 1214815584, "name": "melemandakakuni thodu"}, "geometry": {"type": "LineString", "coordinates": [[76.1032906, 11.5877261], [76.1031645, 11.5877055], [76.1030501, 11.5877032], [76.102924, 11.5875866], [76.1028563, 11.5875134], [76.1027839, 11.5874608], [76.1026788, 11.5874242], [76.1025854, 11.5873373], [76.1024383, 11.587216], [76.1023799, 11.5871337], [76.1023029, 11.5870124], [76.1021955, 11.5869415], [76.1020764, 11.586921], [76.1019788, 11.5869333]]}}, {"type": "Feature", "properties": {"id": 1214817981, "name": "maanivayal -chembothara thodu"}, "geometry": {"type": "LineString", "coordinates": [[76.1062507, 11.5812106], [76.1062029, 11.5812531], [76.1062834, 11.5813214], [76.1064926, 11.5814686], [76.1065141, 11.5815316], [76.1065701, 11.5816813], [76.1064744, 11.5817911], [76.1061965, 11.5818025], [76.1057576, 11.5820084], [76.1056688, 11.5821319]]}}, {"type": "Feature", "properties": {"id": 1214817982, "name": "maanivayal -chembothara thodu"}, "geometry": {"type": "LineString", "coordinates": [[76.1063255, 11.5811439], [76.1062507, 11.5812106]]}}, {"type": "Feature", "properties": {"id": 1214817983, "name": "maanivayal -chembothara thodu"}, "geometry": {"type": "LineString", "coordinates": [[76.1101477, 11.5787802], [76.1100943, 11.5788113], [76.1100293, 11.5788949], [76.109822, 11.5789586], [76.109639, 11.5791498], [76.1095374, 11.5792932], [76.1093951, 11.5793569], [76.1093626, 11.5794716], [76.1086115, 11.5798342], [76.1079095, 11.5798505], [76.1076397, 11.5799737], [76.1075409, 11.5802508], [76.1068467, 11.5808222], [76.1063799, 11.5810954], [76.1063255, 11.5811439]]}}, {"type": "Feature", "properties": {"id": 1214817984, "name": "maanivayal -chembothara thodu"}, "geometry": {"type": "LineString", "coordinates": [[76.1102365, 11.5787285], [76.1101477, 11.5787802]]}}, {"type": "Feature", "properties": {"id": 1214819137, "name": "maanivayal -chembothara thodu"}, "geometry": {"type": "LineString", "coordinates": [[76.1251142, 11.5732281], [76.1250642, 11.573248], [76.1249784, 11.5733794], [76.1248818, 11.5735843], [76.1248336, 11.5738261], [76.1248014, 11.5740468], [76.12456, 11.574215], [76.1242381, 11.574462], [76.1240396, 11.574483], [76.1238036, 11.5746144], [76.1236695, 11.5746302], [76.1233744, 11.5748509], [76.1230043, 11.5751977], [76.1228487, 11.5752293], [76.1226502, 11.5753186], [76.1221192, 11.5757548], [76.121513, 11.5762435], [76.1210516, 11.5764748], [76.1207781, 11.5765589], [76.1205287, 11.5765499], [76.1203676, 11.5764996], [76.1201948, 11.5764744], [76.1200979, 11.5765074]]}}, {"type": "Feature", "properties": {"id": 1214819138, "name": "unnamed"}, "geometry": {"type": "LineString", "coordinates": [[76.1200979, 11.5765074], [76.1200026, 11.5765399]]}}, {"type": "Feature", "properties": {"id": 1214819139, "name": "chembuthara thodu"}, "geometry": {"type": "LineString", "coordinates": [[76.1200543, 11.5783519], [76.1201215, 11.5782514], [76.1202525, 11.5782375], [76.1203622, 11.5782098], [76.1204294, 11.5780988], [76.1204401, 11.5780121], [76.1205002, 11.5779289], [76.1205498, 11.5778006], [76.1205356, 11.5777452], [76.1204507, 11.5776342], [76.1204153, 11.5775094], [76.1204011, 11.5773395], [76.1204011, 11.5772216], [76.1203233, 11.5772078], [76.120295, 11.5771003], [76.1202451, 11.5770699], [76.1202044, 11.5769954], [76.1201, 11.5768185], [76.1200398, 11.5766556], [76.1199816, 11.5765471]]}}, {"type": "Feature", "properties": {"id": 1214827068, "name": "maanivayal -chembothara thodu"}, "geometry": {"type": "LineString", "coordinates": [[76.1264967, 11.5693378], [76.1265674, 11.5693742], [76.1268756, 11.5695785], [76.1271886, 11.569921], [76.1275139, 11.5702356], [76.1277537, 11.5702794], [76.1278797, 11.5702516], [76.1279801, 11.5702348], [76.128279, 11.5705917], [76.1284284, 11.5709668], [76.1281109, 11.5714792], [76.1281109, 11.5717355], [76.1280548, 11.5721015], [76.1277093, 11.5722021], [76.1273227, 11.5724597], [76.1267701, 11.572754], [76.1263141, 11.5729327], [76.1261049, 11.5729537], [76.1257294, 11.5730693], [76.1255363, 11.5730903], [76.1252359, 11.5731797], [76.125211, 11.5731896]]}}, {"type": "Feature", "properties": {"id": 1214827069, "name": "maanivayal -chembothara thodu"}, "geometry": {"type": "LineString", "coordinates": [[76.125211, 11.5731896], [76.1251142, 11.5732281]]}}, {"type": "Feature", "properties": {"id": 1214827579, "name": "maanivayal -chembothara thodu"}, "geometry": {"type": "LineString", "coordinates": [[76.1263992, 11.5692876], [76.1264967, 11.5693378]]}}, {"type": "Feature", "properties": {"id": 1214827580, "name": "maanivayal -chembothara thodu"}, "geometry": {"type": "LineString", "coordinates": [[76.1251993, 11.5682104], [76.1259636, 11.5689831], [76.1263275, 11.5692507], [76.1263992, 11.5692876]]}}, {"type": "Feature", "properties": {"id": 1215075347, "name": "unnamed"}, "geometry": {"type": "LineString", "coordinates": [[76.1216406, 11.5525899], [76.1217052, 11.5527798]]}}, {"type": "Feature", "properties": {"id": 1215075348, "name": "unnamed"}, "geometry": {"type": "LineString", "coordinates": [[76.1217378, 11.5528757], [76.1217453, 11.5528978], [76.1218475, 11.5529779], [76.1218662, 11.5531724], [76.1219372, 11.5533123]]}}, {"type": "Feature", "properties": {"id": 1215075349, "name": "unnamed"}, "geometry": {"type": "LineString", "coordinates": [[76.1217052, 11.5527798], [76.1217378, 11.5528757]]}}, {"type": "Feature", "properties": {"id": 1215075429, "name": "unnamed"}, "geometry": {"type": "LineString", "coordinates": [[76.1226954, 11.5527768], [76.1225854, 11.5529349]]}}, {"type": "Feature", "properties": {"id": 1215075430, "name": "unnamed"}, "geometry": {"type": "LineString", "coordinates": [[76.122527, 11.5530189], [76.1224058, 11.5531931], [76.1223122, 11.5532753], [76.1221371, 11.5533394], [76.1219286, 11.5534904]]}}, {"type": "Feature", "properties": {"id": 1215075431, "name": "unnamed"}, "geometry": {"type": "LineString", "coordinates": [[76.1225854, 11.5529349], [76.122527, 11.5530189]]}}, {"type": "Feature", "properties": {"id": 1215075498, "name": "unnamed"}, "geometry": {"type": "LineString", "coordinates": [[76.1221742, 11.5525077], [76.1221439, 11.5526836]]}}, {"type": "Feature", "properties": {"id": 1215075499, "name": "unnamed"}, "geometry": {"type": "LineString", "coordinates": [[76.1221268, 11.5527829], [76.1220972, 11.5529544], [76.1219372, 11.5533123], [76.1219218, 11.5533466], [76.1219286, 11.5534904], [76.1219588, 11.5541314], [76.121971, 11.5551885], [76.1218812, 11.5559449], [76.1222827, 11.5563264], [76.1230338, 11.5569815], [76.123163, 11.5573787]]}}, {"type": "Feature", "properties": {"id": 1215075500, "name": "unnamed"}, "geometry": {"type": "LineString", "coordinates": [[76.1221439, 11.5526836], [76.1221268, 11.5527829]]}}, {"type": "Feature", "properties": {"id": 1215076062, "name": "attakkad thod"}, "geometry": {"type": "LineString", "coordinates": [[76.123163, 11.5573787], [76.1231565, 11.5574897], [76.1231662, 11.557647], [76.123234, 11.5578674]]}}, {"type": "Feature", "properties": {"id": 1215076064, "name": "attakkad thod"}, "geometry": {"type": "LineString", "coordinates": [[76.123234, 11.5578674], [76.1232657, 11.5579726]]}}, {"type": "Feature", "properties": {"id": 1215077337, "name": "unnamed"}, "geometry": {"type": "LineString", "coordinates": [[76.1232657, 11.5579726], [76.1231585, 11.5581108], [76.1231955, 11.5582165], [76.1232208, 11.5582905]]}}, {"type": "Feature", "properties": {"id": 1215078681, "name": "puzhamoola kaithodu"}, "geometry": {"type": "LineString", "coordinates": [[76.1071017, 11.5567981], [76.1071726, 11.5566351], [76.1072753, 11.5566473], [76.1074874, 11.5567827], [76.1076966, 11.5568825], [76.1078708, 11.5568585], [76.1080063, 11.5568608], [76.108673, 11.5570158], [76.109218, 11.5572308], [76.1093316, 11.5574904], [76.1097025, 11.5578315], [76.1100279, 11.5580837], [76.1102853, 11.5583729], [76.110414, 11.5585731], [76.1105124, 11.5588771], [76.1105089, 11.5591788], [76.1103468, 11.559375], [76.1101847, 11.5595806], [76.1102133, 11.5598515], [76.1102705, 11.5602346], [76.1102678, 11.5605279]]}}, {"type": "Feature", "properties": {"id": 1215919135, "name": "manakkathikkunnu thodu"}, "geometry": {"type": "LineString", "coordinates": [[76.1349231, 11.6351105], [76.1349354, 11.6348449], [76.1348943, 11.6346599], [76.1348327, 11.6344667], [76.1348018, 11.6341298], [76.1347598, 11.6340298], [76.1348508, 11.6339674], [76.1348417, 11.6338671], [76.1348644, 11.6337557], [76.1349373, 11.6336331], [76.134855, 11.6335357], [76.1346298, 11.6335203], [76.1344911, 11.6334665], [76.1343157, 11.6334229], [76.1341678, 11.6333583], [76.1339674, 11.6333897]]}}, {"type": "Feature", "properties": {"id": 1215920548, "name": "unnamed"}, "geometry": {"type": "LineString", "coordinates": [[76.134885, 11.6352126], [76.134907, 11.6352786]]}}, {"type": "Feature", "properties": {"id": 1215920549, "name": "unnamed"}, "geometry": {"type": "LineString", "coordinates": [[76.134478, 11.6370613], [76.1346894, 11.6367905], [76.134665, 11.6360897], [76.1348195, 11.6356119], [76.1349094, 11.635286], [76.134907, 11.6352786]]}}, {"type": "Feature", "properties": {"id": 1215921413, "name": "manakathikkunnu thodu"}, "geometry": {"type": "LineString", "coordinates": [[76.1385679, 11.6361614], [76.1384622, 11.6358826], [76.1383321, 11.6356835], [76.1380882, 11.6353172], [76.137828, 11.6351181], [76.1375271, 11.634919], [76.137397, 11.6348204], [76.1373464, 11.6345507], [76.1371903, 11.6344318], [76.1368867, 11.6343639], [76.1367219, 11.6339646]]}}, {"type": "Feature", "properties": {"id": 1215922326, "name": "anakkunnu thodu"}, "geometry": {"type": "LineString", "coordinates": [[76.1499705, 11.6112653], [76.1499562, 11.6114895], [76.1499419, 11.6118791], [76.1493061, 11.6119578], [76.1488118, 11.6119578], [76.148233, 11.6119815], [76.1474065, 11.6119933]]}}, {"type": "Feature", "properties": {"id": 1215922327, "name": "anakkunnu thodu"}, "geometry": {"type": "LineString", "coordinates": [[76.1500779, 11.611137], [76.1499448, 11.6111784], [76.1499478, 11.6111885]]}}, {"type": "Feature", "properties": {"id": 1215922328, "name": "anakkunnu thodu"}, "geometry": {"type": "LineString", "coordinates": [[76.1499478, 11.6111885], [76.1499705, 11.6112653]]}}, {"type": "Feature", "properties": {"id": 1216023976, "name": "pannikuzhi thodu"}, "geometry": {"type": "LineString", "coordinates": [[76.1339135, 11.6304076], [76.134119, 11.6304651], [76.1343907, 11.6307122], [76.1343519, 11.6311779], [76.134381, 11.6315011], [76.1340996, 11.6318242], [76.1341869, 11.6323992], [76.1341653, 11.6326418], [76.1342095, 11.6328746], [76.1342231, 11.6331462], [76.134164, 11.6332399], [76.1339674, 11.6333897]]}}, {"type": "Feature", "properties": {"id": 1216023977, "name": "unnamed"}, "geometry": {"type": "LineString", "coordinates": [[76.132661, 11.6277929], [76.1330465, 11.62801], [76.133297, 11.6279911], [76.133509, 11.6281327], [76.1335484, 11.6285118], [76.1335936, 11.6286429], [76.1335936, 11.6288295], [76.1335507, 11.628995], [76.1334541, 11.6291894], [76.1334085, 11.6292839], [76.1334166, 11.6294416], [76.1334702, 11.6297542], [76.1334944, 11.6298724], [76.1336312, 11.6299801], [76.1337143, 11.6301062], [76.1338136, 11.6302218], [76.1338726, 11.6303269], [76.1339135, 11.6304076]]}}, {"type": "Feature", "properties": {"id": 1216025762, "name": "manakathykunn thodu"}, "geometry": {"type": "LineString", "coordinates": [[76.1342522, 11.6291236], [76.1342051, 11.629239], [76.1341652, 11.6293793], [76.1341398, 11.6295711], [76.1340709, 11.6297008], [76.1339802, 11.6297895], [76.1339005, 11.6298961], [76.1338767, 11.6300893], [76.1339135, 11.6304076]]}}, {"type": "Feature", "properties": {"id": 1216025763, "name": "manakathykunn thodu"}, "geometry": {"type": "LineString", "coordinates": [[76.1341325, 11.6286139], [76.1341942, 11.6286725], [76.1341924, 11.6287951], [76.1342286, 11.6289229], [76.134239, 11.629011]]}}, {"type": "Feature", "properties": {"id": 1216025764, "name": "manakathykunn thodu"}, "geometry": {"type": "LineString", "coordinates": [[76.134239, 11.629011], [76.1342522, 11.6291236]]}}, {"type": "Feature", "properties": {"id": 1216026621, "name": "seetharamvayal thodu"}, "geometry": {"type": "LineString", "coordinates": [[76.0964808, 11.5680438], [76.0965275, 11.5679614], [76.0965812, 11.5679042], [76.0966256, 11.5678562], [76.096705, 11.5678402], [76.0967704, 11.5678699], [76.0969105, 11.5678926], [76.0969567, 11.5679529], [76.0970584, 11.567962], [76.0972741, 11.5679077], [76.0974682, 11.5678171], [76.0974922, 11.5678633]]}}, {"type": "Feature", "properties": {"id": 1216026771, "name": "seetharamvayal thodu"}, "geometry": {"type": "LineString", "coordinates": [[76.0975383, 11.5679519], [76.0975545, 11.5679831], [76.0975976, 11.5681703], [76.0976993, 11.5683665], [76.0978633, 11.5688576], [76.0979553, 11.569239], [76.0980473, 11.5697175], [76.0980842, 11.5703192], [76.0980314, 11.5706776], [76.0979338, 11.5710441], [76.0979199, 11.5712312]]}}, {"type": "Feature", "properties": {"id": 1216026772, "name": "seetharamvayal thodu"}, "geometry": {"type": "LineString", "coordinates": [[76.0974922, 11.5678633], [76.0975383, 11.5679519]]}}, {"type": "Feature", "properties": {"id": 1216027356, "name": "kunnambetta thodu"}, "geometry": {"type": "LineString", "coordinates": [[76.0925548, 11.5720543], [76.0925791, 11.5720769], [76.0926838, 11.5721855], [76.0929242, 11.5723485], [76.0931337, 11.5724149], [76.0932939, 11.5725598], [76.0933986, 11.5727288], [76.0934972, 11.5728798], [76.0936328, 11.5730307], [76.0936759, 11.5731514], [76.0938177, 11.573242], [76.0938423, 11.5733808], [76.0939964, 11.5735498], [76.0940641, 11.5737551], [76.0942428, 11.573906], [76.0943045, 11.5740871], [76.0943168, 11.5743286], [76.0944277, 11.5744916], [76.0945571, 11.5746485], [76.0946865, 11.5747995], [76.094668, 11.5749323], [76.0946577, 11.5749626]]}}, {"type": "Feature", "properties": {"id": 1216030979, "name": "kk junction thodu"}, "geometry": {"type": "LineString", "coordinates": [[76.1348087, 11.6227921], [76.1346843, 11.6229304], [76.1347628, 11.6233538], [76.13462, 11.6236552], [76.1344571, 11.6237106], [76.1341784, 11.6237616], [76.1339753, 11.6238903], [76.1338644, 11.6241121], [76.1338832, 11.6242113], [76.1335884, 11.6249458], [76.1336477, 11.6254803], [76.1337034, 11.6256417], [76.1337954, 11.6258121], [76.1339204, 11.6259526], [76.1340614, 11.6259577], [76.1341935, 11.6259234], [76.1344622, 11.6259349], [76.1346544, 11.6259045], [76.1347768, 11.6259478], [76.1347808, 11.6260171], [76.134727, 11.6261073], [76.1346692, 11.6262405], [76.1346001, 11.6263681], [76.1344828, 11.6265883], [76.1343517, 11.626913], [76.1342667, 11.6271021], [76.134194, 11.6271847], [76.1341017, 11.6272228], [76.1339796, 11.6272587], [76.1339176, 11.6273389], [76.1339081, 11.6275186], [76.1341258, 11.6283702]]}}, {"type": "Feature", "properties": {"id": 1216030980, "name": "unnamed"}, "geometry": {"type": "LineString", "coordinates": [[76.1356276, 11.6226824], [76.1354491, 11.6226743], [76.1352811, 11.6227559], [76.1350884, 11.6226927], [76.1349331, 11.6226539], [76.1348854, 11.622707]]}}, {"type": "Feature", "properties": {"id": 1216030981, "name": "unnamed"}, "geometry": {"type": "LineString", "coordinates": [[76.1348854, 11.622707], [76.1348087, 11.6227921]]}}, {"type": "Feature", "properties": {"id": 1216034091, "name": "karinkannikunnu thodu"}, "geometry": {"type": "LineString", "coordinates": [[76.1368489, 11.6199935], [76.1371572, 11.6201865], [76.1374528, 11.6203111], [76.1377357, 11.6204387], [76.1379455, 11.6205851], [76.1381394, 11.6207221], [76.1380198, 11.6210878], [76.1379417, 11.6214871], [76.1378289, 11.6218014], [76.1376208, 11.6220902], [76.1375167, 11.6223536], [76.1372652, 11.622413], [76.137005, 11.6224385], [76.1368055, 11.6224385], [76.1366147, 11.6228208], [76.1364152, 11.6227953], [76.1363025, 11.6226339], [76.1362244, 11.622498], [76.1360683, 11.622549], [76.1360163, 11.6227019], [76.1358342, 11.6227528], [76.1356276, 11.6226824]]}}, {"type": "Feature", "properties": {"id": 1216035397, "name": "kattacheri thodu"}, "geometry": {"type": "LineString", "coordinates": [[76.144904, 11.6327406], [76.1447786, 11.6327214], [76.14469, 11.632796], [76.1446728, 11.6328876], [76.14454, 11.6328755], [76.1443973, 11.6327864], [76.1442891, 11.63269], [76.1441563, 11.6326491], [76.1440985, 11.632648]]}}, {"type": "Feature", "properties": {"id": 1216035398, "name": "kattacheri thodu"}, "geometry": {"type": "LineString", "coordinates": [[76.1439898, 11.632646], [76.1439296, 11.6326449], [76.143371, 11.6327412], [76.142949, 11.6328861], [76.1425984, 11.6330888], [76.142354, 11.6331064], [76.1421083, 11.6331408], [76.1419739, 11.6330511], [76.1418339, 11.6331005], [76.1417891, 11.6333143], [76.1418782, 11.6334466], [76.1419098, 11.6335239], [76.1417614, 11.6336012], [76.1417614, 11.6337929], [76.141757, 11.6339379], [76.1416246, 11.6340056], [76.1415305, 11.6339453]]}}, {"type": "Feature", "properties": {"id": 1216035399, "name": "kattacheri thodu"}, "geometry": {"type": "LineString", "coordinates": [[76.1440985, 11.632648], [76.1439898, 11.632646]]}}, {"type": "Feature", "properties": {"id": 1216036418, "name": "anakunnu thodu"}, "geometry": {"type": "LineString", "coordinates": [[76.1474065, 11.6119933], [76.1471392, 11.6119839], [76.1468528, 11.6119744], [76.1466959, 11.6119823], [76.1465095, 11.6120093], [76.1462815, 11.6120855], [76.146086, 11.612165], [76.1457763, 11.6123359], [76.145598, 11.6124293], [76.145414, 11.6125312], [76.1452987, 11.6126064], [76.1451973, 11.6127138], [76.1451635, 11.6127363], [76.1451067, 11.6127741], [76.1450811, 11.6127914], [76.1449319, 11.6130317], [76.1446555, 11.61386], [76.1445091, 11.6139795], [76.1442489, 11.614322], [76.1440619, 11.6148476], [76.1439887, 11.6150786], [76.1441691, 11.6155716]]}}, {"type": "Feature", "properties": {"id": 1216037321, "name": "urappakunnu thodu"}, "geometry": {"type": "LineString", "coordinates": [[76.1664108, 11.6226447], [76.1666422, 11.6228146], [76.1666701, 11.6228458], [76.166892, 11.6230934], [76.1670837, 11.6234519], [76.1672696, 11.6236853], [76.1674091, 11.6239641], [76.167473, 11.6242145], [76.1676328, 11.6244718]]}}, {"type": "Feature", "properties": {"id": 1216037322, "name": "urappakunnu thodu"}, "geometry": {"type": "LineString", "coordinates": [[76.1663578, 11.6225191], [76.1664108, 11.6226447]]}}, {"type": "Feature", "properties": {"id": 1216037323, "name": "oorappakunnu thodu"}, "geometry": {"type": "LineString", "coordinates": [[76.1649731, 11.62087], [76.1650824, 11.6209522], [76.1652269, 11.6211129], [76.1653362, 11.6212066], [76.1655334, 11.6213576], [76.1657071, 11.6214609], [76.165793, 11.6215087], [76.1659004, 11.6216521], [76.1659824, 11.6216808], [76.1661034, 11.6217305], [76.1662166, 11.6217936], [76.1663318, 11.621981], [76.1664021, 11.6221474], [76.1664451, 11.6222927], [76.1664158, 11.6223883], [76.166366, 11.6224309], [76.1663578, 11.6225191]]}}, {"type": "Feature", "properties": {"id": 1216037662, "name": "urappakunnu thodu"}, "geometry": {"type": "LineString", "coordinates": [[76.1663604, 11.6232021], [76.1664634, 11.6230734], [76.1665593, 11.6229273], [76.1666701, 11.6228458]]}}, {"type": "Feature", "properties": {"id": 1216038684, "name": "anakunnu thodu"}, "geometry": {"type": "LineString", "coordinates": [[76.1450622, 11.6123484], [76.1450507, 11.6123747], [76.145067, 11.6124282], [76.1450327, 11.6124476], [76.1450576, 11.6125223], [76.145085, 11.6125895], [76.1451031, 11.6126315], [76.1451635, 11.6127363]]}}, {"type": "Feature", "properties": {"id": 1216038685, "name": "urappakunnu thodu"}, "geometry": {"type": "LineString", "coordinates": [[76.1450369, 11.612297], [76.1450622, 11.6123484]]}}, {"type": "Feature", "properties": {"id": 1216039999, "name": "anakunnu thodu"}, "geometry": {"type": "LineString", "coordinates": [[76.1425644, 11.6169008], [76.1421675, 11.6170675], [76.1417885, 11.6171109], [76.1415669, 11.6173177], [76.1411051, 11.6174595], [76.1406477, 11.6176886], [76.1404132, 11.6178226], [76.1402104, 11.6179159], [76.140059, 11.6180068], [76.1400247, 11.618027]]}}, {"type": "Feature", "properties": {"id": 1216040000, "name": "anakunnu thodu"}, "geometry": {"type": "LineString", "coordinates": [[76.1399381, 11.6180779], [76.1398758, 11.6181145], [76.1398203, 11.6181632], [76.1397398, 11.618249], [76.1396198, 11.6183325], [76.1394794, 11.6184089], [76.1393185, 11.6184912], [76.1391829, 11.6185876], [76.139034, 11.6187099], [76.1387752, 11.6189232], [76.138706, 11.6189832], [76.1386506, 11.6189987], [76.138532, 11.6189852], [76.138449, 11.6189619], [76.1384193, 11.6189697], [76.1383659, 11.6190065], [76.1383066, 11.6190452], [76.1381623, 11.6191149], [76.1380792, 11.6191149], [76.1380377, 11.6190762], [76.1379843, 11.6190452], [76.1379389, 11.6190568], [76.1378677, 11.6190898], [76.1378202, 11.6191517], [76.1377253, 11.6191634], [76.1376759, 11.6191808], [76.1375276, 11.6192892], [76.1374564, 11.6193415], [76.1374292, 11.6193726], [76.1373688, 11.6194417], [76.1372816, 11.6194856], [76.1368532, 11.6195686], [76.1367087, 11.619593], [76.1365867, 11.6196149], [76.1364597, 11.6196613], [76.1364242, 11.6196862]]}}, {"type": "Feature", "properties": {"id": 1216040001, "name": "anakunnu thodu"}, "geometry": {"type": "LineString", "coordinates": [[76.1400247, 11.618027], [76.1399381, 11.6180779]]}}, {"type": "Feature", "properties": {"id": 1216042168, "name": "kadharpadi thodu"}, "geometry": {"type": "LineString", "coordinates": [[76.1393625, 11.6337579], [76.1391916, 11.6337394], [76.1390934, 11.6337276], [76.1390415, 11.6338094], [76.1389242, 11.6338218], [76.1387973, 11.6338581], [76.1387246, 11.6338713], [76.1386704, 11.6338565]]}}, {"type": "Feature", "properties": {"id": 1216042169, "name": "kadharpadi thodu"}, "geometry": {"type": "LineString", "coordinates": [[76.1385695, 11.6338291], [76.1385645, 11.6338278], [76.1382661, 11.6337692], [76.1381701, 11.6337601], [76.1380585, 11.6336842], [76.1379407, 11.6337358], [76.137885, 11.6337965], [76.1377176, 11.6338238], [76.1376029, 11.6337692], [76.1373116, 11.633754], [76.1372373, 11.6338208], [76.1372497, 11.63393], [76.1370978, 11.6339938], [76.1369553, 11.6339968], [76.1368685, 11.6338724], [76.1367219, 11.6339646]]}}, {"type": "Feature", "properties": {"id": 1216042170, "name": "kadharpadi thodu"}, "geometry": {"type": "LineString", "coordinates": [[76.1386704, 11.6338565], [76.1385695, 11.6338291]]}}, {"type": "Feature", "properties": {"id": 1216042374, "name": "karikannikunnu thodu"}, "geometry": {"type": "LineString", "coordinates": [[76.1365455, 11.6185223], [76.1365412, 11.6186492], [76.1363675, 11.618982], [76.1361486, 11.6192334], [76.1359296, 11.6193295], [76.135907, 11.6194849], [76.1360278, 11.6195514], [76.1362014, 11.6195884], [76.1363751, 11.6196402], [76.1364242, 11.6196862], [76.1365185, 11.6197747], [76.1368489, 11.6199935]]}}, {"type": "Feature", "properties": {"id": 1216044619, "name": "karikannikunnu thodu"}, "geometry": {"type": "LineString", "coordinates": [[76.1465992, 11.6241896], [76.1454977, 11.6251284], [76.1450542, 11.625941], [76.1450113, 11.6272161], [76.14514, 11.628309], [76.1450516, 11.6290021], [76.1449137, 11.6296198]]}}, {"type": "Feature", "properties": {"id": 1216174669, "name": "aappalam thodu"}, "geometry": {"type": "LineString", "coordinates": [[76.1937239, 11.5504162], [76.1938154, 11.5505377], [76.1938382, 11.5506369], [76.1939623, 11.5507009], [76.1941452, 11.5507777], [76.1943346, 11.5508417], [76.194332, 11.5508797]]}}, {"type": "Feature", "properties": {"id": 1216174670, "name": "aappalam thodu"}, "geometry": {"type": "LineString", "coordinates": [[76.1943248, 11.5509857], [76.194413, 11.5510049], [76.1945044, 11.5511264], [76.1945991, 11.5512992], [76.1946985, 11.5514141], [76.1947334, 11.5514534]]}}, {"type": "Feature", "properties": {"id": 1216174671, "name": "aappalam thodu"}, "geometry": {"type": "LineString", "coordinates": [[76.194332, 11.5508797], [76.1943248, 11.5509857]]}}, {"type": "Feature", "properties": {"id": 1216175049, "name": "aappalam thodu"}, "geometry": {"type": "LineString", "coordinates": [[76.1951765, 11.5518606], [76.195284, 11.5519448], [76.1954691, 11.5520993], [76.1956396, 11.552252], [76.1960418, 11.5524652], [76.1964711, 11.5527092], [76.1970177, 11.5529195]]}}, {"type": "Feature", "properties": {"id": 1216175050, "name": "aappalam thodu"}, "geometry": {"type": "LineString", "coordinates": [[76.1947334, 11.5514534], [76.1947973, 11.5515251]]}}, {"type": "Feature", "properties": {"id": 1216175071, "name": "naduvilakandi thodu"}, "geometry": {"type": "LineString", "coordinates": [[76.1770583, 11.5459928], [76.1771085, 11.5462009], [76.1771391, 11.5464014], [76.1770983, 11.5466019], [76.1769803, 11.5469068], [76.1770302, 11.5470729], [76.1770945, 11.5472569], [76.1770731, 11.5474303], [76.1770838, 11.5476195], [76.1770462, 11.547793], [76.1770141, 11.5479086], [76.1769658, 11.5479769], [76.1769068, 11.5480032], [76.1767834, 11.5481609], [76.1766815, 11.5482765], [76.1765688, 11.5484342], [76.1764293, 11.5485813], [76.1763221, 11.5486602], [76.1762577, 11.5487653], [76.1761423, 11.5489282], [76.1760726, 11.5490412], [76.1760458, 11.5491411], [76.1759975, 11.5492409], [76.1759653, 11.5493329], [76.1760377, 11.5494407], [76.1760699, 11.5495537], [76.1760565, 11.5496351], [76.1761558, 11.5497481], [76.176204, 11.5498243], [76.1762711, 11.5499137], [76.1763569, 11.5500057], [76.1764508, 11.5500792], [76.1765366, 11.550166], [76.1765983, 11.5502448], [76.1766681, 11.5503131], [76.1767485, 11.5503867], [76.1768236, 11.550455], [76.1768987, 11.5505391], [76.1769738, 11.5506127], [76.1770543, 11.5506837], [76.1771562, 11.550773], [76.1772313, 11.550844], [76.1773332, 11.5509596], [76.1774191, 11.5510463], [76.177529, 11.5511383], [76.1775746, 11.5512513], [76.1776551, 11.5513196], [76.1777436, 11.5513984], [76.1778134, 11.5515062], [76.1778482, 11.5515771], [76.1779206, 11.5516402], [76.1780145, 11.5516665], [76.1780655, 11.5516717]]}}, {"type": "Feature", "properties": {"id": 1216175350, "name": "aappalam thodu"}, "geometry": {"type": "LineString", "coordinates": [[76.1947973, 11.5515251], [76.1949395, 11.5516692], [76.195089, 11.551792], [76.1950976, 11.5517987]]}}, {"type": "Feature", "properties": {"id": 1216175351, "name": "aappalam thodu"}, "geometry": {"type": "LineString", "coordinates": [[76.1950976, 11.5517987], [76.1951765, 11.5518606]]}}, {"type": "Feature", "properties": {"id": 1216175535, "name": "aappalam thodu"}, "geometry": {"type": "LineString", "coordinates": [[76.1971026, 11.5529217], [76.1972267, 11.5529251], [76.1975644, 11.5530753], [76.197679, 11.5531305], [76.1979389, 11.5532557], [76.1982055, 11.5534423], [76.1984975, 11.5537595], [76.1987705, 11.5540953], [76.1988784, 11.5545245], [76.1988784, 11.5548292], [76.1989102, 11.5550345], [76.1988911, 11.5550966], [76.1989165, 11.5551651], [76.1989038, 11.5552957]]}}, {"type": "Feature", "properties": {"id": 1216175536, "name": "aappalam thodu"}, "geometry": {"type": "LineString", "coordinates": [[76.1970177, 11.5529195], [76.1971026, 11.5529217]]}}, {"type": "Feature", "properties": {"id": 1216176672, "name": "ooyalode thodu"}, "geometry": {"type": "LineString", "coordinates": [[76.1986382, 11.5508327], [76.1985556, 11.5510115], [76.1985178, 11.5511531], [76.1985075, 11.5513487], [76.1983973, 11.5514836], [76.1982218, 11.5517095], [76.1982252, 11.5519152], [76.1980675, 11.5520108], [76.1979575, 11.5521152], [76.1978612, 11.5522264], [76.1979265, 11.5522734], [76.1980321, 11.5523432], [76.1979908, 11.552494], [76.1979655, 11.5526493], [76.1979494, 11.5527079], [76.1978529, 11.552906], [76.1977978, 11.5530028], [76.197679, 11.5531305]]}}, {"type": "Feature", "properties": {"id": 1216390369, "name": "kainatty thodu"}, "geometry": {"type": "LineString", "coordinates": [[76.0890314, 11.633607], [76.0888934, 11.6336902], [76.0887836, 11.6338184], [76.0887093, 11.6339259], [76.0886598, 11.6340334], [76.0887129, 11.6341582], [76.0888342, 11.6342304], [76.0888863, 11.6342899], [76.0889535, 11.6343696], [76.0889712, 11.6344251], [76.0890066, 11.6344493], [76.0889818, 11.6345117], [76.0890385, 11.6345741], [76.0891553, 11.6346573], [76.0891942, 11.634789], [76.0892721, 11.6348722], [76.0893358, 11.6349208], [76.0893499, 11.6349832], [76.0893238, 11.6351208], [76.0894516, 11.6353612]]}}, {"type": "Feature", "properties": {"id": 1216391378, "name": "puzhamudi thodu"}, "geometry": {"type": "LineString", "coordinates": [[76.0663141, 11.5974063], [76.0663021, 11.5974405], [76.0661888, 11.5976277], [76.0660296, 11.5978669], [76.0658101, 11.5981443], [76.0655978, 11.5983488], [76.0654775, 11.5985395], [76.0652863, 11.5987094], [76.0649643, 11.5988758], [76.0647979, 11.5990907], [76.0646811, 11.5993612], [76.0647413, 11.5996281], [76.0647484, 11.6000199], [76.0647271, 11.6001481], [76.0646033, 11.6003284], [76.0644546, 11.600474], [76.064352, 11.6005746], [76.064352, 11.6007479], [76.0645006, 11.6008935], [76.0645042, 11.6010322], [76.0644086, 11.6011535], [76.0643343, 11.6012749]]}}, {"type": "Feature", "properties": {"id": 1216391379, "name": "puzhamudi thodu"}, "geometry": {"type": "LineString", "coordinates": [[76.066748, 11.5972394], [76.0666171, 11.5973434], [76.0665321, 11.5973919], [76.0663906, 11.597333], [76.0663446, 11.5973191]]}}, {"type": "Feature", "properties": {"id": 1216391380, "name": "puzhamudi thodu"}, "geometry": {"type": "LineString", "coordinates": [[76.0663446, 11.5973191], [76.0663141, 11.5974063]]}}, {"type": "Feature", "properties": {"id": 1216392004, "name": "padapuram colony kaithodu"}, "geometry": {"type": "LineString", "coordinates": [[76.0575193, 11.6096268], [76.0577285, 11.6095848], [76.0581147, 11.6097109], [76.0583079, 11.6097634], [76.0584527, 11.6097897], [76.0585868, 11.6096111], [76.0588819, 11.609527], [76.0591501, 11.6096426], [76.0592627, 11.609795], [76.0594451, 11.6099526], [76.059767, 11.6100262], [76.0600996, 11.6102311], [76.0602283, 11.6102574], [76.0604966, 11.6103415], [76.0610537, 11.6104471]]}}, {"type": "Feature", "properties": {"id": 1216393402, "name": "Erumakolli thodu"}, "geometry": {"type": "LineString", "coordinates": [[76.110929, 11.5502261], [76.1109554, 11.5502305], [76.1110191, 11.5502852], [76.1111245, 11.550257], [76.1111897, 11.5501945], [76.1112429, 11.5501697], [76.1113236, 11.5501628], [76.1114529, 11.5501803], [76.111567, 11.5501967], [76.111686, 11.5502388], [76.1118309, 11.5502671], [76.1119573, 11.5503297], [76.1120317, 11.5504357], [76.1120793, 11.5505318], [76.1121058, 11.5505827], [76.1125147, 11.5512019], [76.1126846, 11.5518816], [76.1131376, 11.5524364], [76.1135623, 11.5529634], [76.1140012, 11.5533934], [76.114581, 11.5535014]]}}, {"type": "Feature", "properties": {"id": 1216393403, "name": "Erumakolli thodu"}, "geometry": {"type": "LineString", "coordinates": [[76.1106138, 11.5501984], [76.1106931, 11.5502143], [76.110791, 11.5501977], [76.1108781, 11.5501776]]}}, {"type": "Feature", "properties": {"id": 1216393404, "name": "Erumakolli thodu"}, "geometry": {"type": "LineString", "coordinates": [[76.1108781, 11.5501776], [76.110929, 11.5502261]]}}, {"type": "Feature", "properties": {"id": 1216395697, "name": "Rattakolli thodu"}, "geometry": {"type": "LineString", "coordinates": [[76.1247712, 11.5824217], [76.1246818, 11.5821748], [76.124568, 11.5818243], [76.1244948, 11.581665], [76.1243891, 11.5815774], [76.1241755, 11.5815634], [76.1240468, 11.5815266], [76.1240468, 11.5813112], [76.1240414, 11.5810852], [76.123902, 11.5809433], [76.1237947, 11.5808014], [76.1235962, 11.5805281], [76.1235157, 11.5804493], [76.1234848, 11.580369], [76.1232636, 11.580381], [76.123049, 11.5803442], [76.1228237, 11.5803074], [76.1226199, 11.5803389], [76.1224857, 11.5803074], [76.1223731, 11.5801655], [76.1222175, 11.5799658], [76.122062, 11.5798239], [76.1218849, 11.5797504], [76.1215577, 11.5797083], [76.1211178, 11.5797188], [76.1206404, 11.5797451], [76.1202863, 11.5795822], [76.1201737, 11.5795612]]}}, {"type": "Feature", "properties": {"id": 1216397052, "name": "vettukad thodu"}, "geometry": {"type": "LineString", "coordinates": [[76.1314024, 11.5615215], [76.1313702, 11.5616529], [76.1313971, 11.5618185], [76.1313971, 11.5619683], [76.1314239, 11.5620865], [76.131448, 11.5622258], [76.1314883, 11.5622494], [76.1314751, 11.5623249], [76.1315015, 11.5623846], [76.1315036, 11.5624265], [76.1315036, 11.5624822], [76.1315524, 11.5625798], [76.1315768, 11.5626694], [76.1316581, 11.5627411], [76.1317455, 11.5626694], [76.1317719, 11.5627232], [76.1318085, 11.562771], [76.1318715, 11.5628885], [76.131902, 11.562994], [76.1319426, 11.5630518], [76.1319569, 11.5631295], [76.1320057, 11.5631673], [76.1321142, 11.5632415], [76.1322452, 11.5633386], [76.1323089, 11.56346], [76.1323903, 11.5635987], [76.1324504, 11.5637166], [76.1324851, 11.5637592], [76.1325569, 11.5638086], [76.1326537, 11.5639672], [76.1327471, 11.5640442], [76.1327994, 11.5641525], [76.1328098, 11.5642627], [76.1328457, 11.5643558], [76.1329165, 11.5644887], [76.1331825, 11.565193], [76.1332572, 11.5659616], [76.1334253, 11.5666936], [76.133444, 11.5673707], [76.1332946, 11.5680845], [76.1329581, 11.5687433], [76.1325711, 11.5693021], [76.132298, 11.5695276]]}}, {"type": "Feature", "properties": {"id": 1216397710, "name": "vettukad thodu"}, "geometry": {"type": "LineString", "coordinates": [[76.1320388, 11.5696112], [76.131863, 11.5698512], [76.1312189, 11.5702593], [76.1310436, 11.5704269], [76.130698, 11.5707563], [76.1305299, 11.5710125], [76.130161, 11.5714517], [76.1298388, 11.571653], [76.1298143, 11.5716699], [76.1293344, 11.5720007], [76.1283444, 11.5720556], [76.1280548, 11.5721015]]}}, {"type": "Feature", "properties": {"id": 1216397711, "name": "vettukad thodu"}, "geometry": {"type": "LineString", "coordinates": [[76.132298, 11.5695276], [76.1320388, 11.5696112]]}}, {"type": "Feature", "properties": {"id": 1216398130, "name": "kunnambetta thodu"}, "geometry": {"type": "LineString", "coordinates": [[76.0946228, 11.5750652], [76.0946002, 11.5751315], [76.0945468, 11.5752174], [76.0945492, 11.5753181], [76.0946076, 11.575421], [76.0946473, 11.5755011], [76.0946683, 11.575572], [76.0947547, 11.5755788], [76.0947593, 11.5756315], [76.0948317, 11.5756818], [76.0949041, 11.5756452], [76.0949788, 11.575636], [76.0950465, 11.575723], [76.0952077, 11.5757687], [76.0953009, 11.575784]]}}, {"type": "Feature", "properties": {"id": 1216398131, "name": "kunnambetta thodu"}, "geometry": {"type": "LineString", "coordinates": [[76.0946577, 11.5749626], [76.0946228, 11.5750652]]}}, {"type": "Feature", "properties": {"id": 1216398357, "name": "kunnambetta thodu"}, "geometry": {"type": "LineString", "coordinates": [[76.0908095, 11.5702784], [76.0908945, 11.5704171], [76.0911281, 11.5705627], [76.0912838, 11.57075], [76.0912838, 11.5708817], [76.0914607, 11.5709719], [76.0915528, 11.5711453], [76.0916589, 11.5712493], [76.0916039, 11.5713411], [76.0916852, 11.5714606], [76.0917259, 11.5715203], [76.0918194, 11.5715084], [76.0919007, 11.5715203], [76.091917, 11.571608], [76.0919698, 11.5717115], [76.0920877, 11.571819], [76.0922341, 11.5719107], [76.0923682, 11.5719385], [76.0924665, 11.5719817], [76.0924861, 11.5719903]]}}, {"type": "Feature", "properties": {"id": 1216398358, "name": "kunnambetta thodu"}, "geometry": {"type": "LineString", "coordinates": [[76.0924861, 11.5719903], [76.0925548, 11.5720543]]}}, {"type": "Feature", "properties": {"id": 1216399146, "name": "vettukad kaithodu"}, "geometry": {"type": "LineString", "coordinates": [[76.1303951, 11.5724613], [76.1303747, 11.5724075], [76.1303503, 11.5723577], [76.1303137, 11.5723537], [76.13033, 11.5723059], [76.1303097, 11.5722581], [76.1302751, 11.5722263], [76.1302751, 11.5721446], [76.1301694, 11.5721008], [76.1301044, 11.5721167], [76.1300434, 11.5721187], [76.1300088, 11.5720391], [76.129956, 11.5719574], [76.1299357, 11.5718778], [76.129895, 11.571816], [76.1298239, 11.5717444], [76.1298143, 11.5716699]]}}, {"type": "Feature", "properties": {"id": 1216399409, "name": "kottapadi thodu"}, "geometry": {"type": "LineString", "coordinates": [[76.0925288, 11.5708809], [76.0925858, 11.5709466], [76.0926508, 11.5709844], [76.0927524, 11.5710243], [76.0928825, 11.5710721], [76.0928968, 11.5711338], [76.0929029, 11.5712413], [76.0928927, 11.5713389], [76.0929008, 11.5714305], [76.0929374, 11.5715022], [76.0929659, 11.5715799], [76.0930129, 11.571637], [76.0929903, 11.5716695], [76.0929395, 11.5717073], [76.0928277, 11.571775], [76.092661, 11.5718846], [76.0925837, 11.5719383], [76.0924665, 11.5719817]]}}, {"type": "Feature", "properties": {"id": 1216582527, "name": "kattacheri thodu"}, "geometry": {"type": "LineString", "coordinates": [[76.141444, 11.6338898], [76.141308, 11.6338026], [76.1408993, 11.6335715], [76.1406691, 11.6334813], [76.1403697, 11.6335546], [76.1402661, 11.6338083], [76.1399323, 11.6338477], [76.1393625, 11.6337579]]}}, {"type": "Feature", "properties": {"id": 1216582528, "name": "kattacheri thodu"}, "geometry": {"type": "LineString", "coordinates": [[76.1415305, 11.6339453], [76.141444, 11.6338898]]}}, {"type": "Feature", "properties": {"id": 1216583548, "name": "kattancheri thodu"}, "geometry": {"type": "LineString", "coordinates": [[76.1476055, 11.6306557], [76.1472312, 11.6307444], [76.1472725, 11.6309239], [76.1470203, 11.6309683], [76.146778, 11.6310223], [76.1467208, 11.6310899], [76.1465159, 11.631166], [76.1463602, 11.6312673], [76.1461541, 11.6313997], [76.1460766, 11.6314913], [76.1459456, 11.6315568], [76.1459269, 11.6316719], [76.1459228, 11.6316789]]}}, {"type": "Feature", "properties": {"id": 1216583549, "name": "kattancheri thodu"}, "geometry": {"type": "LineString", "coordinates": [[76.1458586, 11.6317882], [76.1458139, 11.6318642]]}}, {"type": "Feature", "properties": {"id": 1216583550, "name": "kattancheri thodu"}, "geometry": {"type": "LineString", "coordinates": [[76.1459228, 11.6316789], [76.1458586, 11.6317882]]}}, {"type": "Feature", "properties": {"id": 1216585476, "name": "kattancheri thodu"}, "geometry": {"type": "LineString", "coordinates": [[76.1507782, 11.6304556], [76.150741, 11.6304583], [76.1506366, 11.6304641], [76.1505323, 11.63047], [76.1504038, 11.6304465], [76.1502954, 11.6303934], [76.1502051, 11.6302597], [76.1500867, 11.6300415], [76.1500124, 11.629953], [76.1498519, 11.6298626], [76.149605, 11.6297387], [76.149371, 11.6297989], [76.1490671, 11.6299215], [76.1489133, 11.6299916], [76.1487309, 11.6299636], [76.1485127, 11.6301632], [76.148409, 11.6302929], [76.1480442, 11.6304995], [76.1476055, 11.6306557]]}}, {"type": "Feature", "properties": {"id": 1216585477, "name": "kattancheri thodu"}, "geometry": {"type": "LineString", "coordinates": [[76.1514174, 11.6305094], [76.151293, 11.6305369], [76.1511424, 11.6305054], [76.1509919, 11.63047], [76.1508815, 11.6304484]]}}, {"type": "Feature", "properties": {"id": 1216585478, "name": "kattancheri thodu"}, "geometry": {"type": "LineString", "coordinates": [[76.1508815, 11.6304484], [76.1507782, 11.6304556]]}}, {"type": "Feature", "properties": {"id": 1216587986, "name": "kadharpadi thodu"}, "geometry": {"type": "LineString", "coordinates": [[76.1367219, 11.6339646], [76.1363322, 11.6340572], [76.1360934, 11.6338949], [76.1357425, 11.6338042], [76.1353428, 11.6337755], [76.1349373, 11.6336331]]}}, {"type": "Feature", "properties": {"id": 1216590553, "name": "kolleri vayal thodu"}, "geometry": {"type": "LineString", "coordinates": [[76.1542244, 11.6179391], [76.1540807, 11.6179574], [76.1537204, 11.6179656], [76.1534018, 11.6179554], [76.1530873, 11.617937], [76.1526333, 11.6179595], [76.1522875, 11.6179615], [76.1519911, 11.6179669], [76.1516499, 11.6179906], [76.1512811, 11.6179804], [76.1509468, 11.617977], [76.1506022, 11.6179939], [76.1503127, 11.6179872], [76.1500576, 11.6179568]]}}, {"type": "Feature", "properties": {"id": 1216591217, "name": "kolleri vayal thodu"}, "geometry": {"type": "LineString", "coordinates": [[76.1500897, 11.6180514], [76.1498543, 11.618026]]}}, {"type": "Feature", "properties": {"id": 1216591218, "name": "kolleri vayal thodu"}, "geometry": {"type": "LineString", "coordinates": [[76.1500576, 11.6179568], [76.1500897, 11.6180514]]}}, {"type": "Feature", "properties": {"id": 1216591986, "name": "oorappakunnu thodu"}, "geometry": {"type": "LineString", "coordinates": [[76.164713, 11.6226548], [76.1650682, 11.6226446], [76.1653216, 11.6226983], [76.1654861, 11.6228237], [76.1656167, 11.6228953], [76.1657159, 11.6230181], [76.1659223, 11.6231486], [76.1659615, 11.6230821], [76.1660294, 11.6229541], [76.1661286, 11.6227827], [76.1662122, 11.6226906], [76.1663578, 11.6225191]]}}, {"type": "Feature", "properties": {"id": 1216686936, "name": "mangalmkunnu thodu"}, "geometry": {"type": "LineString", "coordinates": [[76.1321006, 11.6735004], [76.1320025, 11.6732165], [76.1318201, 11.6729509], [76.1316565, 11.6727449], [76.1315443, 11.672722], [76.1314227, 11.6723969], [76.1312637, 11.672081], [76.1311515, 11.6719436], [76.1310019, 11.6716826], [76.1308336, 11.6713163], [76.1307681, 11.6709866], [76.130525, 11.6704234], [76.1303801, 11.6699106], [76.1305427, 11.6697342], [76.1304498, 11.6689149], [76.1302639, 11.6679704], [76.1295783, 11.6666277], [76.1289625, 11.6657742], [76.1286952, 11.6654329], [76.128184, 11.6656263], [76.1273823, 11.6644884], [76.1268942, 11.6633163], [76.1264759, 11.6629066], [76.1261521, 11.6626783]]}}, {"type": "Feature", "properties": {"id": 1216686937, "name": "mangalmkunnu thodu"}, "geometry": {"type": "LineString", "coordinates": [[76.1260536, 11.6626089], [76.1258891, 11.6624989]]}}, {"type": "Feature", "properties": {"id": 1216686938, "name": "mangalmkunnu thodu"}, "geometry": {"type": "LineString", "coordinates": [[76.1261521, 11.6626783], [76.1260536, 11.6626089]]}}, {"type": "Feature", "properties": {"id": 1216687276, "name": "malakkad thodu"}, "geometry": {"type": "LineString", "coordinates": [[76.1521101, 11.6438527], [76.1521787, 11.6437773]]}}, {"type": "Feature", "properties": {"id": 1216687277, "name": "malakkad thodu"}, "geometry": {"type": "LineString", "coordinates": [[76.1556862, 11.6448872], [76.1557486, 11.6449329], [76.1559206, 11.6451501], [76.1560111, 11.6454605], [76.1560055, 11.6458995], [76.1559747, 11.6463944], [76.1562144, 11.646636], [76.1560178, 11.6470039], [76.156178, 11.6471307], [76.1561719, 11.6472272], [76.1567942, 11.6473419], [76.1571147, 11.6472996], [76.1573243, 11.6472645]]}}, {"type": "Feature", "properties": {"id": 1216687278, "name": "malakkad thodu"}, "geometry": {"type": "LineString", "coordinates": [[76.1514573, 11.6443278], [76.1517187, 11.6440856], [76.1520884, 11.6438766], [76.1521101, 11.6438527]]}}, {"type": "Feature", "properties": {"id": 1216688550, "name": "emily nagar thodu"}, "geometry": {"type": "LineString", "coordinates": [[76.0846565, 11.6191211], [76.0843512, 11.6187475]]}}, {"type": "Feature", "properties": {"id": 1216688551, "name": "emily nagar thodu"}, "geometry": {"type": "LineString", "coordinates": [[76.0847287, 11.6192094], [76.0846565, 11.6191211]]}}, {"type": "Feature", "properties": {"id": 1216689037, "name": "manalvayal thodu"}, "geometry": {"type": "LineString", "coordinates": [[76.0717707, 11.6946249], [76.07138, 11.6946577], [76.0711686, 11.6946755], [76.070533, 11.6946147], [76.0701105, 11.6945744], [76.0700553, 11.6947213], [76.0700282, 11.6948109], [76.0700208, 11.6948917], [76.0699761, 11.6949062], [76.0699194, 11.6949352], [76.0698106, 11.6950548], [76.0696678, 11.695166], [76.0696308, 11.6951981]]}}, {"type": "Feature", "properties": {"id": 1216689038, "name": "unnamed"}, "geometry": {"type": "LineString", "coordinates": [[76.0696308, 11.6951981], [76.0695543, 11.6952646]]}}, {"type": "Feature", "properties": {"id": 1216689363, "name": "unnamed"}, "geometry": {"type": "LineString", "coordinates": [[76.0778252, 11.6949615], [76.0778464, 11.69505], [76.077854, 11.6951592], [76.0778752, 11.695259], [76.0778944, 11.6953701], [76.0779194, 11.6954417], [76.0779316, 11.6954826]]}}, {"type": "Feature", "properties": {"id": 1216689364, "name": "unnamed"}, "geometry": {"type": "LineString", "coordinates": [[76.0781639, 11.6954601], [76.0781183, 11.6954548], [76.0780191, 11.6954784], [76.0779316, 11.6954826]]}}, {"type": "Feature", "properties": {"id": 1216690942, "name": "moothimula thodu"}, "geometry": {"type": "LineString", "coordinates": [[76.1355299, 11.6662339], [76.1352746, 11.6657967], [76.134886, 11.6653674], [76.1345988, 11.6649114], [76.1343347, 11.6646211], [76.1340496, 11.6641244], [76.1339437, 11.6639399], [76.1336259, 11.6633281], [76.1335574, 11.6629689]]}}, {"type": "Feature", "properties": {"id": 1216690943, "name": "unnamed"}, "geometry": {"type": "LineString", "coordinates": [[76.1335371, 11.6628626], [76.1335333, 11.6628426], [76.1332878, 11.6621485], [76.1331164, 11.661477], [76.1327967, 11.6612366], [76.1325975, 11.6611821], [76.1324261, 11.6608827], [76.1320878, 11.6604835], [76.1318479, 11.660289], [76.1317359, 11.6601749], [76.1316501, 11.6599574]]}}, {"type": "Feature", "properties": {"id": 1216690944, "name": "unnamed"}, "geometry": {"type": "LineString", "coordinates": [[76.1335574, 11.6629689], [76.1335371, 11.6628626]]}}, {"type": "Feature", "properties": {"id": 1216691222, "name": "moothimoola thodu"}, "geometry": {"type": "LineString", "coordinates": [[76.1329354, 11.6649891], [76.1334417, 11.6648167], [76.1333183, 11.6645169], [76.1340496, 11.6641244]]}}, {"type": "Feature", "properties": {"id": 1216691365, "name": "poonthottam thodu"}, "geometry": {"type": "LineString", "coordinates": [[76.0949351, 11.6879459], [76.0950342, 11.687944], [76.0954455, 11.6880853], [76.095792, 11.6882832], [76.096059, 11.6885589], [76.0963622, 11.6886225], [76.0965137, 11.6887144], [76.0965137, 11.6889193], [76.0964993, 11.6891031], [76.0967014, 11.6891455], [76.0969901, 11.6891879], [76.0975386, 11.6892374], [76.0980096, 11.6891664], [76.0985608, 11.6892095]]}}, {"type": "Feature", "properties": {"id": 1216691366, "name": "poonthottam thodu"}, "geometry": {"type": "LineString", "coordinates": [[76.094826, 11.6879466], [76.0949351, 11.6879459]]}}, {"type": "Feature", "properties": {"id": 1216692165, "name": "muttil thodu"}, "geometry": {"type": "LineString", "coordinates": [[76.0996296, 11.670601], [76.0997587, 11.6703572], [76.0999077, 11.6701454], [76.1000501, 11.6697898], [76.1001141, 11.6695562], [76.1003313, 11.6693052], [76.1004986, 11.669225], [76.1007157, 11.6691797], [76.1011749, 11.6691484], [76.1014914, 11.6691567], [76.1017106, 11.669163], [76.1019427, 11.6692523], [76.1022148, 11.6693432], [76.1026085, 11.6695266], [76.1029686, 11.6697303], [76.1030742, 11.6699764], [76.1036519, 11.6702632], [76.1039288, 11.6704027], [76.1043177, 11.6705595], [76.1047722, 11.6707225], [76.1048706, 11.6704915], [76.1051307, 11.6705548], [76.1053068, 11.6705986], [76.1054124, 11.6706018], [76.1056876, 11.6707753]]}}, {"type": "Feature", "properties": {"id": 1216692445, "name": "kolavayal thodu"}, "geometry": {"type": "LineString", "coordinates": [[76.1182225, 11.6602833], [76.1183247, 11.660403], [76.1184959, 11.6612787], [76.1185149, 11.6629557], [76.1184396, 11.6637611], [76.1185711, 11.6644305], [76.1186631, 11.6649584], [76.1186762, 11.6656536], [76.1185579, 11.6660012], [76.1189884, 11.6665896], [76.1193357, 11.6670327], [76.119491, 11.6671991]]}}, {"type": "Feature", "properties": {"id": 1216696631, "name": "kurumba-paralikunnu thodu"}, "geometry": {"type": "LineString", "coordinates": [[76.0875286, 11.6671274], [76.0875626, 11.6670805], [76.0876526, 11.6669882], [76.0877235, 11.6669423], [76.0878171, 11.6669152], [76.0879205, 11.6668934], [76.0880259, 11.6669244], [76.0881321, 11.6669419], [76.0882636, 11.6669365], [76.0884283, 11.6669439], [76.0885336, 11.6669083], [76.0888859, 11.6667646], [76.089142, 11.6666958], [76.08961, 11.666613], [76.0898193, 11.6665237], [76.0901234, 11.6663349], [76.090327, 11.6661864], [76.0905759, 11.6660411], [76.0911763, 11.665693], [76.091468, 11.6655343], [76.0917981, 11.6653383], [76.0918394, 11.6653218], [76.091954, 11.6652991], [76.0920542, 11.6653029], [76.0921595, 11.6653014], [76.0925211, 11.665273], [76.0927521, 11.6652671], [76.0929958, 11.6652954], [76.0930097, 11.6651458], [76.0930993, 11.6651597], [76.0932422, 11.6651843], [76.0933085, 11.6651907], [76.0933881, 11.6651973], [76.0934615, 11.665204], [76.0935223, 11.6652056], [76.0935607, 11.6651988], [76.0936113, 11.6651816], [76.093683, 11.6651704], [76.0937649, 11.6651674], [76.0938711, 11.6651587], [76.0939251, 11.6651516], [76.0940953, 11.665137], [76.0941601, 11.6651351], [76.0942421, 11.6651268], [76.0943397, 11.6651175], [76.0944746, 11.6651334], [76.0945542, 11.6651485], [76.094667, 11.6651469], [76.0947971, 11.6651385], [76.0948982, 11.6651411], [76.095079, 11.6651182], [76.0951192, 11.6650706], [76.0951275, 11.6649493], [76.0951292, 11.6648427], [76.0951208, 11.6647378], [76.0950907, 11.6646], [76.0950907, 11.6645115], [76.0951459, 11.6644722], [76.095223, 11.6644607], [76.0953703, 11.6644295], [76.0954774, 11.6644181], [76.0956733, 11.6643836], [76.0957838, 11.6643459], [76.0958675, 11.6642639], [76.0959094, 11.6641705], [76.0959462, 11.6640819], [76.0960031, 11.663995], [76.0960466, 11.6638885], [76.0961554, 11.6638049], [76.0962442, 11.6637409], [76.096348, 11.6636868], [76.0964024, 11.6636694]]}}, {"type": "Feature", "properties": {"id": 1216696975, "name": "mangalath thodu"}, "geometry": {"type": "LineString", "coordinates": [[76.1229772, 11.6680352], [76.1229484, 11.6679646], [76.1228835, 11.6679046], [76.1227753, 11.6677563], [76.1226873, 11.667601], [76.1226977, 11.6675192], [76.1226769, 11.6673813], [76.1225986, 11.6671973], [76.1225204, 11.6670594], [76.1224682, 11.6669777], [76.1224317, 11.6668397], [76.122343, 11.6666405], [76.122296, 11.6664667], [76.1220544, 11.6661613]]}}, {"type": "Feature", "properties": {"id": 1216697724, "name": "mangalath thodu"}, "geometry": {"type": "LineString", "coordinates": [[76.1245453, 11.673979], [76.1244698, 11.6737498], [76.1243489, 11.6734096], [76.1241979, 11.6732174], [76.1240998, 11.6730769], [76.1237674, 11.6718756], [76.1235156, 11.6711359], [76.1232181, 11.6696341], [76.1229892, 11.668603], [76.122985, 11.6684269], [76.122985, 11.6682952], [76.1230136, 11.6681859], [76.1229772, 11.6680352]]}}, {"type": "Feature", "properties": {"id": 1216720036, "name": "varadhoor thodu"}, "geometry": {"type": "LineString", "coordinates": [[76.1035032, 11.6963372], [76.1034943, 11.696357], [76.1034683, 11.6964192], [76.1034471, 11.6964925], [76.1034292, 11.6965787], [76.1034096, 11.6966329], [76.1033836, 11.696644], [76.1032533, 11.6966775], [76.1031247, 11.6966919], [76.1029797, 11.6967174], [76.1029464, 11.6967341]]}}, {"type": "Feature", "properties": {"id": 1216720037, "name": "varadhoor thodu"}, "geometry": {"type": "LineString", "coordinates": [[76.1029464, 11.6967341], [76.1028887, 11.6967743]]}}, {"type": "Feature", "properties": {"id": 1216733205, "name": "maankunnu thodu"}, "geometry": {"type": "LineString", "coordinates": [[76.1337832, 11.5516539], [76.133836, 11.5517427], [76.1338964, 11.551824], [76.1340021, 11.5518388], [76.1341154, 11.5518092], [76.1342437, 11.551787], [76.1343796, 11.55175], [76.1344853, 11.5517131], [76.1346363, 11.5516391], [76.1348024, 11.5515947], [76.1349459, 11.5515355], [76.1350667, 11.5514468], [76.1352102, 11.5513802], [76.1353687, 11.5512988], [76.1354895, 11.5512692], [76.1356556, 11.5512692], [76.1358239, 11.5512598], [76.1360882, 11.5512081], [76.1362769, 11.5512154], [76.1364651, 11.5512966], [76.136508, 11.5513387], [76.1366153, 11.5513807], [76.1366743, 11.5514228], [76.1367333, 11.5514543], [76.1368299, 11.5514438], [76.1368675, 11.5515068], [76.136905, 11.5515594], [76.1370659, 11.5515699], [76.1372001, 11.5515752], [76.1373556, 11.5516015], [76.1375326, 11.5516172], [76.1375809, 11.5517013], [76.1377204, 11.5517434], [76.1377472, 11.5518275], [76.1380705, 11.5520628], [76.1383952, 11.5522034], [76.1389388, 11.5521886], [76.1395352, 11.5520998], [76.1399203, 11.5519814], [76.1401393, 11.5518261], [76.1406149, 11.551434], [76.1415931, 11.5505205], [76.1421407, 11.5504087], [76.1426884, 11.5506546], [76.1429166, 11.5506323], [76.1426656, 11.5501628], [76.1426335, 11.5500244]]}}, {"type": "Feature", "properties": {"id": 1216736837, "name": "luckeyhill thodu"}, "geometry": {"type": "LineString", "coordinates": [[76.1468157, 11.5594866], [76.1471602, 11.5597136], [76.147475, 11.5600045], [76.1475378, 11.5603846], [76.1475207, 11.5606081], [76.1477317, 11.560787], [76.1479942, 11.5609658], [76.1482345, 11.5613194], [76.1482693, 11.5613563], [76.1485938, 11.5617002], [76.1488512, 11.5619282], [76.1489165, 11.5620328], [76.149007, 11.5620497], [76.1490889, 11.5620708], [76.1492165, 11.562041], [76.1495491, 11.5620677], [76.1498616, 11.5620895], [76.1502187, 11.5620895], [76.1504716, 11.5620094], [76.1506427, 11.5621187], [76.1507468, 11.562177], [76.1509849, 11.5623884], [76.1511984, 11.5627511], [76.1514379, 11.5631311], [76.1516546, 11.5634552], [76.1518828, 11.5638016], [76.1521109, 11.564148], [76.152282, 11.5644386], [76.1523847, 11.5646509], [76.152469, 11.5648464], [76.1525563, 11.5651117], [76.1526874, 11.5654626], [76.1528009, 11.5657279], [76.1529058, 11.5660188], [76.1529844, 11.5662413], [76.1530193, 11.5664895], [76.1531241, 11.5667291], [76.1531241, 11.5670714], [76.1528994, 11.5676443], [76.1528601, 11.5680426], [76.1529018, 11.56913], [76.152924, 11.5692848], [76.152963, 11.5693883], [76.1530507, 11.5696131]]}}, {"type": "Feature", "properties": {"id": 1216740863, "name": "aappalam kaithodu"}, "geometry": {"type": "LineString", "coordinates": [[76.1947572, 11.5577936], [76.19505, 11.5579563], [76.1951461, 11.5580419], [76.1953434, 11.557983], [76.1955379, 11.5581209], [76.1957585, 11.5582562], [76.1959289, 11.5583334], [76.1961559, 11.5583947], [76.196328, 11.558433], [76.1964767, 11.5584752], [76.1966371, 11.5585212], [76.1968014, 11.5585787], [76.1969657, 11.5586362], [76.1971105, 11.5586247], [76.1972318, 11.5586132], [76.1974, 11.5586209], [76.1976308, 11.5586745], [76.1977717, 11.5586898], [76.1978656, 11.5587282], [76.1979947, 11.5587818], [76.1981082, 11.5588087], [76.1982568, 11.558801], [76.1983748, 11.5587035]]}}, {"type": "Feature", "properties": {"id": 1216743690, "name": "luckeyhill kaithodu"}, "geometry": {"type": "LineString", "coordinates": [[76.1488335, 11.5575631], [76.1488894, 11.5578642], [76.1489229, 11.5580723], [76.1488559, 11.5583023], [76.1486826, 11.558587], [76.148487, 11.5588225], [76.1485317, 11.5589867], [76.1483801, 11.5592283], [76.1482631, 11.5593429], [76.148282, 11.5594723], [76.1481537, 11.5595314], [76.1480744, 11.5595684]]}}, {"type": "Feature", "properties": {"id": 1216744700, "name": "padarikunnu thodu"}, "geometry": {"type": "LineString", "coordinates": [[76.1183741, 11.6862048], [76.1183699, 11.6862682], [76.1183925, 11.6863265], [76.1184243, 11.6863749], [76.1184344, 11.6864222], [76.1184585, 11.6864743], [76.1184813, 11.6865153], [76.1185321, 11.6865613], [76.1185917, 11.6865924], [76.1186387, 11.6866359], [76.1186691, 11.6866831], [76.1186805, 11.6867402], [76.118697, 11.6867825], [76.1187097, 11.6868558], [76.1187059, 11.6869129], [76.1186983, 11.6869614], [76.1186983, 11.6870061], [76.1187199, 11.6870558], [76.1187719, 11.6870906], [76.1187985, 11.6871527], [76.11881, 11.6872124], [76.1188569, 11.6873291], [76.1188912, 11.6873938], [76.1188937, 11.6874596], [76.1189051, 11.6875217], [76.1188797, 11.6875727], [76.1188455, 11.6876323], [76.1188315, 11.6876746], [76.1188112, 11.6877255], [76.1188011, 11.6877441], [76.1187795, 11.6878013], [76.1187567, 11.6878684], [76.1187427, 11.687923], [76.1187605, 11.6879852], [76.118763, 11.6880287], [76.1187516, 11.6880721], [76.1187503, 11.6881007], [76.1187808, 11.688143], [76.1188023, 11.6881728], [76.1188087, 11.6882138], [76.1188087, 11.6882722], [76.1188125, 11.6883504], [76.118815, 11.6883778], [76.1187897, 11.68843], [76.118777, 11.6884573], [76.1187808, 11.6885058], [76.1187833, 11.6885443], [76.1187529, 11.6885728], [76.1187313, 11.6885965], [76.1187249, 11.6886337], [76.1187224, 11.688666], [76.1187242, 11.6886964], [76.1187273, 11.6887341], [76.1187312, 11.6887613], [76.1187381, 11.6887832], [76.1187535, 11.6887922], [76.1187943, 11.688805], [76.1188143, 11.6888126], [76.1188644, 11.688836], [76.1188844, 11.6888586], [76.1189083, 11.688882], [76.1189214, 11.6889061], [76.1189276, 11.6889325], [76.1189268, 11.6889619], [76.1189137, 11.6889921], [76.1189145, 11.6890253], [76.1189114, 11.6890562], [76.1188968, 11.6890728], [76.1188783, 11.6890902], [76.1188737, 11.689112], [76.118876, 11.6891286], [76.1188898, 11.6891422], [76.1189206, 11.6891724], [76.118943, 11.6891958], [76.1189615, 11.6892146], [76.1189838, 11.6892523], [76.1190123, 11.6892818], [76.1190285, 11.6893036], [76.1190493, 11.689318], [76.1190716, 11.6893346], [76.1190832, 11.6893602], [76.1190755, 11.6893964], [76.1190601, 11.6894303], [76.1190539, 11.689462], [76.1190408, 11.689499], [76.1190323, 11.6895344], [76.1190191, 11.6895665], [76.1190109, 11.689595], [76.1190045, 11.6896315], [76.1189963, 11.68966], [76.1189963, 11.6896983], [76.1190036, 11.6897313], [76.11902, 11.6897616], [76.1190418, 11.6897812], [76.1190527, 11.6898168], [76.1190609, 11.6898524], [76.1190809, 11.6898783], [76.1190927, 11.6899246], [76.1190955, 11.689954], [76.1190964, 11.6899905], [76.1190993, 11.6900864], [76.1191202, 11.6901355], [76.1191474, 11.690203], [76.1192038, 11.6902706], [76.1193292, 11.6903258], [76.1194149, 11.6903545], [76.1195006, 11.6903934], [76.1195842, 11.6904241], [76.1197012, 11.6904425], [76.1197785, 11.6904609], [76.1198621, 11.6904998], [76.1199708, 11.6905223], [76.1201066, 11.6905141], [76.1202195, 11.6905141], [76.1203114, 11.690555], [76.1203741, 11.6905817], [76.1204243, 11.6906185], [76.1204684, 11.6906895]]}}, {"type": "Feature", "properties": {"id": 1216745048, "name": "jaihind colony thodu"}, "geometry": {"type": "LineString", "coordinates": [[76.1552809, 11.5789468], [76.1553094, 11.5789472], [76.155393, 11.5789924], [76.1555381, 11.5790182], [76.1556301, 11.5789278], [76.1556978, 11.5788282], [76.1558057, 11.5787226], [76.1559905, 11.5785143], [76.1560552, 11.5784026], [76.1563884, 11.5779156], [76.1565815, 11.577348], [76.1570965, 11.5771168], [76.1579119, 11.5771378], [76.1581479, 11.5776423], [76.1585556, 11.5780417], [76.1590919, 11.5782582], [76.1592141, 11.5782364], [76.1593106, 11.5781681], [76.1595011, 11.5780472], [76.1597747, 11.5780577], [76.1600241, 11.578105], [76.1603272, 11.5781234], [76.1605793, 11.5780722]]}}, {"type": "Feature", "properties": {"id": 1216746079, "name": "arimula thodu"}, "geometry": {"type": "LineString", "coordinates": [[76.1235117, 11.6800495], [76.1235093, 11.6801044], [76.123507, 11.6801752], [76.1235128, 11.6802336], [76.1235187, 11.6802884], [76.1235268, 11.6803536], [76.1235257, 11.6804051], [76.1235222, 11.6804771], [76.1235327, 11.6805663], [76.1235373, 11.6806349], [76.1235397, 11.6806943], [76.123542, 11.680724], [76.1235572, 11.6807835], [76.1235654, 11.6808624], [76.1235665, 11.6809504], [76.1235735, 11.6810407], [76.1235805, 11.6811231], [76.1235864, 11.6811974], [76.1235946, 11.6812454], [76.1235875, 11.6813231], [76.1235864, 11.6814089], [76.1235887, 11.6814786], [76.1235887, 11.6815175], [76.1235981, 11.6815678], [76.1236051, 11.6815907], [76.1236354, 11.681601], [76.123688, 11.6816067], [76.123765, 11.681609], [76.1238713, 11.6816044], [76.1239611, 11.6815987], [76.1240756, 11.6815953], [76.1241479, 11.6815998], [76.1242262, 11.6816044], [76.1242752, 11.681609], [76.1243476, 11.6816147], [76.1243908, 11.6816307], [76.1244281, 11.6816787], [76.1244176, 11.6817473], [76.1244211, 11.6818262], [76.1244503, 11.6819085], [76.124476, 11.6819966], [76.1245052, 11.6820949], [76.1245402, 11.6821703], [76.1245671, 11.6822584], [76.1245811, 11.6823647], [76.1246009, 11.6824676], [76.1246243, 11.6825259], [76.1246371, 11.6826094], [76.1246336, 11.6826734], [76.1246266, 11.6827386], [76.1246406, 11.6827706], [76.1246406, 11.6828209], [76.1246371, 11.6828803], [76.124622, 11.6829341], [76.1245391, 11.6829455], [76.1244748, 11.6829547], [76.1244188, 11.6829787], [76.1243441, 11.6829878], [76.1243488, 11.6831319], [76.1243301, 11.6833022], [76.1243336, 11.683428], [76.1243347, 11.6835515], [76.1243441, 11.6837344], [76.1243383, 11.6838887], [76.1243441, 11.6840134], [76.1243418, 11.6841608], [76.1243537, 11.6842232], [76.1243472, 11.6843141], [76.1243179, 11.6843986], [76.1243065, 11.6844752], [76.1243472, 11.6845725], [76.1244091, 11.6846315], [76.1244123, 11.6847096], [76.1243977, 11.6848069], [76.1244025, 11.684885], [76.1244563, 11.684936], [76.1245312, 11.6849743], [76.1245931, 11.6849855], [76.1246794, 11.6850142], [76.124764, 11.685054], [76.1248064, 11.6851019], [76.1248178, 11.6851944], [76.124821, 11.6852853], [76.1248243, 11.6853777], [76.1248161, 11.6855244], [76.1248341, 11.6856408], [76.1248438, 11.68577], [76.1248748, 11.6859247], [76.1249057, 11.6860714], [76.124865, 11.6862356], [76.124795, 11.6863457], [76.1247429, 11.6864461], [76.1247184, 11.6865944], [76.124725, 11.6867029], [76.1247184, 11.6868113], [76.1246777, 11.6869006], [76.1246647, 11.6869899], [76.12465, 11.6871063], [76.124694, 11.6872275], [76.124707, 11.6873216], [76.1247227, 11.687355], [76.1247209, 11.6873867]]}}, {"type": "Feature", "properties": {"id": 1216746080, "name": "arimula thodu"}, "geometry": {"type": "LineString", "coordinates": [[76.1248615, 11.6875152], [76.1248426, 11.687567], [76.1248385, 11.6876116], [76.1248743, 11.6876305], [76.1249336, 11.6876534], [76.1250329, 11.6876845], [76.1250894, 11.6877034], [76.1251046, 11.687748], [76.1250894, 11.6878182], [76.1250991, 11.6879005], [76.125088, 11.6879896], [76.1250563, 11.6880666], [76.1250205, 11.6881463], [76.1249764, 11.6882921], [76.1249116, 11.6884217], [76.1248481, 11.6885513], [76.1247971, 11.6886742], [76.1247378, 11.6887822], [76.124702, 11.6888619], [76.1246841, 11.688924], [76.1246648, 11.6889996], [76.124622, 11.6891211], [76.1246923, 11.6891684], [76.1247888, 11.6892359], [76.124855, 11.6892723], [76.1249317, 11.6893233]]}}, {"type": "Feature", "properties": {"id": 1216747755, "name": "kalluvayal thodu"}, "geometry": {"type": "LineString", "coordinates": [[76.1148849, 11.6812703], [76.1149092, 11.6811851], [76.1149318, 11.6811195], [76.114951, 11.6810514], [76.1149644, 11.6809867], [76.1149812, 11.6809178], [76.1149912, 11.6808555], [76.1149996, 11.6807858], [76.1150032, 11.6807174], [76.115014, 11.6806767], [76.11502, 11.6806235], [76.115017, 11.6805819], [76.115016, 11.6805441], [76.115016, 11.6805325], [76.1150239, 11.6804967], [76.1150209, 11.6804734], [76.1150476, 11.6804676], [76.1150822, 11.6804667], [76.1151412, 11.6804778], [76.1151895, 11.6804738], [76.1152295, 11.6804751], [76.1152681, 11.6804684], [76.1153094, 11.6804522], [76.1153329, 11.6804049], [76.1153646, 11.6803617], [76.1153784, 11.6803226], [76.1153798, 11.680278], [76.1153536, 11.680228], [76.1153205, 11.6801457], [76.1152998, 11.6800822], [76.1152805, 11.6800336], [76.1152708, 11.6799931], [76.1152543, 11.6799431], [76.1152377, 11.6798837], [76.115206, 11.6797689], [76.1151771, 11.679719], [76.1151522, 11.679692], [76.1151247, 11.6795718], [76.1150833, 11.6794624], [76.1150626, 11.6794219], [76.1150571, 11.6793652], [76.1150309, 11.6793126], [76.1150089, 11.6792599], [76.1149758, 11.6791829], [76.1149689, 11.6791519], [76.1149454, 11.6790938], [76.1149344, 11.6790466], [76.1149179, 11.6789912], [76.1148889, 11.6789331], [76.1148365, 11.6788562], [76.1147979, 11.6787819], [76.11478, 11.6787495], [76.1147441, 11.6786833], [76.1147069, 11.6786563], [76.1146835, 11.6786185], [76.114671, 11.6785699], [76.1146255, 11.6784876], [76.1145621, 11.678393], [76.1145401, 11.6783579], [76.1144518, 11.6782067], [76.1144298, 11.678127], [76.1144049, 11.6780366], [76.1143305, 11.6778786], [76.1143043, 11.6778367], [76.1142491, 11.6776693], [76.1142009, 11.6775667], [76.1141388, 11.6774438], [76.1141112, 11.6773682], [76.1140561, 11.6772723], [76.1140175, 11.6771859], [76.113921, 11.6770374], [76.1138465, 11.6769496], [76.1137514, 11.6768321], [76.11371, 11.6767673], [76.1136728, 11.6767241], [76.1136259, 11.6767363], [76.1136011, 11.6767606], [76.1135639, 11.6767511], [76.1134935, 11.6767768], [76.1134632, 11.6767808], [76.1134329, 11.6767511], [76.1134094, 11.6766809], [76.1133526, 11.6766027], [76.1133184, 11.6765357], [76.1132435, 11.6764528], [76.1131832, 11.6763587], [76.1131539, 11.6763156], [76.1131165, 11.6762471], [76.1130562, 11.6761466], [76.1129846, 11.676043], [76.1129325, 11.6759632], [76.112812, 11.6758149], [76.1127485, 11.6757416], [76.1125922, 11.6756092], [76.1124977, 11.6755167], [76.1123495, 11.6753748], [76.1122502, 11.6753014], [76.1121297, 11.6751898], [76.1120385, 11.6751149], [76.1119506, 11.6750272], [76.1117731, 11.6748788], [76.1117145, 11.6748071], [76.1115858, 11.6747098], [76.1114621, 11.6745854], [76.1113872, 11.6745169], [76.1112878, 11.67441], [76.1111836, 11.6743351], [76.1110941, 11.6742633], [76.110928, 11.6741341], [76.1108351, 11.6740464], [76.110744, 11.6740002], [76.1106805, 11.6739555], [76.1106446, 11.6738933], [76.1106088, 11.6738678], [76.1105665, 11.6738519], [76.1105404, 11.6738104], [76.1105046, 11.6737769], [76.1104395, 11.6737546], [76.1103792, 11.6737036], [76.1102994, 11.6736605], [76.1102164, 11.6736095], [76.1101676, 11.6735851]]}}, {"type": "Feature", "properties": {"id": 1216748731, "name": "thinapuram thodu"}, "geometry": {"type": "LineString", "coordinates": [[76.1619877, 11.5479922], [76.1615521, 11.5480341], [76.1615804, 11.5482907], [76.1616553, 11.548544], [76.1616914, 11.5486582], [76.1617502, 11.5488442], [76.1617363, 11.5490313], [76.161844, 11.5493089], [76.1618781, 11.5496007], [76.1618611, 11.5498175], [76.1618781, 11.5501427], [76.161923, 11.5502307], [76.1620142, 11.5504095], [76.1622525, 11.5506763], [76.1624227, 11.550793], [76.1625333, 11.5508764], [76.1626014, 11.5511015], [76.1626099, 11.5512599], [76.162609, 11.5513622], [76.1627278, 11.551552], [76.1627655, 11.5517296], [76.1628486, 11.5517739], [76.1628637, 11.5518701], [76.1629618, 11.5518775], [76.1630222, 11.5519589], [76.1629845, 11.5520846], [76.1631657, 11.5522252], [76.1633922, 11.5523953], [76.1634979, 11.5524545], [76.1635734, 11.5524027], [76.1636108, 11.5528326]]}}, {"type": "Feature", "properties": {"id": 1216748974, "name": "thinapuram thodu"}, "geometry": {"type": "LineString", "coordinates": [[76.1636108, 11.5528326], [76.1635578, 11.5529063]]}}, {"type": "Feature", "properties": {"id": 1216751238, "name": "thinapuram thodu"}, "geometry": {"type": "LineString", "coordinates": [[76.1764459, 11.5618583], [76.1774683, 11.5615941], [76.1787986, 11.5612367], [76.1790041, 11.5616194]]}}, {"type": "Feature", "properties": {"id": 1216757924, "name": "unnamed"}, "geometry": {"type": "LineString", "coordinates": [[76.1188447, 11.6677627], [76.1189903, 11.6679156]]}}, {"type": "Feature", "properties": {"id": 1216763798, "name": "unnamed"}, "geometry": {"type": "LineString", "coordinates": [[76.0695791, 11.681665], [76.0697125, 11.6816074], [76.0697869, 11.681606], [76.0698697, 11.6816101], [76.069951, 11.6816465], [76.0700062, 11.6816249], [76.0700668, 11.6816101], [76.0701427, 11.6815817], [76.0702061, 11.6815601], [76.0702557, 11.6815574], [76.0702957, 11.6815858], [76.0703288, 11.6816249], [76.0703798, 11.6816654], [76.0704267, 11.6816924], [76.0704722, 11.6817019], [76.0705177, 11.6817167], [76.0705825, 11.6817491], [76.0706542, 11.6818045], [76.0707176, 11.6818842], [76.0707811, 11.6819557], [76.0708541, 11.6820394], [76.0709424, 11.6821056], [76.0710155, 11.6821623], [76.0710871, 11.682219], [76.0711464, 11.6823149], [76.071174, 11.6823946], [76.0712209, 11.6825161], [76.0712512, 11.6826092], [76.0712788, 11.6826876], [76.0713064, 11.6827456], [76.0713753, 11.6828428], [76.071436, 11.6829698], [76.0715049, 11.6830602], [76.0715532, 11.6831547], [76.0715932, 11.6832304], [76.0716773, 11.6832992], [76.0717283, 11.6833424], [76.0717421, 11.6833991], [76.0717986, 11.6834518], [76.0718551, 11.6835234], [76.0718993, 11.6835814], [76.0719282, 11.683657], [76.071982, 11.6838299], [76.0720234, 11.6839001], [76.0720537, 11.6839865], [76.0720799, 11.6840689], [76.0720514, 11.6842452], [76.0719841, 11.6843469], [76.071977, 11.6843551]]}}, {"type": "Feature", "properties": {"id": 1216763799, "name": "mananchery"}, "geometry": {"type": "LineString", "coordinates": [[76.0718936, 11.6844513], [76.0718764, 11.6844712], [76.0717995, 11.6846987], [76.0717226, 11.6848343], [76.0716976, 11.6849454], [76.0717014, 11.6850716], [76.071736, 11.6851507], [76.0717918, 11.685243], [76.0718997, 11.6853399]]}}, {"type": "Feature", "properties": {"id": 1216763800, "name": "unnamed"}, "geometry": {"type": "LineString", "coordinates": [[76.071977, 11.6843551], [76.0718936, 11.6844513]]}}, {"type": "Feature", "properties": {"id": 1217000547, "name": "kolavayal thodu"}, "geometry": {"type": "LineString", "coordinates": [[76.1171501, 11.6589577], [76.117665, 11.6596302], [76.1181515, 11.6602001]]}}, {"type": "Feature", "properties": {"id": 1217000548, "name": "kolavayal thodu"}, "geometry": {"type": "LineString", "coordinates": [[76.1181515, 11.6602001], [76.1182225, 11.6602833]]}}, {"type": "Feature", "properties": {"id": 1217010084, "name": "kk junction thodu"}, "geometry": {"type": "LineString", "coordinates": [[76.1341258, 11.6283702], [76.1341133, 11.6285204]]}}, {"type": "Feature", "properties": {"id": 1217010085, "name": "kk junction thodu"}, "geometry": {"type": "LineString", "coordinates": [[76.1341133, 11.6285204], [76.1341325, 11.6286139]]}}, {"type": "Feature", "properties": {"id": 1217491354, "name": "kallumala thodu"}, "geometry": {"type": "LineString", "coordinates": [[76.1345575, 11.5808893], [76.1345703, 11.5808906], [76.1346502, 11.5809596], [76.1347453, 11.580993], [76.1348075, 11.5809941], [76.1348874, 11.5810229], [76.1349379, 11.5810752], [76.1349696, 11.5811569], [76.1350518, 11.5811627], [76.1351551, 11.5812098], [76.135222, 11.5812662], [76.1352784, 11.5813375], [76.1353536, 11.5814618], [76.1356942, 11.5816255], [76.1360464, 11.5821661], [76.1364103, 11.5827642], [76.1368682, 11.5830517], [76.1368682, 11.5834542], [76.1373965, 11.5839143], [76.1375844, 11.5845354], [76.1374435, 11.5849264], [76.1381245, 11.585421], [76.1386188, 11.5854964], [76.1387584, 11.5857396], [76.1383358, 11.5866056], [76.1381127, 11.5871807], [76.1381118, 11.5874559], [76.1382402, 11.5877495], [76.1385155, 11.5879173], [76.138523, 11.5882335]]}}, {"type": "Feature", "properties": {"id": 1217491355, "name": "kallumala thodu"}, "geometry": {"type": "LineString", "coordinates": [[76.1287548, 11.5813173], [76.1293454, 11.5813379], [76.1297566, 11.5808524], [76.1301046, 11.5807491], [76.1306318, 11.5807388], [76.1312434, 11.5803049], [76.1317496, 11.5806975], [76.1321292, 11.5806768], [76.1330556, 11.5808035], [76.133414, 11.5809847], [76.1341217, 11.5808181], [76.1341793, 11.5808342], [76.1342438, 11.5808457], [76.1342885, 11.5808952], [76.1343519, 11.5808825], [76.1344658, 11.5808802]]}}, {"type": "Feature", "properties": {"id": 1217491356, "name": "kallumala thodu"}, "geometry": {"type": "LineString", "coordinates": [[76.1344658, 11.5808802], [76.1345575, 11.5808893]]}}, {"type": "Feature", "properties": {"id": 1217491706, "name": "govindhapara thodu"}, "geometry": {"type": "LineString", "coordinates": [[76.1296811, 11.597079], [76.1297782, 11.5969601], [76.1298672, 11.5967857], [76.129953, 11.596751], [76.1300372, 11.5967169], [76.1301177, 11.5965865]]}}, {"type": "Feature", "properties": {"id": 1217491707, "name": "govindhapara thodu"}, "geometry": {"type": "LineString", "coordinates": [[76.1301702, 11.5965014], [76.1301775, 11.5964897], [76.1303151, 11.596413], [76.1303779, 11.5962836], [76.1304858, 11.5962177], [76.1306588, 11.5960986], [76.1309487, 11.5960391], [76.1310041, 11.5959429]]}}, {"type": "Feature", "properties": {"id": 1217491708, "name": "govindhapara thodu"}, "geometry": {"type": "LineString", "coordinates": [[76.1301177, 11.5965865], [76.1301702, 11.5965014]]}}, {"type": "Feature", "properties": {"id": 1217491919, "name": "govindhapara thodu"}, "geometry": {"type": "LineString", "coordinates": [[76.1310041, 11.5959429], [76.1309114, 11.5956394], [76.1309966, 11.5954606], [76.1312545, 11.5955542], [76.1314468, 11.5954785], [76.131459, 11.5951149], [76.1314834, 11.5947334], [76.1315381, 11.5943222], [76.1315138, 11.5939646], [76.1317084, 11.5938503], [76.1320241, 11.5938452], [76.1320802, 11.5937216], [76.132287, 11.5937002], [76.1324355, 11.5936849], [76.132847, 11.5936391], [76.133034, 11.5936941], [76.1332954, 11.5938836]]}}, {"type": "Feature", "properties": {"id": 1217493854, "name": "soorikuni thodu"}, "geometry": {"type": "LineString", "coordinates": [[76.144535, 11.5880764], [76.1445504, 11.5882995], [76.1445609, 11.5884784], [76.144603, 11.5886262], [76.1446697, 11.5888223], [76.1446551, 11.5889761], [76.1447517, 11.5891247], [76.144828, 11.5893035], [76.1449248, 11.5894015], [76.1449766, 11.5894458], [76.1451922, 11.5896633], [76.1453666, 11.5897596], [76.1454745, 11.5898777], [76.1454967, 11.5900796], [76.1455601, 11.5902567], [76.1456235, 11.5904493], [76.1456362, 11.5906885], [76.1456806, 11.5909619], [76.1457028, 11.5911142], [76.1458138, 11.5912913], [76.145947, 11.5914373], [76.1459977, 11.5916672], [76.1460326, 11.591925], [76.1461658, 11.592127], [76.1462832, 11.5924097], [76.1463466, 11.5925215], [76.1464639, 11.5927576], [76.1466104, 11.5933308], [76.1468822, 11.5939474], [76.1470538, 11.5946278], [76.147149, 11.5947671], [76.1470517, 11.5949628], [76.1468686, 11.5950009], [76.1465547, 11.5950692], [76.1462745, 11.5955633], [76.146536, 11.596405], [76.1469096, 11.5972102], [76.147396, 11.5983129]]}}, {"type": "Feature", "properties": {"id": 1217493855, "name": "soorikuni thodu"}, "geometry": {"type": "LineString", "coordinates": [[76.1451979, 11.5839451], [76.1452025, 11.5839904], [76.1450632, 11.5840442], [76.1449612, 11.584121], [76.1450142, 11.5841662], [76.1451401, 11.5844682], [76.1452356, 11.5847277], [76.1453094, 11.5850595], [76.1453485, 11.5854254], [76.1452877, 11.5856466], [76.1452942, 11.5858958], [76.1453059, 11.5861486], [76.14513, 11.5864071], [76.1449673, 11.5867645], [76.1448438, 11.5870292], [76.1446968, 11.5872056], [76.1446113, 11.5874832], [76.1445151, 11.5876979], [76.1445153, 11.5877905], [76.1445281, 11.5879766]]}}, {"type": "Feature", "properties": {"id": 1217493856, "name": "soorikuni thodu"}, "geometry": {"type": "LineString", "coordinates": [[76.1445281, 11.5879766], [76.144535, 11.5880764]]}}, {"type": "Feature", "properties": {"id": 1217494552, "name": "soorikuni thodu"}, "geometry": {"type": "LineString", "coordinates": [[76.1443036, 11.5884995], [76.1443339, 11.5886379], [76.1443428, 11.5887774], [76.1444258, 11.5887829], [76.1444146, 11.5888664], [76.1445592, 11.5888751], [76.144594, 11.5889784], [76.1446501, 11.589074], [76.1447185, 11.5892091], [76.1447521, 11.5893233], [76.1448026, 11.5893848], [76.1449248, 11.5894015]]}}, {"type": "Feature", "properties": {"id": 1217497750, "name": "mukkamkunnu thodu"}, "geometry": {"type": "LineString", "coordinates": [[76.1360026, 11.5935554], [76.1361455, 11.5934555], [76.1366828, 11.5934934], [76.1368278, 11.5935838], [76.1369745, 11.5935839], [76.1371693, 11.5937031], [76.1374024, 11.5937747], [76.1376911, 11.5939348], [76.1379798, 11.5939757], [76.138185, 11.5939757], [76.1383798, 11.5939587], [76.1384807, 11.5940507], [76.1389051, 11.5940337], [76.1393503, 11.5940064], [76.1395869, 11.5939723], [76.1397608, 11.5939025], [76.1399521, 11.59379], [76.1401724, 11.5939526], [76.1409163, 11.5943041]]}}, {"type": "Feature", "properties": {"id": 1217497751, "name": "mukkamkunnu thodu"}, "geometry": {"type": "LineString", "coordinates": [[76.1332954, 11.5938836], [76.1335363, 11.593879], [76.1337262, 11.5938337], [76.1342033, 11.5939199], [76.1344072, 11.5941468], [76.1345786, 11.5941105], [76.1348195, 11.5941468], [76.1348982, 11.5940515], [76.1350233, 11.5940061], [76.135204, 11.5940197], [76.1353127, 11.5939515], [76.1355267, 11.5938324], [76.1356817, 11.5936893], [76.135826, 11.5937206], [76.1358814, 11.5936147], [76.1358962, 11.5936075]]}}, {"type": "Feature", "properties": {"id": 1217497752, "name": "mukkamkunnu thodu"}, "geometry": {"type": "LineString", "coordinates": [[76.1358962, 11.5936075], [76.1360026, 11.5935554]]}}, {"type": "Feature", "properties": {"id": 1217508026, "name": "thrikaipetta kuzhivayal thodu"}, "geometry": {"type": "LineString", "coordinates": [[76.1412237, 11.59819], [76.1413787, 11.598191], [76.1415528, 11.598129], [76.1417356, 11.5981039], [76.1418752, 11.5981703]]}}, {"type": "Feature", "properties": {"id": 1217508027, "name": "angadivayal  thodu"}, "geometry": {"type": "LineString", "coordinates": [[76.1425312, 11.5992273], [76.1426137, 11.5993268], [76.1426583, 11.5995453], [76.1427681, 11.599757], [76.142847, 11.5999552], [76.1430494, 11.6001031], [76.1431077, 11.6003283], [76.1431568, 11.6004758]]}}, {"type": "Feature", "properties": {"id": 1217508028, "name": "unnamed"}, "geometry": {"type": "LineString", "coordinates": [[76.142377, 11.5990412], [76.1425312, 11.5992273]]}}, {"type": "Feature", "properties": {"id": 1217509020, "name": "thrikaipetta thodu"}, "geometry": {"type": "LineString", "coordinates": [[76.1466707, 11.5989745], [76.1465822, 11.5990586], [76.1464801, 11.5992368], [76.1464087, 11.599352], [76.1464451, 11.5994384], [76.1464269, 11.5995426], [76.1463709, 11.5996139], [76.1462295, 11.5997181], [76.1461119, 11.5998154], [76.1459454, 11.6000239], [76.1458354, 11.6001197], [76.1457396, 11.6001596], [76.1455968, 11.600091], [76.1454947, 11.6000005], [76.1453603, 11.5999923], [76.1452203, 11.6000225], [76.1450762, 11.6001185], [76.1450328, 11.6001939], [76.144981, 11.6002227], [76.144925, 11.6001952], [76.1448074, 11.600224], [76.1447178, 11.6002282], [76.1446548, 11.6001856], [76.1445835, 11.6001898], [76.1445093, 11.6002199], [76.1444029, 11.6002515], [76.1438374, 11.6003433], [76.1435911, 11.6003845], [76.1434685, 11.600453], [76.1432914, 11.6004629], [76.1431568, 11.6004758], [76.1430558, 11.6004854], [76.1429418, 11.6005222], [76.1428848, 11.6005427], [76.1427221, 11.6004417], [76.1426245, 11.6006195], [76.1424712, 11.6008024], [76.1422595, 11.6010562], [76.1421369, 11.60122], [76.1420616, 11.6014193], [76.1419725, 11.6016431], [76.1419585, 11.601785], [76.1419585, 11.6019078], [76.1418387, 11.6020552], [76.1417024, 11.6022506], [76.141694, 11.602471], [76.1417053, 11.6026446], [76.1415393, 11.602752], [76.1414212, 11.6028154], [76.1413875, 11.6029531], [76.141244, 11.6030964], [76.1410218, 11.6031377], [76.1408953, 11.6031873], [76.1408362, 11.6032231], [76.1406703, 11.6031818], [76.1404734, 11.6034049], [76.1404059, 11.6035592], [76.1403806, 11.6036584], [76.1403188, 11.6040275], [76.1403834, 11.6044683]]}}, {"type": "Feature", "properties": {"id": 1217517266, "name": "angadivayal thodu"}, "geometry": {"type": "LineString", "coordinates": [[76.1418752, 11.5981703], [76.1420142, 11.5984007], [76.1420838, 11.598563], [76.1421266, 11.5986514], [76.1423712, 11.5990412]]}}, {"type": "Feature", "properties": {"id": 1217517267, "name": "angadivayal thodu"}, "geometry": {"type": "LineString", "coordinates": [[76.1409163, 11.5943041], [76.1410034, 11.5944078], [76.1412627, 11.5948365], [76.141498, 11.5954395], [76.1414675, 11.5955731], [76.1415248, 11.595659], [76.1416747, 11.5959542], [76.1418141, 11.5962348], [76.1419268, 11.5964667], [76.1419349, 11.596681], [76.1420888, 11.5970858], [76.1421212, 11.5975224], [76.1420432, 11.5977278], [76.1419644, 11.5978749], [76.1418752, 11.5981703]]}}, {"type": "Feature", "properties": {"id": 1217517268, "name": "uppupaara thodu"}, "geometry": {"type": "LineString", "coordinates": [[76.138868, 11.5885911], [76.1388851, 11.5885905], [76.1391646, 11.5892144], [76.1392663, 11.5896687], [76.1393733, 11.5904784], [76.1395874, 11.590814], [76.1396902, 11.5912167], [76.1398016, 11.5914936], [76.1397973, 11.591825], [76.1399686, 11.5921187], [76.1399786, 11.592151]]}}, {"type": "Feature", "properties": {"id": 1217517269, "name": "uppupaara thodu"}, "geometry": {"type": "LineString", "coordinates": [[76.1387618, 11.5885946], [76.138868, 11.5885911]]}}, {"type": "Feature", "properties": {"id": 1217517852, "name": "kuzhivayal thodu"}, "geometry": {"type": "LineString", "coordinates": [[76.1399887, 11.5973485], [76.1402177, 11.5973768], [76.1406189, 11.5975217], [76.1408491, 11.5976586], [76.1410064, 11.5977794], [76.1411144, 11.5979715], [76.141199, 11.598159], [76.1412237, 11.59819]]}}, {"type": "Feature", "properties": {"id": 1217520840, "name": "kunduvayal thodu"}, "geometry": {"type": "LineString", "coordinates": [[76.1456648, 11.5818274], [76.1456529, 11.5819195], [76.1456606, 11.5820414], [76.1456267, 11.5821416], [76.1456176, 11.5822379], [76.1456037, 11.5823191], [76.1455972, 11.5824106], [76.1455864, 11.5825915], [76.1455796, 11.5827429], [76.1455431, 11.5831127], [76.1454929, 11.5832787], [76.1454235, 11.583437], [76.1452385, 11.5836635], [76.1452194, 11.5837372], [76.1452445, 11.5838375], [76.1452638, 11.583893], [76.1451979, 11.5839451]]}}, {"type": "Feature", "properties": {"id": 1217524444, "name": "govindapara thodu"}, "geometry": {"type": "LineString", "coordinates": [[76.1293974, 11.5965432], [76.1295063, 11.5966606], [76.1296324, 11.5967719], [76.1297009, 11.5967551], [76.1297896, 11.5967628], [76.129953, 11.596751]]}}, {"type": "Feature", "properties": {"id": 1217524886, "name": "govindhapara thodu"}, "geometry": {"type": "LineString", "coordinates": [[76.1313725, 11.5976814], [76.131225, 11.5974786], [76.1310645, 11.5972936], [76.1309377, 11.5971339], [76.1306091, 11.5970046], [76.1303761, 11.5968651], [76.1302286, 11.5967942], [76.1301177, 11.5965865]]}}, {"type": "Feature", "properties": {"id": 1217525118, "name": "govindhapara thodu"}, "geometry": {"type": "LineString", "coordinates": [[76.1296579, 11.5881253], [76.1304747, 11.5894816], [76.1308209, 11.5902953], [76.1309316, 11.5910277], [76.1316792, 11.5920042], [76.1323299, 11.5930214], [76.132287, 11.5937002]]}}, {"type": "Feature", "properties": {"id": 1217573061, "name": "thrikaipetta kuzhivayal thodu"}, "geometry": {"type": "LineString", "coordinates": [[76.1338445, 11.6002965], [76.1340531, 11.6005287], [76.1342142, 11.6007284], [76.1344608, 11.6008352], [76.1348874, 11.6009188], [76.1351671, 11.6009188], [76.1352335, 11.6008213], [76.1354753, 11.6009188], [76.1354705, 11.6009838], [76.1359162, 11.6011556], [76.1363144, 11.6013878], [76.136504, 11.6015364], [76.1368027, 11.6016665], [76.1370618, 11.601846], [76.1372312, 11.6018633], [76.137777, 11.6015603], [76.1379938, 11.601431], [76.1382657, 11.6013499], [76.1383612, 11.6013507], [76.1385329, 11.6014409], [76.1386516, 11.6015627], [76.1388785, 11.6016952], [76.1390154, 11.6017507]]}}, {"type": "Feature", "properties": {"id": 1217575878, "name": "thrikaipetta kuzhivayal thodu"}, "geometry": {"type": "LineString", "coordinates": [[76.1391115, 11.6017896], [76.1391504, 11.6018054], [76.1392772, 11.6018635], [76.1394734, 11.6019796], [76.1397147, 11.6020477], [76.1398619, 11.6021619], [76.1400173, 11.602218], [76.1400888, 11.602282], [76.1401195, 11.6024343], [76.1401645, 11.6025224], [76.1402974, 11.6025885], [76.1403362, 11.6026706], [76.1403874, 11.6027447], [76.1404528, 11.6028568], [76.1405223, 11.602953], [76.1405693, 11.6030812], [76.1405824, 11.6032764]]}}, {"type": "Feature", "properties": {"id": 1217575879, "name": "thrikaipetta kuzhivayal thodu"}, "geometry": {"type": "LineString", "coordinates": [[76.1390154, 11.6017507], [76.1391115, 11.6017896]]}}, {"type": "Feature", "properties": {"id": 1217579361, "name": "kunduvayal kaithodu"}, "geometry": {"type": "LineString", "coordinates": [[76.1434354, 11.5833432], [76.1438079, 11.5837316], [76.1440767, 11.5836221], [76.1442283, 11.5836326], [76.1442789, 11.5836977], [76.1444119, 11.5837916], [76.1444651, 11.583742], [76.1445582, 11.583669], [76.1446833, 11.5837603], [76.144795, 11.583815], [76.1449148, 11.5839479], [76.1449612, 11.584121]]}}, {"type": "Feature", "properties": {"id": 1218220053, "name": "mukkilpeedika thodu"}, "geometry": {"type": "LineString", "coordinates": [[76.1464098, 11.568539], [76.1466977, 11.5685216], [76.146862, 11.5683606], [76.147355, 11.5683666], [76.1477993, 11.5685395], [76.1481706, 11.5687601], [76.1484933, 11.5690242], [76.1487001, 11.5689748], [76.1489557, 11.5690285], [76.1492479, 11.5692312], [76.1494374, 11.5695505], [76.1497541, 11.5695873], [76.1502161, 11.5694402], [76.1510457, 11.5693265], [76.1515492, 11.5693265], [76.1517474, 11.5693032], [76.1518996, 11.569394]]}}, {"type": "Feature", "properties": {"id": 1218221723, "name": "kadalad thodu"}, "geometry": {"type": "LineString", "coordinates": [[76.1866328, 11.5558958], [76.1866601, 11.5559092], [76.1866452, 11.5561941], [76.1865259, 11.5563329], [76.1863653, 11.5565621], [76.1863313, 11.5566467], [76.1862654, 11.5566957], [76.1861632, 11.5567535], [76.1860837, 11.5567758], [76.1859838, 11.5567913], [76.1858838, 11.556818], [76.1857816, 11.5568091], [76.185718, 11.5568114], [76.1856204, 11.5568158], [76.1855068, 11.556818], [76.1854046, 11.5569004], [76.1852933, 11.5570272], [76.1851593, 11.557163], [76.1849021, 11.5573107], [76.1846635, 11.5573789], [76.1845641, 11.5575639], [76.1844249, 11.5578367], [76.1842299, 11.5582218], [76.1841963, 11.5584502], [76.1838782, 11.5588301], [76.1836303, 11.5593294], [76.1834187, 11.5597316], [76.1831689, 11.5599002], [76.1830146, 11.5599264], [76.1828222, 11.5600332], [76.1825399, 11.5601275], [76.1822192, 11.5602783], [76.1820396, 11.5603348], [76.1818985, 11.5604542], [76.1818729, 11.5606742], [76.1815136, 11.5605447]]}}, {"type": "Feature", "properties": {"id": 1218222168, "name": "nallannoor thodu"}, "geometry": {"type": "LineString", "coordinates": [[76.1721665, 11.5557732], [76.1722765, 11.5559957], [76.1724501, 11.5562101], [76.1727786, 11.5562066], [76.1729962, 11.5562574], [76.1733091, 11.5565768], [76.1735787, 11.5567776], [76.1740246, 11.5569097], [76.1744809, 11.5572754], [76.1747276, 11.5577097], [76.1752373, 11.5583893], [76.1753505, 11.5591244], [76.1751948, 11.5596376], [76.1750816, 11.5602339], [76.1751523, 11.5606362], [76.1756122, 11.5613864], [76.1764459, 11.5618583]]}}, {"type": "Feature", "properties": {"id": 1218222664, "name": "nallannoor thodu"}, "geometry": {"type": "LineString", "coordinates": [[76.1718818, 11.5555705], [76.1720414, 11.5556569]]}}, {"type": "Feature", "properties": {"id": 1218222665, "name": "nallannoor thodu"}, "geometry": {"type": "LineString", "coordinates": [[76.1720414, 11.5556569], [76.1721665, 11.5557732]]}}, {"type": "Feature", "properties": {"id": 1218224003, "name": "mukkilpeedika thodu"}, "geometry": {"type": "LineString", "coordinates": [[76.1447092, 11.5701943], [76.1447335, 11.5701974], [76.144797, 11.5701704], [76.1448276, 11.5701767], [76.1448731, 11.5701829], [76.1449101, 11.570159], [76.145007, 11.5698999], [76.1451834, 11.5696897], [76.1453646, 11.5695356], [76.1455171, 11.5694141], [76.1456983, 11.5692974], [76.1458747, 11.5691573], [76.1460797, 11.5689704], [76.1462899, 11.5688138], [76.1462046, 11.5685514], [76.1462946, 11.568546]]}}, {"type": "Feature", "properties": {"id": 1218224004, "name": "mukkilpeedika thodu"}, "geometry": {"type": "LineString", "coordinates": [[76.1462946, 11.568546], [76.1464098, 11.568539]]}}, {"type": "Feature", "properties": {"id": 1218224333, "name": "mukkilpeedika thodu"}, "geometry": {"type": "LineString", "coordinates": [[76.1520052, 11.5694569], [76.1520819, 11.5695027], [76.1524428, 11.5694793], [76.1525797, 11.5693842], [76.1527323, 11.5693604], [76.152963, 11.5693883]]}}, {"type": "Feature", "properties": {"id": 1218224334, "name": "mukkilpeedika thodu"}, "geometry": {"type": "LineString", "coordinates": [[76.1518996, 11.569394], [76.1520052, 11.5694569]]}}, {"type": "Feature", "properties": {"id": 1218225503, "name": "jaihind thodu"}, "geometry": {"type": "LineString", "coordinates": [[76.1568935, 11.5745], [76.1572136, 11.5753487], [76.157335, 11.5756416], [76.1576527, 11.5756599], [76.1579143, 11.5754677], [76.1582319, 11.575669], [76.1584561, 11.5761724], [76.1593397, 11.5766862], [76.159404, 11.5768334], [76.1595542, 11.5771277], [76.1596405, 11.5775006], [76.1601548, 11.5777498], [76.1603138, 11.5779053], [76.1605793, 11.5780722]]}}, {"type": "Feature", "properties": {"id": 1218227089, "name": "unnamed"}, "geometry": {"type": "LineString", "coordinates": [[76.1559799, 11.5611492], [76.1558167, 11.5613522], [76.1557455, 11.561418], [76.1557416, 11.5615149], [76.1557772, 11.5616117], [76.1557455, 11.5617085], [76.1555453, 11.5622853], [76.155733, 11.5626714], [76.1557518, 11.5631679], [76.1556017, 11.563738], [76.1556204, 11.5645471], [76.1559207, 11.5655033], [76.156323, 11.5658605], [76.1568784, 11.5663374], [76.157504, 11.5670549], [76.1577164, 11.5670549], [76.1581492, 11.5670293], [76.1584899, 11.5670609], [76.1588144, 11.567208], [76.158978, 11.5674077]]}}, {"type": "Feature", "properties": {"id": 1218228962, "name": "jaihind thodu"}, "geometry": {"type": "LineString", "coordinates": [[76.1533271, 11.5717684], [76.1534256, 11.5720578], [76.1534317, 11.5724014], [76.1534379, 11.5726727], [76.153604, 11.5730344], [76.153801, 11.5732635]]}}, {"type": "Feature", "properties": {"id": 1218231434, "name": "jaihind thodu"}, "geometry": {"type": "LineString", "coordinates": [[76.153801, 11.5732635], [76.1541193, 11.5733709], [76.1544169, 11.5734714], [76.1547333, 11.5734705], [76.1549987, 11.5732964], [76.1552972, 11.5732233], [76.1557225, 11.5732598], [76.1559912, 11.573311], [76.1562076, 11.5733622], [76.156327, 11.5734353], [76.1564389, 11.5735376], [76.1566255, 11.5738154], [76.1568643, 11.5742102], [76.1568935, 11.5745]]}}, {"type": "Feature", "properties": {"id": 1218232934, "name": "kadalad thodu"}, "geometry": {"type": "LineString", "coordinates": [[76.1814102, 11.5605075], [76.1811474, 11.5604128], [76.1806301, 11.5616208]]}}, {"type": "Feature", "properties": {"id": 1218232935, "name": "kadalad thodu"}, "geometry": {"type": "LineString", "coordinates": [[76.1815136, 11.5605447], [76.1814102, 11.5605075]]}}, {"type": "Feature", "properties": {"id": 1218235604, "name": "luckeyhill thodu"}, "geometry": {"type": "LineString", "coordinates": [[76.1530712, 11.5697337], [76.1531093, 11.5699571], [76.1531879, 11.5704582], [76.1532273, 11.5710878], [76.1533271, 11.5717684]]}}, {"type": "Feature", "properties": {"id": 1218235605, "name": "luckeyhill thodu"}, "geometry": {"type": "LineString", "coordinates": [[76.1530507, 11.5696131], [76.1530712, 11.5697337]]}}, {"type": "Feature", "properties": {"id": 1219689272, "name": "vellithod"}, "geometry": {"type": "LineString", "coordinates": [[76.1362631, 11.6113785], [76.1362536, 11.6114524], [76.1362414, 11.6116276], [76.1361601, 11.6117431], [76.1361398, 11.6118706], [76.1362337, 11.6121323], [76.1364309, 11.6123375], [76.1364275, 11.6124205], [76.1364201, 11.6126026], [76.1363272, 11.6127576], [76.1360119, 11.6130377], [76.1355436, 11.6132792], [76.1353341, 11.6135206], [76.1351985, 11.6140276], [76.1352848, 11.614257], [76.1354696, 11.6147761], [76.1353834, 11.6155124], [76.1353416, 11.6160139], [76.1352076, 11.6164876], [76.135237, 11.61692], [76.1353253, 11.6171506]]}}, {"type": "Feature", "properties": {"id": 1219690151, "name": "munduparakunnu thodu"}, "geometry": {"type": "LineString", "coordinates": [[76.131105, 11.6158203], [76.1314304, 11.6153142], [76.1316664, 11.6147893], [76.1318195, 11.6145768], [76.1318575, 11.6143431], [76.1320074, 11.614267], [76.1322676, 11.6143258], [76.1323937, 11.6142206], [76.1325404, 11.6140519], [76.1327452, 11.6136366], [76.1328871, 11.6135289], [76.1329487, 11.6134355], [76.1330927, 11.6133465], [76.1332613, 11.6132708], [76.1333364, 11.6130421], [76.1334463, 11.612608], [76.133482, 11.6123579], [76.1335644, 11.6122152], [76.1335859, 11.6121472], [76.1335485, 11.6120008], [76.1335485, 11.6118362], [76.1335788, 11.6117698], [76.1336019, 11.6116971], [76.1336324, 11.6115896], [76.1336486, 11.6115324], [76.1335594, 11.6112212]]}}, {"type": "Feature", "properties": {"id": 1219692239, "name": "vellithod mundupara thodu"}, "geometry": {"type": "LineString", "coordinates": [[76.1250168, 11.613983], [76.125199, 11.6138492], [76.1254381, 11.613983], [76.1258082, 11.6141002], [76.1260303, 11.6141336], [76.1262467, 11.6143233], [76.1264687, 11.6145631], [76.1266794, 11.6148029], [76.1269755, 11.6148141], [76.1271691, 11.6147583], [76.127431, 11.6147081], [76.1275848, 11.6145575], [76.1276531, 11.6143121], [76.1277214, 11.614089], [76.1278296, 11.6138826], [76.1279773, 11.6137427], [76.1282107, 11.613588], [76.1282936, 11.613669], [76.1283177, 11.6137163], [76.1284787, 11.6137452], [76.1286696, 11.6138897], [76.1288359, 11.6139055], [76.1290827, 11.6138529], [76.1292919, 11.6137163], [76.1293992, 11.6135744], [76.1296571, 11.6132774], [76.1299173, 11.6130464], [76.1304458, 11.6125446], [76.1308361, 11.6120827], [76.1313808, 11.6119632], [76.1316735, 11.6119075], [76.1322915, 11.6117163], [76.1328368, 11.6115271], [76.1330395, 11.6115401]]}}, {"type": "Feature", "properties": {"id": 1219695008, "name": "veetteri colony thodu"}, "geometry": {"type": "LineString", "coordinates": [[76.1260701, 11.6042626], [76.1262437, 11.6048838], [76.1263494, 11.6052315], [76.1264778, 11.6055125], [76.126659, 11.6058305], [76.1269761, 11.6060894], [76.127263, 11.6061855], [76.1275575, 11.6062373], [76.1279039, 11.6061943], [76.1280634, 11.6061338], [76.1285239, 11.6062003], [76.1289862, 11.6061431], [76.1292783, 11.6062045], [76.1296121, 11.6065315], [76.1299098, 11.6066994], [76.1300451, 11.6070706], [76.1305233, 11.6074804], [76.1307037, 11.6076395], [76.1309563, 11.6078649], [76.1311954, 11.6079488], [76.1314525, 11.6080328], [76.131658, 11.6080901], [76.1317295, 11.608189], [76.1318542, 11.6082548], [76.1319336, 11.608328], [76.1321157, 11.6082868], [76.1321542, 11.6083486], [76.1322324, 11.6084744], [76.1323182, 11.608816], [76.1323933, 11.6090683], [76.1327688, 11.609352], [76.1330003, 11.6095788], [76.1334687, 11.6097357], [76.1334563, 11.6100013], [76.1337028, 11.6102428], [76.1337675, 11.6103363], [76.1337613, 11.6105476], [76.1337089, 11.6107347], [76.1336103, 11.6108162]]}}, {"type": "Feature", "properties": {"id": 1219698769, "name": "Thrikaipatta thodu"}, "geometry": {"type": "LineString", "coordinates": [[76.1326556, 11.6064465], [76.1326445, 11.6067194], [76.1325577, 11.6067909], [76.1326016, 11.6068718], [76.1326445, 11.6069244], [76.1325104, 11.6070768], [76.1324621, 11.6071818], [76.1323718, 11.6075024], [76.1322116, 11.6077076], [76.1322116, 11.6079491], [76.1321993, 11.6080879], [76.1321192, 11.6081664], [76.1321542, 11.6083486]]}}, {"type": "Feature", "properties": {"id": 1219701802, "name": "Erumakolli thodu"}, "geometry": {"type": "LineString", "coordinates": [[76.1138645, 11.5487819], [76.1138055, 11.5488502], [76.1138511, 11.5489422], [76.1139047, 11.5489685], [76.1140267, 11.5490562], [76.1140904, 11.5492366], [76.1144018, 11.5493475], [76.1144868, 11.5496457], [76.1145434, 11.5497844], [76.1147487, 11.5499578], [76.1150174, 11.550028]]}}, {"type": "Feature", "properties": {"id": 1219719047, "name": "unnamed"}, "geometry": {"type": "LineString", "coordinates": [[76.1146829, 11.5519299], [76.1147634, 11.5521822], [76.1149136, 11.5525763], [76.1149625, 11.552713], [76.1149362, 11.5528602], [76.1147689, 11.5532784], [76.1147259, 11.5534278]]}}, {"type": "Feature", "properties": {"id": 1219719048, "name": "Erumakolli thodu"}, "geometry": {"type": "LineString", "coordinates": [[76.1146607, 11.5534992], [76.114581, 11.5535014]]}}, {"type": "Feature", "properties": {"id": 1219719049, "name": "unnamed"}, "geometry": {"type": "LineString", "coordinates": [[76.1147259, 11.5534278], [76.1146607, 11.5534992]]}}, {"type": "Feature", "properties": {"id": 1219720543, "name": "Erumakolli thodu"}, "geometry": {"type": "LineString", "coordinates": [[76.114581, 11.5535014], [76.1145454, 11.5535054]]}}, {"type": "Feature", "properties": {"id": 1219723474, "name": "pakkallipallam thodu"}, "geometry": {"type": "LineString", "coordinates": [[76.0763402, 11.55863], [76.0763992, 11.5587614], [76.0765172, 11.5587719], [76.0766835, 11.5588718], [76.0766889, 11.5590084], [76.0767372, 11.5591924], [76.0767656, 11.5593538], [76.0768483, 11.5594881], [76.0768758, 11.5596179], [76.0770156, 11.5596596], [76.0770862, 11.5597086], [76.0771362, 11.5598214], [76.077215, 11.5600991], [76.0772852, 11.5601636], [76.0773828, 11.5604106], [76.0774751, 11.5604694], [76.0774755, 11.5612335], [76.077365, 11.5618753], [76.0773593, 11.5619037]]}}, {"type": "Feature", "properties": {"id": 1219930790, "name": "cherupatta  thodu"}, "geometry": {"type": "LineString", "coordinates": [[76.1495204, 11.5868355], [76.1498638, 11.58734], [76.1500569, 11.5878445], [76.1498703, 11.5882715], [76.1498803, 11.5885573], [76.1497756, 11.5887951], [76.1497233, 11.5890095], [76.1496614, 11.5891307], [76.14959, 11.589252], [76.1492527, 11.5895266], [76.1489845, 11.5896947], [76.1488217, 11.5899513], [76.1486022, 11.5901108], [76.1483686, 11.5902702], [76.1480997, 11.5904367], [76.1479889, 11.5905389], [76.148017, 11.5908317], [76.1479049, 11.5910787], [76.1477087, 11.5911153], [76.1473258, 11.5913166], [76.1467187, 11.591463], [76.1465039, 11.5915637], [76.1460326, 11.591925]]}}, {"type": "Feature", "properties": {"id": 1219931764, "name": "chepottukunnu thodu"}, "geometry": {"type": "LineString", "coordinates": [[76.1403834, 11.6044683], [76.140517, 11.6050686], [76.1411334, 11.6059652], [76.1417312, 11.6064958], [76.1417499, 11.6069167], [76.1408719, 11.6075022], [76.1406477, 11.6081243], [76.1401621, 11.608783], [76.1398257, 11.6092545], [76.1390854, 11.6093911], [76.1387206, 11.6099481], [76.1387989, 11.6105955], [76.1384739, 11.6110306], [76.1383773, 11.6114825], [76.1380769, 11.6116611], [76.1381413, 11.612134], [76.1382164, 11.61267], [76.1381225, 11.6127811]]}}, {"type": "Feature", "properties": {"id": 1219932174, "name": "vellithodu"}, "geometry": {"type": "LineString", "coordinates": [[76.1330395, 11.6115401], [76.1332111, 11.6115191], [76.1336324, 11.6115896]]}}, {"type": "Feature", "properties": {"id": 1219932175, "name": "vellithodu"}, "geometry": {"type": "LineString", "coordinates": [[76.1335594, 11.6112212], [76.1335949, 11.6110817], [76.1335703, 11.6109158], [76.1336103, 11.6108162], [76.1337697, 11.6108255], [76.1338983, 11.6109495], [76.1340023, 11.611067], [76.1341625, 11.6110858]]}}, {"type": "Feature", "properties": {"id": 1219933296, "name": "nellimalam thodu"}, "geometry": {"type": "LineString", "coordinates": [[76.1254247, 11.6010929], [76.1255461, 11.6009282], [76.1256956, 11.6005714], [76.1259197, 11.6002969], [76.12634, 11.6003518], [76.126807, 11.6000682], [76.1273861, 11.5999859], [76.1279465, 11.6001505], [76.1283388, 11.6002512], [76.1287642, 11.6004283], [76.1290168, 11.6004464], [76.1293126, 11.6005188], [76.1294913, 11.6005973], [76.129442, 11.6007663], [76.1294667, 11.6009232], [76.1295891, 11.6011706], [76.1295676, 11.6013808], [76.1294013, 11.6015647], [76.1293316, 11.6018064], [76.1294281, 11.6020797], [76.1297661, 11.6023582], [76.1300611, 11.6025053], [76.1301309, 11.602705], [76.1304259, 11.6029835], [76.1307371, 11.603283], [76.1310321, 11.6034301], [76.131311, 11.6034879], [76.1313719, 11.6035361]]}}, {"type": "Feature", "properties": {"id": 1219933836, "name": "nellimalam thodu"}, "geometry": {"type": "LineString", "coordinates": [[76.1314505, 11.6035983], [76.1314559, 11.6037086], [76.1315095, 11.6038243], [76.1315095, 11.6039451], [76.131708, 11.6040239], [76.1317778, 11.6042131], [76.1318475, 11.6043235], [76.1321103, 11.6044286], [76.1323089, 11.6052882], [76.1325737, 11.6061245], [76.1326527, 11.6061764], [76.132652, 11.6062916], [76.1326556, 11.6064465]]}}, {"type": "Feature", "properties": {"id": 1219933837, "name": "nellimalam thodu"}, "geometry": {"type": "LineString", "coordinates": [[76.1314505, 11.6035983], [76.1313719, 11.6035361]]}}, {"type": "Feature", "properties": {"id": 1219934423, "name": "odathodu"}, "geometry": {"type": "LineString", "coordinates": [[76.0753851, 11.5721531], [76.0754911, 11.5721332], [76.0754971, 11.5721799], [76.0755257, 11.5721974], [76.075523, 11.5722512], [76.0755453, 11.5723144], [76.0756809, 11.5723627], [76.0756984, 11.5724492], [76.0757937, 11.5724932], [76.0758601, 11.5725194], [76.0759195, 11.5726005], [76.0760172, 11.5726712], [76.0760788, 11.5727233], [76.076201, 11.5727892], [76.0764241, 11.5728398], [76.0768167, 11.5726919], [76.0768847, 11.5724773], [76.0773755, 11.5724034], [76.0778285, 11.5722259], [76.0780474, 11.5721149], [76.0780766, 11.5719316], [76.0781762, 11.5718315], [76.0783755, 11.5717778], [76.0785548, 11.5717095], [76.078632, 11.5716583], [76.0787142, 11.5716778], [76.0788089, 11.5715387], [76.0790031, 11.5715729], [76.0792148, 11.5716656], [76.0793419, 11.5717266], [76.0795071, 11.571761], [76.0796279, 11.5718423]]}}, {"type": "Feature", "properties": {"id": 1219934843, "name": "pakkallipallam thodu1"}, "geometry": {"type": "LineString", "coordinates": [[76.0791395, 11.5602416], [76.079233, 11.5603172], [76.0793997, 11.5604766], [76.0795298, 11.5606319], [76.0796721, 11.5607833], [76.0798632, 11.560839], [76.0800054, 11.5608669], [76.0801843, 11.5609227], [76.0803348, 11.5609147], [76.0803713, 11.5609585], [76.0804283, 11.5611019], [76.0804852, 11.5612572], [76.0805665, 11.5614404], [76.0806275, 11.5616037], [76.0806234, 11.5617352], [76.0806437, 11.5619463], [76.0806641, 11.5620937], [76.0806618, 11.5622443], [76.0806405, 11.5624454], [76.0805359, 11.562755], [76.0804928, 11.5629029], [76.0804617, 11.5629958]]}}, {"type": "Feature", "properties": {"id": 1219934844, "name": "pakkallippalam thodu 1"}, "geometry": {"type": "LineString", "coordinates": [[76.0803559, 11.5630851], [76.0803387, 11.5631112], [76.0802185, 11.5632681], [76.0800018, 11.5637225], [76.0799458, 11.5639009], [76.0792686, 11.5644774], [76.0789651, 11.5646329], [76.0787129, 11.5648297], [76.0786008, 11.5649075], [76.0786428, 11.5649601], [76.0787829, 11.5649189], [76.0788798, 11.5649887], [76.0788881, 11.5652473], [76.078941, 11.5654298], [76.0789164, 11.5657117], [76.0786545, 11.5661555], [76.0783714, 11.5664953], [76.0780033, 11.5668282], [76.0772602, 11.567288], [76.0763482, 11.5674877], [76.0757903, 11.5674982], [76.0755114, 11.5677295], [76.075093, 11.5678766], [76.0747174, 11.5678451], [76.0744894, 11.5676444]]}}, {"type": "Feature", "properties": {"id": 1219934845, "name": "pakkall"}, "geometry": {"type": "LineString", "coordinates": [[76.0804617, 11.5629958], [76.0803559, 11.5630851]]}}, {"type": "Feature", "properties": {"id": 1219936012, "name": "anapparathodu"}, "geometry": {"type": "LineString", "coordinates": [[76.0759674, 11.5647973], [76.075861, 11.5648061]]}}, {"type": "Feature", "properties": {"id": 1219936324, "name": "anapparathodu"}, "geometry": {"type": "LineString", "coordinates": [[76.0733445, 11.5647246], [76.0733509, 11.5648105], [76.0731195, 11.5648715], [76.0729244, 11.5649352], [76.0726845, 11.5650348], [76.0725747, 11.5650945], [76.0725219, 11.5651941], [76.0724812, 11.5654171], [76.0725161, 11.5656772], [76.0726656, 11.5659242], [76.0729738, 11.566153], [76.0732166, 11.5662262], [76.0734875, 11.5662811], [76.0736836, 11.566519], [76.0739973, 11.5666078], [76.0743718, 11.5667759], [76.0745123, 11.5671429], [76.0745591, 11.5674639], [76.0744894, 11.5676444], [76.0743406, 11.5680296], [76.0740909, 11.5689469], [76.074169, 11.5695737], [76.0740129, 11.5701088], [76.0745747, 11.570277], [76.07508, 11.5705858]]}}, {"type": "Feature", "properties": {"id": 1219936484, "name": "anappara thodu"}, "geometry": {"type": "LineString", "coordinates": [[76.0732955, 11.5614147], [76.0735079, 11.5619556], [76.0737769, 11.5626214], [76.0739141, 11.5631569], [76.0739424, 11.5632817], [76.073953, 11.5634308], [76.0738629, 11.5634854], [76.073732, 11.5635824], [76.0736647, 11.5637073], [76.0736293, 11.5638564], [76.073601, 11.5640297], [76.0735904, 11.5640956], [76.0735232, 11.5642274], [76.0736116, 11.5643071], [76.0734984, 11.5645256], [76.0734488, 11.5646088], [76.0733604, 11.5646296], [76.0733445, 11.5647246]]}}, {"type": "Feature", "properties": {"id": 1219937368, "name": "anapparathodu"}, "geometry": {"type": "LineString", "coordinates": [[76.0736583, 11.5647313], [76.0733509, 11.5648105]]}}, {"type": "Feature", "properties": {"id": 1219945446, "name": "vellithod"}, "geometry": {"type": "LineString", "coordinates": [[76.1341625, 11.6110858], [76.1343102, 11.6109989], [76.1345074, 11.6110265], [76.1345114, 11.6108716], [76.1345562, 11.6108477], [76.1347716, 11.6107322], [76.1349099, 11.6106765], [76.1350953, 11.6105804], [76.1352229, 11.6105809], [76.1353001, 11.6108756], [76.1354193, 11.6109773], [76.1354822, 11.610931], [76.1357203, 11.6109275], [76.1358707, 11.6110669], [76.135947, 11.6112242], [76.1361757, 11.611274], [76.136274, 11.6112931]]}}, {"type": "Feature", "properties": {"id": 1219945447, "name": "vellithod"}, "geometry": {"type": "LineString", "coordinates": [[76.136274, 11.6112931], [76.1362631, 11.6113785]]}}, {"type": "Feature", "properties": {"id": 1219951939, "name": "pakkallipallam thodu"}, "geometry": {"type": "LineString", "coordinates": [[76.0773361, 11.5620191], [76.0772877, 11.5622607], [76.0773145, 11.5626899], [76.0774983, 11.5629789], [76.0774516, 11.5630386]]}}, {"type": "Feature", "properties": {"id": 1219951940, "name": "pakkallipallam thodu"}, "geometry": {"type": "LineString", "coordinates": [[76.0773593, 11.5619037], [76.0773361, 11.5620191]]}}, {"type": "Feature", "properties": {"id": 1219959726, "name": "chepottukunnu thodu"}, "geometry": {"type": "LineString", "coordinates": [[76.1380574, 11.6128581], [76.1380179, 11.6130116], [76.1378247, 11.6133058], [76.13728, 11.6132404], [76.1371242, 11.6130145], [76.1369042, 11.612723], [76.1366157, 11.6125832], [76.1363272, 11.6127576]]}}, {"type": "Feature", "properties": {"id": 1219959727, "name": "chepottukunnu thodu"}, "geometry": {"type": "LineString", "coordinates": [[76.1381225, 11.6127811], [76.1380574, 11.6128581]]}}, {"type": "Feature", "properties": {"id": 1221481180, "name": "kallumala thodu 1"}, "geometry": {"type": "LineString", "coordinates": [[76.134365, 11.577091], [76.134243, 11.5772886], [76.1341907, 11.5773838], [76.1340736, 11.5775424], [76.1340362, 11.5775445], [76.1340163, 11.5775104], [76.1339565, 11.5774396], [76.1338839, 11.5772797], [76.1338441, 11.577104], [76.1337046, 11.576921], [76.1336747, 11.5768722], [76.1335701, 11.5767258]]}}, {"type": "Feature", "properties": {"id": 1221924904, "name": "unnamed"}, "geometry": {"type": "LineString", "coordinates": [[76.107039, 11.6383785], [76.107121, 11.6383709], [76.1071704, 11.6383917], [76.1071953, 11.6384189], [76.1072391, 11.6384459], [76.1072906, 11.6384612], [76.1073566, 11.6384813]]}}, {"type": "Feature", "properties": {"id": 1221924908, "name": "unnamed"}, "geometry": {"type": "LineString", "coordinates": [[76.1074298, 11.6384956], [76.1074628, 11.6385195], [76.1074962, 11.6385636], [76.1075743, 11.6386914]]}}, {"type": "Feature", "properties": {"id": 1221924909, "name": "unnamed"}, "geometry": {"type": "LineString", "coordinates": [[76.1073566, 11.6384813], [76.1074298, 11.6384956]]}}, {"type": "Feature", "properties": {"id": 1221924920, "name": "Kumbaladu-Muranikkara Thodu"}, "geometry": {"type": "LineString", "coordinates": [[76.0965567, 11.6523149], [76.0969215, 11.6528771], [76.0968357, 11.6529716], [76.0968142, 11.6530504], [76.0969698, 11.6531345], [76.0970878, 11.6532816], [76.0970234, 11.6534287], [76.0971468, 11.6535075], [76.0969966, 11.6535811], [76.0967286, 11.6536912], [76.096734, 11.653791], [76.0968359, 11.6540747], [76.0966911, 11.6543322], [76.0967179, 11.6545266], [76.0966696, 11.6547945], [76.0967715, 11.6548313], [76.096852, 11.6548943], [76.0966911, 11.6549889], [76.0967465, 11.6551248], [76.0966267, 11.655136], [76.0965892, 11.655115], [76.0964282, 11.6551675], [76.0963853, 11.6553304], [76.0961942, 11.6555769], [76.0961495, 11.6556437], [76.096133, 11.6557705], [76.0960907, 11.6559111], [76.096013, 11.655941], [76.095933, 11.6559825], [76.0958507, 11.6559594], [76.095813, 11.6559249], [76.0957589, 11.6559571], [76.095766, 11.6560701], [76.0957825, 11.6561737], [76.0957189, 11.6562037], [76.0956719, 11.6562106], [76.0956507, 11.656289], [76.0956577, 11.6563489], [76.0956789, 11.6563696], [76.0956695, 11.6564341], [76.0956225, 11.6564779], [76.0955942, 11.6565125], [76.0955636, 11.6565678], [76.0955401, 11.6566162], [76.0954319, 11.6567176], [76.0953989, 11.6567637], [76.0954107, 11.6569204], [76.0953095, 11.6570171], [76.0952013, 11.6571001], [76.0952013, 11.6571738], [76.0953872, 11.657425], [76.0953542, 11.6575702], [76.0952813, 11.6576762]]}}, {"type": "Feature", "properties": {"id": 1221924921, "name": "Kumbaladu-Muranikkara Thodu"}, "geometry": {"type": "LineString", "coordinates": [[76.0965044, 11.652252], [76.0965567, 11.6523149]]}}, {"type": "Feature", "properties": {"id": 1221928043, "name": "edappetti thodu"}, "geometry": {"type": "LineString", "coordinates": [[76.1010616, 11.6331735], [76.1011572, 11.6332048]]}}, {"type": "Feature", "properties": {"id": 1221928044, "name": "edappetti thodu"}, "geometry": {"type": "LineString", "coordinates": [[76.1012916, 11.6337056], [76.1013156, 11.6337576]]}}, {"type": "Feature", "properties": {"id": 1221928738, "name": "Kumbaladu-Muranikkara Thodu"}, "geometry": {"type": "LineString", "coordinates": [[76.0948376, 11.6468056], [76.0948479, 11.6468375], [76.0949976, 11.6474039], [76.0950534, 11.647615], [76.0950067, 11.6483102], [76.0950067, 11.6490512], [76.0945117, 11.6492158], [76.0945662, 11.6495677], [76.0947328, 11.6498403], [76.0949608, 11.6504729], [76.0949903, 11.6505549], [76.0952264, 11.6504498], [76.0954088, 11.6508753], [76.0955858, 11.6508438], [76.095795, 11.6510277], [76.0960364, 11.651138], [76.0959452, 11.6512379], [76.095913, 11.651364], [76.0959559, 11.6514585], [76.0958647, 11.6517002], [76.0959452, 11.6519209], [76.0960847, 11.6521783], [76.096251, 11.6522466], [76.0964441, 11.6521888], [76.0965044, 11.652252]]}}, {"type": "Feature", "properties": {"id": 1221928739, "name": "Kumbaladu-Muranikkara Thodu"}, "geometry": {"type": "LineString", "coordinates": [[76.0948072, 11.646711], [76.0948376, 11.6468056]]}}, {"type": "Feature", "properties": {"id": 1221949040, "name": "Kumblad-Muranikkara Thodu"}, "geometry": {"type": "LineString", "coordinates": [[76.098863, 11.6655794], [76.0988971, 11.6657248], [76.0989993, 11.665888], [76.0990961, 11.6660092], [76.0992682, 11.6660408], [76.0993542, 11.6663778], [76.0994456, 11.6667043], [76.0995693, 11.6667991], [76.0996983, 11.666857], [76.0997413, 11.6671677], [76.0999295, 11.6675626], [76.1000263, 11.6676574], [76.100392, 11.6678575], [76.1006931, 11.6679944], [76.1009888, 11.6681577], [76.1014082, 11.6683788], [76.1017954, 11.6684578], [76.1020427, 11.6684789], [76.1024568, 11.6687422], [76.1026933, 11.668916], [76.1029246, 11.6689423], [76.1031235, 11.6690371], [76.1034945, 11.6692109], [76.1039389, 11.669329], [76.104297, 11.6694443], [76.1045564, 11.6695504], [76.1052684, 11.6697539]]}}, {"type": "Feature", "properties": {"id": 1221949041, "name": "Kumblad-Muranikkara Thodu"}, "geometry": {"type": "LineString", "coordinates": [[76.0988369, 11.6654682], [76.098863, 11.6655794]]}}, {"type": "Feature", "properties": {"id": 1221976785, "name": "kallenchira thodu"}, "geometry": {"type": "LineString", "coordinates": [[76.1001821, 11.6874352], [76.1001176, 11.6874381], [76.0999705, 11.6874937], [76.1000877, 11.6878403], [76.1000877, 11.6880567], [76.0998006, 11.6882909], [76.0996914, 11.6882838]]}}, {"type": "Feature", "properties": {"id": 1221976786, "name": "kallenchira thodu"}, "geometry": {"type": "LineString", "coordinates": [[76.1002851, 11.6874306], [76.1001821, 11.6874352]]}}, {"type": "Feature", "properties": {"id": 1222447577, "name": "arapatta thodu"}, "geometry": {"type": "LineString", "coordinates": [[76.1538307, 11.5538781], [76.1540212, 11.5540647], [76.1541511, 11.5541603], [76.1542371, 11.5543052], [76.1543058, 11.55444], [76.1544331, 11.5545276], [76.1545122, 11.5546421], [76.1547246, 11.5548839], [76.1548183, 11.5551515], [76.1550836, 11.5554955], [76.1554113, 11.5558013], [76.1556766, 11.5559236], [76.1563632, 11.5567492], [76.1566129, 11.5570321], [76.1568002, 11.5575748], [76.1568145, 11.5577064], [76.1568848, 11.5577564], [76.1570067, 11.5577484], [76.1570164, 11.5577489]]}}, {"type": "Feature", "properties": {"id": 1223216205, "name": "arapatta thodu"}, "geometry": {"type": "LineString", "coordinates": [[76.1571178, 11.5577546], [76.1571317, 11.5577763], [76.1571109, 11.5578611], [76.1570707, 11.5579995], [76.157029, 11.5581349], [76.1569944, 11.5582703], [76.1569497, 11.558358], [76.156907, 11.5584356], [76.1568562, 11.5585203], [76.1567891, 11.5586188], [76.1566926, 11.5586975], [76.1566082, 11.5587523], [76.1565686, 11.5587682], [76.1565218, 11.5587871], [76.1565025, 11.5588509], [76.1565117, 11.5589136], [76.1565493, 11.5589634], [76.1565879, 11.5590002], [76.1566504, 11.5590707], [76.1566473, 11.5592488], [76.1566319, 11.5594541], [76.1565303, 11.5596261], [76.1564132, 11.5598766], [76.1563661, 11.5601353], [76.1562563, 11.5604699], [76.1561018, 11.5609], [76.1559799, 11.5611492]]}}, {"type": "Feature", "properties": {"id": 1223216206, "name": "arapatta thodu"}, "geometry": {"type": "LineString", "coordinates": [[76.1570164, 11.5577489], [76.1571178, 11.5577546]]}}, {"type": "Feature", "properties": {"id": 1223217788, "name": "jaihind colony thodu"}, "geometry": {"type": "LineString", "coordinates": [[76.1539009, 11.5782048], [76.153965, 11.5782107], [76.1540554, 11.5782127], [76.1541357, 11.5782167], [76.1541815, 11.5782167], [76.1542506, 11.5782208], [76.1543515, 11.5782329], [76.1545161, 11.5782416], [76.1546577, 11.5782503], [76.1547709, 11.5782589], [76.1548098, 11.5782971], [76.1548455, 11.5783789], [76.1549361, 11.5785589], [76.1550345, 11.5787253], [76.1551511, 11.578945], [76.15518, 11.5789454]]}}, {"type": "Feature", "properties": {"id": 1223217789, "name": "jaihind colony thodu"}, "geometry": {"type": "LineString", "coordinates": [[76.15518, 11.5789454], [76.1552809, 11.5789468]]}}, {"type": "Feature", "properties": {"id": 1223242459, "name": "unnamed"}, "geometry": {"type": "LineString", "coordinates": [[76.1194215, 11.565981], [76.1193087, 11.5660686]]}}, {"type": "Feature", "properties": {"id": 1223243588, "name": "paalavayal thodu1"}, "geometry": {"type": "LineString", "coordinates": [[76.117452, 11.5711035], [76.1174741, 11.5711464], [76.1175064, 11.5712937], [76.1177079, 11.5717516], [76.1177915, 11.572508], [76.1178291, 11.5728233], [76.1179417, 11.5731386], [76.1179042, 11.5734855], [76.1178287, 11.5747134], [76.1178657, 11.5759208], [76.1177682, 11.5766798]]}}, {"type": "Feature", "properties": {"id": 1223243589, "name": "paalavayal thodu1"}, "geometry": {"type": "LineString", "coordinates": [[76.1193087, 11.5660686], [76.1190706, 11.5666109], [76.1185892, 11.567242], [76.1180371, 11.5680949], [76.1176053, 11.5689826], [76.1172656, 11.5695373], [76.1173175, 11.5698699], [76.1172867, 11.570064], [76.1173708, 11.5705581], [76.1173802, 11.5708966], [76.1174003, 11.5709783]]}}, {"type": "Feature", "properties": {"id": 1223243590, "name": "paalavayal thodu1"}, "geometry": {"type": "LineString", "coordinates": [[76.1174003, 11.5709783], [76.117452, 11.5711035]]}}, {"type": "Feature", "properties": {"id": 1224016000, "name": "puttadu thodu"}, "geometry": {"type": "LineString", "coordinates": [[76.1701708, 11.5787162], [76.1701974, 11.5787834], [76.1700817, 11.5791798], [76.1700416, 11.5795806], [76.1698576, 11.5800383], [76.1696948, 11.5803295], [76.1694966, 11.5806346], [76.1695037, 11.5809051], [76.1694895, 11.5811963], [76.1695037, 11.5817025], [76.1694773, 11.5820007], [76.1693181, 11.5823006], [76.1691344, 11.5824926], [76.1690732, 11.5828045], [76.1689385, 11.5832003], [76.1687181, 11.5833683], [76.1687035, 11.5834588]]}}, {"type": "Feature", "properties": {"id": 1225346842, "name": "Muthappankundu thodu"}, "geometry": {"type": "LineString", "coordinates": [[76.1647515, 11.5737208], [76.164718, 11.5738403], [76.1646198, 11.5739093], [76.1644323, 11.5739205], [76.16438, 11.5741254], [76.1645168, 11.5743422], [76.1642011, 11.5748098], [76.1640098, 11.5750305], [76.1640179, 11.5752067], [76.163857, 11.5754038], [76.163747, 11.575614], [76.1637202, 11.5760318], [76.163637, 11.5762867], [76.1635673, 11.5765127], [76.1635217, 11.5766835], [76.1636907, 11.5770408], [76.163798, 11.5772195], [76.1639187, 11.5773535], [76.1638463, 11.5776163], [76.1637551, 11.5777293], [76.1636987, 11.5777871], [76.1635619, 11.5778317], [76.1634895, 11.5779237], [76.1633876, 11.5780498], [76.1633152, 11.5780814], [76.163283, 11.5780945], [76.1633313, 11.5784124], [76.1635485, 11.5785701], [76.16368, 11.5787383], [76.1636156, 11.5792507], [76.1637014, 11.5796816], [76.1637819, 11.5800337], [76.163798, 11.5804488], [76.1635727, 11.580864], [76.1631101, 11.5816016], [76.1628914, 11.5819676], [76.1626768, 11.5821305], [76.1623925, 11.5822777], [76.1620545, 11.5823565]]}}, {"type": "Feature", "properties": {"id": 1225347844, "name": "pandynkunnu thodu"}, "geometry": {"type": "LineString", "coordinates": [[76.1698183, 11.5716299], [76.1695676, 11.5715902], [76.1694503, 11.5715229], [76.1692602, 11.5715269], [76.1691672, 11.5716101], [76.1689569, 11.5716576], [76.168787, 11.571618], [76.168653, 11.5715887], [76.1684904, 11.5715807], [76.1683928, 11.5715648], [76.1682668, 11.5715568]]}}, {"type": "Feature", "properties": {"id": 1225348158, "name": "unnamed"}, "geometry": {"type": "LineString", "coordinates": [[76.1682668, 11.5715568], [76.1680773, 11.5716362], [76.1679787, 11.5716906], [76.1678678, 11.5716362], [76.1678678, 11.5714974], [76.1677692, 11.5714793], [76.1676891, 11.5715215], [76.1676521, 11.5716121], [76.1676459, 11.5717147], [76.1675227, 11.5717087], [76.1674364, 11.5716302], [76.1672393, 11.5716121], [76.167153, 11.5716966], [76.1670975, 11.5717932], [76.1670359, 11.5718475], [76.1669743, 11.5718717]]}}, {"type": "Feature", "properties": {"id": 1225348194, "name": "uppupaara thodu"}, "geometry": {"type": "LineString", "coordinates": [[76.1400112, 11.5922559], [76.1401741, 11.5927815], [76.1400243, 11.5930332], [76.1400971, 11.5935828], [76.1404397, 11.593931], [76.1407394, 11.5939897], [76.1409163, 11.5943041]]}}, {"type": "Feature", "properties": {"id": 1225348195, "name": "uppupaara thodu"}, "geometry": {"type": "LineString", "coordinates": [[76.1399786, 11.592151], [76.1400112, 11.5922559]]}}, {"type": "Feature", "properties": {"id": 1225348723, "name": "pandynkunnu thodu"}, "geometry": {"type": "LineString", "coordinates": [[76.1669743, 11.5718717], [76.1667599, 11.5720163], [76.1665729, 11.5721039], [76.1663208, 11.5722553], [76.1661664, 11.5725022], [76.1659793, 11.5727173], [76.1658492, 11.5729244], [76.1657517, 11.5730047], [76.165553, 11.5730141], [76.1654181, 11.5729255], [76.1652886, 11.5729612], [76.1651067, 11.5729928], [76.1650096, 11.5730602], [76.1650298, 11.5732028], [76.1651026, 11.5733772], [76.1651107, 11.5734326], [76.1650379, 11.5735238], [76.164953, 11.5735792], [76.1648629, 11.5735721], [76.1647515, 11.5737208]]}}, {"type": "Feature", "properties": {"id": 1225351523, "name": "kunduvayal thodu 1"}, "geometry": {"type": "LineString", "coordinates": [[76.1453979, 11.5781505], [76.1456595, 11.5783362], [76.1459753, 11.5786101], [76.1463091, 11.5788488], [76.1470432, 11.5794992], [76.1474387, 11.5798117], [76.1474273, 11.5798742]]}}, {"type": "Feature", "properties": {"id": 1225351997, "name": "kunduvayal thodu 1"}, "geometry": {"type": "LineString", "coordinates": [[76.1474035, 11.5800051], [76.1473123, 11.5801389], [76.1472249, 11.5802391], [76.1471832, 11.5803146], [76.1470433, 11.5803825], [76.1469288, 11.5804948], [76.1467121, 11.5806265], [76.14659, 11.5807144], [76.1465626, 11.5808607], [76.146605, 11.5809705], [76.1466299, 11.5810974], [76.1465925, 11.5812414], [76.1464929, 11.5813658], [76.1463733, 11.581461], [76.1462189, 11.5815391], [76.1461342, 11.5816001], [76.1460371, 11.5816781], [76.1459449, 11.5817269], [76.1458279, 11.5817879], [76.1457581, 11.5818148], [76.1456648, 11.5818274]]}}, {"type": "Feature", "properties": {"id": 1225351998, "name": "kunduvayal thodu 1"}, "geometry": {"type": "LineString", "coordinates": [[76.1474273, 11.5798742], [76.1474126, 11.5799551]]}}, {"type": "Feature", "properties": {"id": 1225355356, "name": "puttadu thodu"}, "geometry": {"type": "LineString", "coordinates": [[76.1686853, 11.5835716], [76.1686446, 11.5838242], [76.1684877, 11.5840426], [76.1682316, 11.5840831], [76.1681573, 11.5842853], [76.168149, 11.5845847], [76.1678765, 11.5848598], [76.1675709, 11.5850702], [76.1671414, 11.5852563], [76.166153, 11.5857566]]}}, {"type": "Feature", "properties": {"id": 1225355357, "name": "puttadu thodu"}, "geometry": {"type": "LineString", "coordinates": [[76.1687035, 11.5834588], [76.1686853, 11.5835716]]}}, {"type": "Feature", "properties": {"id": 1225355358, "name": "puttadu thodu"}, "geometry": {"type": "LineString", "coordinates": [[76.1701065, 11.5777315], [76.1701808, 11.5781361], [76.170123, 11.578306], [76.1700982, 11.5785325], [76.1701299, 11.5786128]]}}, {"type": "Feature", "properties": {"id": 1225355359, "name": "puttadu thodu"}, "geometry": {"type": "LineString", "coordinates": [[76.1701299, 11.5786128], [76.1701708, 11.5787162]]}}, {"type": "Feature", "properties": {"id": 1225364091, "name": "kadalad thodu"}, "geometry": {"type": "LineString", "coordinates": [[76.1826919, 11.5514678], [76.183411, 11.551793], [76.1840547, 11.5519822], [76.1846341, 11.5522555], [76.184956, 11.5526549], [76.1850632, 11.5531384], [76.1851391, 11.5537104], [76.1852584, 11.5539515], [76.1852658, 11.5541049], [76.1853926, 11.554251], [76.1853851, 11.5543532], [76.1853628, 11.5544628], [76.1854597, 11.5545651], [76.185579, 11.5547039], [76.1856461, 11.5549084], [76.1858847, 11.5551641], [76.1860413, 11.5554636], [76.1862426, 11.5556974], [76.1864513, 11.5558069], [76.1865222, 11.5558416]]}}, {"type": "Feature", "properties": {"id": 1225364092, "name": "kadalad thodu"}, "geometry": {"type": "LineString", "coordinates": [[76.1865222, 11.5558416], [76.1866328, 11.5558958]]}}, {"type": "Feature", "properties": {"id": 1225364762, "name": "luckeyhill kaithodu"}, "geometry": {"type": "LineString", "coordinates": [[76.1479803, 11.559607], [76.1479575, 11.5596164], [76.1478933, 11.5596941], [76.1478814, 11.5599618], [76.1478676, 11.5601864], [76.1478167, 11.5603139], [76.1478972, 11.56044], [76.1479347, 11.5605714], [76.1480527, 11.5608552], [76.1482566, 11.5611443], [76.1484014, 11.5612914], [76.1482693, 11.5613563]]}}, {"type": "Feature", "properties": {"id": 1225364763, "name": "luckeyhill kaithodu"}, "geometry": {"type": "LineString", "coordinates": [[76.1480744, 11.5595684], [76.1479803, 11.559607]]}}, {"type": "Feature", "properties": {"id": 1226388261, "name": "kadalad thodu"}, "geometry": {"type": "LineString", "coordinates": [[76.1780655, 11.5516717], [76.1798061, 11.5516248], [76.180643, 11.5513515], [76.1814798, 11.5512884], [76.1822952, 11.5512884], [76.1825784, 11.5514164]]}}, {"type": "Feature", "properties": {"id": 1226388262, "name": "kadalad thodu"}, "geometry": {"type": "LineString", "coordinates": [[76.1825784, 11.5514164], [76.1826919, 11.5514678]]}}, {"type": "Feature", "properties": {"id": 1226392367, "name": "kakkavayal thodu"}, "geometry": {"type": "LineString", "coordinates": [[76.1434055, 11.6449254], [76.1433422, 11.6450823], [76.1432829, 11.6452411], [76.143271, 11.645334], [76.1432473, 11.645456], [76.1431845, 11.6458449], [76.1431031, 11.6460842], [76.1430607, 11.6462468], [76.1430002, 11.6464095], [76.1429503, 11.6465317], [76.1428865, 11.6467028], [76.142859, 11.6467953]]}}, {"type": "Feature", "properties": {"id": 1226392368, "name": "kakkavayal thodu"}, "geometry": {"type": "LineString", "coordinates": [[76.1434365, 11.6448636], [76.1434055, 11.6449254]]}}, {"type": "Feature", "properties": {"id": 1226392586, "name": "kakkavayal thodu"}, "geometry": {"type": "LineString", "coordinates": [[76.1357497, 11.6492141], [76.1352117, 11.6491757]]}}, {"type": "Feature", "properties": {"id": 1226392587, "name": "kakkavayal thodu"}, "geometry": {"type": "LineString", "coordinates": [[76.1358507, 11.6492213], [76.1357497, 11.6492141]]}}, {"type": "Feature", "properties": {"id": 1226392588, "name": "kakkavayal thodu"}, "geometry": {"type": "LineString", "coordinates": [[76.137076, 11.6489763], [76.1370656, 11.6489789], [76.1368093, 11.6489484], [76.1366407, 11.6491098], [76.1366015, 11.6492749], [76.1358507, 11.6492213]]}}, {"type": "Feature", "properties": {"id": 1226392589, "name": "kakkavayal thodu"}, "geometry": {"type": "LineString", "coordinates": [[76.1371608, 11.6489552], [76.137076, 11.6489763]]}}, {"type": "Feature", "properties": {"id": 1226392590, "name": "kakkavayal thodu"}, "geometry": {"type": "LineString", "coordinates": [[76.140155, 11.6487267], [76.1401164, 11.6487169], [76.1400148, 11.6487281], [76.139949, 11.6487459], [76.1398641, 11.6487855], [76.139783, 11.6487457], [76.1396867, 11.6487832], [76.1395465, 11.6487986], [76.1393005, 11.6487706], [76.1390087, 11.6487482], [76.1387851, 11.6487742]]}}, {"type": "Feature", "properties": {"id": 1226392591, "name": "kakkavayal thodu"}, "geometry": {"type": "LineString", "coordinates": [[76.1387851, 11.6487742], [76.1386847, 11.6487859]]}}, {"type": "Feature", "properties": {"id": 1226435349, "name": "unnamed"}, "geometry": {"type": "LineString", "coordinates": [[76.1538889, 11.660251], [76.1537387, 11.6601682]]}}, {"type": "Feature", "properties": {"id": 1226435973, "name": "unnamed"}, "geometry": {"type": "LineString", "coordinates": [[76.1510399, 11.6379785], [76.1511745, 11.6381254], [76.1513783, 11.6383477], [76.151636, 11.6385323], [76.1518207, 11.6386227], [76.1520745, 11.6387771], [76.1522168, 11.6389542], [76.1523381, 11.6390943], [76.1524594, 11.639305], [76.152578, 11.6394752], [76.1527329, 11.639804], [76.1528333, 11.639971], [76.152894, 11.6401311], [76.1529454, 11.6402477], [76.1530201, 11.6403186], [76.1530715, 11.6404947], [76.1530995, 11.6406273], [76.1531509, 11.6407668], [76.1531976, 11.6409315], [76.1532209, 11.641071], [76.1531882, 11.6411208], [76.1531415, 11.6411437], [76.1531392, 11.64121], [76.1531789, 11.6413381], [76.1532373, 11.6415347], [76.153298, 11.6416788], [76.1533447, 11.641784], [76.1533774, 11.6419876], [76.1534451, 11.6421637], [76.1534357, 11.6423283], [76.1534497, 11.6424861], [76.1535034, 11.6426142], [76.1535058, 11.6427994], [76.1535548, 11.642987], [76.1536832, 11.643115], [76.1537626, 11.6432294], [76.1537671, 11.6432835]]}}, {"type": "Feature", "properties": {"id": 1226435974, "name": "malakkad thodu"}, "geometry": {"type": "LineString", "coordinates": [[76.1521787, 11.6437773], [76.1522127, 11.6437398], [76.1522511, 11.643684], [76.1522952, 11.6435921], [76.1523527, 11.6435695], [76.1524466, 11.6436071], [76.1525884, 11.6434945], [76.1530099, 11.643381], [76.1537439, 11.6432684], [76.1537671, 11.6432835], [76.1543847, 11.643686], [76.1550891, 11.6442742], [76.1553729, 11.644658], [76.1556036, 11.6448268]]}}, {"type": "Feature", "properties": {"id": 1226435975, "name": "malakkad thodu"}, "geometry": {"type": "LineString", "coordinates": [[76.1556036, 11.6448268], [76.1556862, 11.6448872]]}}, {"type": "Feature", "properties": {"id": 1226435976, "name": "malakkad thodu"}, "geometry": {"type": "LineString", "coordinates": [[76.157434, 11.6472461], [76.1580143, 11.6471488], [76.158458, 11.6469979], [76.1587269, 11.6474439]]}}, {"type": "Feature", "properties": {"id": 1226435977, "name": "malakkad thodu"}, "geometry": {"type": "LineString", "coordinates": [[76.1573243, 11.6472645], [76.157434, 11.6472461]]}}, {"type": "Feature", "properties": {"id": 1227105743, "name": "nedunkodu thodu"}, "geometry": {"type": "LineString", "coordinates": [[76.0569693, 11.6327258], [76.0570872, 11.6328573], [76.0574076, 11.6330815], [76.0580142, 11.6334626], [76.0586748, 11.6338936], [76.0587849, 11.6339788], [76.0589363, 11.6340814], [76.0590409, 11.6341546], [76.0592028, 11.6342424], [76.0593522, 11.6343083], [76.0595216, 11.6343839], [76.0596586, 11.6344351], [76.0599257, 11.6344728], [76.0600862, 11.6345069]]}}, {"type": "Feature", "properties": {"id": 1227105823, "name": "nedunkodu thodu"}, "geometry": {"type": "LineString", "coordinates": [[76.0557931, 11.630905], [76.0558029, 11.6309142], [76.0558773, 11.6309934], [76.0560392, 11.6312251], [76.0561911, 11.6313983], [76.0561687, 11.6315154], [76.0559657, 11.6316467], [76.0562632, 11.6319606], [76.0566752, 11.6323977], [76.0568912, 11.6326387], [76.0569268, 11.6326784]]}}, {"type": "Feature", "properties": {"id": 1227105824, "name": "nedunkodu thodu"}, "geometry": {"type": "LineString", "coordinates": [[76.0569268, 11.6326784], [76.0569693, 11.6327258]]}}, {"type": "Feature", "properties": {"id": 1227106024, "name": "nedunkodu thodu"}, "geometry": {"type": "LineString", "coordinates": [[76.0543718, 11.6296833], [76.0544364, 11.6297349], [76.0545385, 11.6298105], [76.0546655, 11.6298934], [76.0548188, 11.6299814], [76.0549358, 11.6300761], [76.0549934, 11.6301203]]}}, {"type": "Feature", "properties": {"id": 1227106025, "name": "nedunkodu thodu"}, "geometry": {"type": "LineString", "coordinates": [[76.0549934, 11.6301203], [76.0550444, 11.6301595]]}}, {"type": "Feature", "properties": {"id": 1227106026, "name": "nedunkodu thodu"}, "geometry": {"type": "LineString", "coordinates": [[76.0550444, 11.6301595], [76.0550628, 11.6301737], [76.0553293, 11.6303786], [76.0554738, 11.6305664], [76.0556133, 11.6307372], [76.0557463, 11.6308614]]}}, {"type": "Feature", "properties": {"id": 1227106027, "name": "nedunkodu thodu"}, "geometry": {"type": "LineString", "coordinates": [[76.0557463, 11.6308614], [76.0557931, 11.630905]]}}, {"type": "Feature", "properties": {"id": 1227106045, "name": "nedunkodu thodu"}, "geometry": {"type": "LineString", "coordinates": [[76.0543218, 11.6296434], [76.0543718, 11.6296833]]}}, {"type": "Feature", "properties": {"id": 1227106046, "name": "nedunkodu thodu"}, "geometry": {"type": "LineString", "coordinates": [[76.0540617, 11.6291108], [76.0541494, 11.6291784], [76.0542067, 11.6292565], [76.0542341, 11.6293516], [76.054254, 11.6294126], [76.0542665, 11.6295297], [76.0543019, 11.6296275], [76.0543218, 11.6296434]]}}, {"type": "Feature", "properties": {"id": 1227106144, "name": "nedunkodu thodu"}, "geometry": {"type": "LineString", "coordinates": [[76.0539526, 11.6290028], [76.0539975, 11.6290613], [76.0540112, 11.6290719]]}}, {"type": "Feature", "properties": {"id": 1227106145, "name": "nedunkodu thodu"}, "geometry": {"type": "LineString", "coordinates": [[76.0540112, 11.6290719], [76.0540617, 11.6291108]]}}, {"type": "Feature", "properties": {"id": 1227106571, "name": "nedunkod kaithodu"}, "geometry": {"type": "LineString", "coordinates": [[76.0556137, 11.6326402], [76.0556667, 11.632609], [76.0559357, 11.6326163], [76.0561076, 11.6326139], [76.056394, 11.6326285], [76.0565908, 11.6326261], [76.0568912, 11.6326387]]}}, {"type": "Feature", "properties": {"id": 1227106572, "name": "nedunkod kaithodu"}, "geometry": {"type": "LineString", "coordinates": [[76.0546772, 11.6325775], [76.0547544, 11.6326409], [76.0548988, 11.6326434], [76.0550931, 11.6326214], [76.055255, 11.6326116], [76.0553845, 11.6326141], [76.0555407, 11.63262], [76.0555624, 11.6326362], [76.0555802, 11.6326375]]}}, {"type": "Feature", "properties": {"id": 1227106573, "name": "nedunkod kaithodu"}, "geometry": {"type": "LineString", "coordinates": [[76.0555802, 11.6326375], [76.0556137, 11.6326402]]}}, {"type": "Feature", "properties": {"id": 1227106742, "name": "nedunkodu thodu"}, "geometry": {"type": "LineString", "coordinates": [[76.0607588, 11.6348043], [76.0607935, 11.634841], [76.060918, 11.6350679], [76.0610009, 11.6351659]]}}, {"type": "Feature", "properties": {"id": 1227106743, "name": "changoth thodu"}, "geometry": {"type": "LineString", "coordinates": [[76.0606809, 11.6347219], [76.0607588, 11.6348043]]}}, {"type": "Feature", "properties": {"id": 1227106744, "name": "nedunkodu thodu"}, "geometry": {"type": "LineString", "coordinates": [[76.060139, 11.6345449], [76.0602954, 11.6345483], [76.0604822, 11.6346215], [76.060669, 11.6347093], [76.0606809, 11.6347219]]}}, {"type": "Feature", "properties": {"id": 1227107126, "name": "emily mythri nagar thodu"}, "geometry": {"type": "LineString", "coordinates": [[76.079983, 11.6310727], [76.0799294, 11.6310275]]}}, {"type": "Feature", "properties": {"id": 1227107127, "name": "emily mythri nagar thodu"}, "geometry": {"type": "LineString", "coordinates": [[76.0799294, 11.6310275], [76.0799382, 11.6309299]]}}, {"type": "Feature", "properties": {"id": 1227279241, "name": "odathodu"}, "geometry": {"type": "LineString", "coordinates": [[76.0751493, 11.5719868], [76.0752132, 11.5720024], [76.0752791, 11.5720229], [76.0753502, 11.5720537]]}}, {"type": "Feature", "properties": {"id": 1227279242, "name": "odathodu"}, "geometry": {"type": "LineString", "coordinates": [[76.0753502, 11.5720537], [76.0753851, 11.5721531]]}}, {"type": "Feature", "properties": {"id": 1227293519, "name": "Erumakolli thodu"}, "geometry": {"type": "LineString", "coordinates": [[76.114755, 11.553424], [76.1150734, 11.5534063], [76.1152397, 11.5533809], [76.1153948, 11.5534147], [76.1156233, 11.5540278], [76.115608, 11.5545747], [76.1150082, 11.555016], [76.1143917, 11.5552383], [76.1140822, 11.5552939], [76.1133067, 11.5557716], [76.1131541, 11.5561827], [76.1131732, 11.5564443], [76.1132113, 11.5569302], [76.113383, 11.5575842], [76.113383, 11.5580888], [76.1131358, 11.5589057], [76.1131311, 11.5590458], [76.1131156, 11.5591521], [76.1130989, 11.5592526], [76.113106, 11.5593293]]}}, {"type": "Feature", "properties": {"id": 1227974943, "name": "emily nagar thodu"}, "geometry": {"type": "LineString", "coordinates": [[76.0848026, 11.6194117], [76.0847745, 11.6192654], [76.0847287, 11.6192094]]}}, {"type": "Feature", "properties": {"id": 1227974944, "name": "emily nagar thodu"}, "geometry": {"type": "LineString", "coordinates": [[76.0848231, 11.6195183], [76.0848026, 11.6194117]]}}, {"type": "Feature", "properties": {"id": 1227974945, "name": "emily nagar thodu"}, "geometry": {"type": "LineString", "coordinates": [[76.0850481, 11.6212135], [76.0850301, 11.6211826], [76.0849451, 11.6209771], [76.0848873, 11.6206083], [76.0848385, 11.6204183], [76.0848055, 11.6203288], [76.0848524, 11.620245], [76.0848605, 11.620089], [76.0848714, 11.6199358], [76.0848231, 11.6195183]]}}, {"type": "Feature", "properties": {"id": 1227974946, "name": "emily nagar thodu"}, "geometry": {"type": "LineString", "coordinates": [[76.0851031, 11.6213077], [76.0850481, 11.6212135]]}}, {"type": "Feature", "properties": {"id": 1228212039, "name": "bypass thodu"}, "geometry": {"type": "LineString", "coordinates": [[76.0842252, 11.6155741], [76.0841016, 11.6156216], [76.0840431, 11.6156968], [76.0840111, 11.6157702], [76.084004, 11.6158339], [76.0839513, 11.6158824], [76.0839004, 11.6159253], [76.0838003, 11.616078], [76.083732, 11.6161282], [76.0837087, 11.6161673], [76.0836488, 11.6161989], [76.0835529, 11.6162364], [76.083497, 11.6162474]]}}, {"type": "Feature", "properties": {"id": 1228212041, "name": "unnamed"}, "geometry": {"type": "LineString", "coordinates": [[76.0811393, 11.6132385], [76.0808068, 11.6131808], [76.0806138, 11.613249], [76.0806089, 11.6135692]]}}, {"type": "Feature", "properties": {"id": 1228212042, "name": "bypass thodu"}, "geometry": {"type": "LineString", "coordinates": [[76.0808412, 11.6136807], [76.0807166, 11.6136759], [76.0806685, 11.6136309], [76.0806089, 11.6135692]]}}, {"type": "Feature", "properties": {"id": 1228212043, "name": "bypass thodu"}, "geometry": {"type": "LineString", "coordinates": [[76.0832784, 11.6159787], [76.0832656, 11.6159351]]}}, {"type": "Feature", "properties": {"id": 1228563759, "name": "thinapuram thodu"}, "geometry": {"type": "LineString", "coordinates": [[76.1635578, 11.5529063], [76.1634936, 11.5529958], [76.1635776, 11.5531666], [76.1636956, 11.5532192], [76.1638351, 11.5535766], [76.1636849, 11.5539445], [76.1635669, 11.5542073], [76.1636742, 11.55447], [76.1638136, 11.5547433], [76.1637707, 11.5550377], [76.16376, 11.5554161], [76.1637385, 11.5557735], [76.1637261, 11.5560458], [76.1637282, 11.5562633], [76.1635458, 11.556505], [76.1633849, 11.5567889], [76.1632562, 11.5571357], [76.1634171, 11.5575667], [76.1636102, 11.5578925], [76.163578, 11.558292], [76.163578, 11.5587965], [76.1637819, 11.5592905], [76.1640608, 11.5597741], [76.1643183, 11.5598897], [76.1647153, 11.5602155], [76.165477, 11.5608567], [76.1659384, 11.5612982], [76.1663353, 11.5618763], [76.1668396, 11.5623493], [76.1672687, 11.5626646], [76.1678266, 11.5629484], [76.1685669, 11.5631797], [76.1687279, 11.5636737], [76.1689532, 11.563947], [76.1694145, 11.5642938], [76.1699724, 11.5644936], [76.1705947, 11.5648089], [76.1710668, 11.5651452], [76.1713564, 11.5655341], [76.1718821, 11.5658915], [76.1721933, 11.566396], [76.1724854, 11.5668812], [76.1725044, 11.567363], [76.1723864, 11.5680883], [76.1721933, 11.5684141], [76.1719465, 11.5688451], [76.1716354, 11.5692971], [76.1712384, 11.569707], [76.1709916, 11.5699277], [76.1707663, 11.570222], [76.1702406, 11.5703902], [76.169951, 11.5705478], [76.1696505, 11.570737], [76.1694682, 11.5708421], [76.1694199, 11.5710418], [76.1693716, 11.5712258], [76.1693126, 11.5714518], [76.1692602, 11.5715269]]}}, {"type": "Feature", "properties": {"id": 1231603588, "name": "pakkallipallam thodu"}, "geometry": {"type": "LineString", "coordinates": [[76.0768751, 11.5634637], [76.0767982, 11.5636067], [76.0767224, 11.5637809], [76.0766695, 11.5639163], [76.0766004, 11.5640318], [76.0765435, 11.5641832], [76.0764337, 11.564211], [76.076263, 11.5642708], [76.0761532, 11.5643385], [76.0760922, 11.5644779], [76.0760597, 11.5646492], [76.0760139, 11.5647227]]}}, {"type": "Feature", "properties": {"id": 1231603589, "name": "pakkallipallam thodu"}, "geometry": {"type": "LineString", "coordinates": [[76.0773842, 11.5631248], [76.0773034, 11.563228], [76.0770446, 11.5633608], [76.0768751, 11.5634637]]}}, {"type": "Feature", "properties": {"id": 1231603590, "name": "pakkallipallam thodu"}, "geometry": {"type": "LineString", "coordinates": [[76.0774516, 11.5630386], [76.0773842, 11.5631248]]}}, {"type": "Feature", "properties": {"id": 1231605786, "name": "anapparathodu"}, "geometry": {"type": "LineString", "coordinates": [[76.075861, 11.5648061], [76.0756469, 11.5647801], [76.0755059, 11.5647843], [76.0753738, 11.5647653], [76.0752209, 11.5647687]]}}, {"type": "Feature", "properties": {"id": 1231605787, "name": "anapparathodu"}, "geometry": {"type": "LineString", "coordinates": [[76.0752209, 11.5647687], [76.0750892, 11.5647776], [76.0749701, 11.5647936], [76.0748674, 11.5648188], [76.0747623, 11.5648485], [76.0746315, 11.5648531], [76.0745311, 11.5648485], [76.0744294, 11.5648217], [76.0742596, 11.5648165], [76.0740932, 11.5647732], [76.0740155, 11.5647326], [76.0739766, 11.5647166], [76.0739028, 11.5646937], [76.0738625, 11.5647063], [76.0736583, 11.5647313]]}}, {"type": "Feature", "properties": {"id": 1231605788, "name": "pakkallipallam thodu"}, "geometry": {"type": "LineString", "coordinates": [[76.0760139, 11.5647227], [76.0759674, 11.5647973]]}}, {"type": "Feature", "properties": {"id": 1231610881, "name": "kunduvayal thodu 1"}, "geometry": {"type": "LineString", "coordinates": [[76.1474126, 11.5799551], [76.1474035, 11.5800051]]}}, {"type": "Feature", "properties": {"id": 1231612209, "name": "karikannikunnu thodu"}, "geometry": {"type": "LineString", "coordinates": [[76.1384438, 11.6200785], [76.1384854, 11.6199387], [76.1383516, 11.6198426], [76.1382476, 11.6198572], [76.138197, 11.6197028], [76.138203, 11.6195572], [76.1380514, 11.6193563], [76.1378343, 11.6194349], [76.1375995, 11.6194641], [76.1374863, 11.6194146], [76.1374292, 11.6193726]]}}, {"type": "Feature", "properties": {"id": 1231612210, "name": "karikannikunnu thodu"}, "geometry": {"type": "LineString", "coordinates": [[76.1353253, 11.6171506], [76.1355899, 11.6172884], [76.1358466, 11.6173771], [76.1361335, 11.6174437], [76.1364204, 11.6175842], [76.1365714, 11.617843], [76.1365336, 11.6182202]]}}, {"type": "Feature", "properties": {"id": 1231612211, "name": "karikannikunnu thodu"}, "geometry": {"type": "LineString", "coordinates": [[76.1365336, 11.6182202], [76.1365455, 11.6185223]]}}, {"type": "Feature", "properties": {"id": 1231613077, "name": "karinkannikunnu kaithodu"}, "geometry": {"type": "LineString", "coordinates": [[76.1366144, 11.6205279], [76.136312, 11.6206279], [76.136303, 11.6206785], [76.1362794, 11.6208376], [76.1363549, 11.6210123], [76.1363312, 11.621134], [76.1363233, 11.6213545], [76.1362167, 11.6215], [76.1360909, 11.6216931], [76.1361438, 11.6218471], [76.1360977, 11.6219695], [76.1361657, 11.6221193], [76.1361055, 11.6222825], [76.1361015, 11.6223718], [76.1360773, 11.6224677], [76.1360686, 11.6225482]]}}, {"type": "Feature", "properties": {"id": 1232583165, "name": "maankunnu thodu"}, "geometry": {"type": "LineString", "coordinates": [[76.1426335, 11.5500244], [76.1426124, 11.5499336]]}}, {"type": "Feature", "properties": {"id": 1232610790, "name": "Thamizhathippalam Thodu"}, "geometry": {"type": "LineString", "coordinates": [[76.1590873, 11.5498806], [76.1593742, 11.5499546], [76.1596384, 11.5500138], [76.1598801, 11.5500508], [76.1600462, 11.55011], [76.1603633, 11.550036], [76.1606124, 11.5500508], [76.1607785, 11.5501248], [76.1609445, 11.5501243], [76.1610765, 11.5500975], [76.1611562, 11.5500975], [76.1612409, 11.5501048], [76.1615444, 11.5501734], [76.1617213, 11.5501929], [76.161923, 11.5502307]]}}, {"type": "Feature", "properties": {"id": 1238236331, "name": "bypass thodu"}, "geometry": {"type": "LineString", "coordinates": [[76.0834164, 11.6162988], [76.0833829, 11.6163303], [76.0832984, 11.6163566], [76.0832153, 11.6163776], [76.0831857, 11.6163651]]}}, {"type": "Feature", "properties": {"id": 1238236332, "name": "bypass thodu"}, "geometry": {"type": "LineString", "coordinates": [[76.083497, 11.6162474], [76.0834164, 11.6162988]]}}, {"type": "Feature", "properties": {"id": 1239070756, "name": "unnamed"}, "geometry": {"type": "LineString", "coordinates": [[76.139245, 11.6974554], [76.1391994, 11.6972807], [76.1391096, 11.6971586], [76.1390237, 11.6970732], [76.1389674, 11.6969682], [76.1389674, 11.6968198], [76.1388668, 11.6967213], [76.1386858, 11.696737], [76.138612, 11.696762], [76.1384551, 11.6968854], [76.138376, 11.6968933], [76.138199, 11.696871], [76.1381319, 11.6968447], [76.1379857, 11.6967541], [76.1379455, 11.6966083], [76.1378624, 11.6965374], [76.137802, 11.6964822], [76.1376894, 11.6965295], [76.1375324, 11.6966372], [76.1374104, 11.6967698], [76.1373152, 11.6968421], [76.1372294, 11.6969051], [76.1371864, 11.6969038], [76.1371487, 11.6968883]]}}, {"type": "Feature", "properties": {"id": 1239115459, "name": "unnamed"}, "geometry": {"type": "LineString", "coordinates": [[76.1339674, 11.6333897], [76.1338565, 11.6332798], [76.1336714, 11.63318], [76.1334246, 11.6331012], [76.1332878, 11.633159], [76.1331457, 11.633243], [76.1330572, 11.6333718], [76.1330223, 11.6335294], [76.132967, 11.6336845], [76.1329606, 11.6337264], [76.1329713, 11.633842], [76.1329445, 11.6339707], [76.1329043, 11.6340548], [76.1328265, 11.6341468], [76.132746, 11.6341625], [76.1325797, 11.6341494], [76.1325234, 11.6341231], [76.132459, 11.634089], [76.1323893, 11.6340758], [76.1323469, 11.6341254]]}}, {"type": "Feature", "properties": {"id": 1240675125, "name": "unnamed"}, "geometry": {"type": "LineString", "coordinates": [[76.158978, 11.5674077], [76.1588198, 11.5675785], [76.1586803, 11.5678203], [76.1585355, 11.5682039], [76.1584228, 11.5686138], [76.1583477, 11.5687873], [76.15794, 11.5691919], [76.1577201, 11.5694022], [76.157484, 11.5695388], [76.1570764, 11.5696859], [76.1567545, 11.5697595], [76.1562717, 11.5697963], [76.1558908, 11.5698016], [76.1555368, 11.5698173], [76.1550379, 11.5698489], [76.1547536, 11.5698804], [76.1545658, 11.5700013], [76.1543941, 11.5701537], [76.1541742, 11.5701537], [76.1538416, 11.5700643], [76.1537129, 11.5700328], [76.153627, 11.570017], [76.1534794, 11.5700572], [76.153383, 11.5701983], [76.1532891, 11.5703455], [76.1531879, 11.5704582]]}}, {"type": "Feature", "properties": {"id": 1240675126, "name": "unnamed"}, "geometry": {"type": "LineString", "coordinates": [[76.1625695, 11.5636001], [76.1624944, 11.563989], [76.16243, 11.5645041], [76.1622369, 11.5649455], [76.1618721, 11.565429], [76.1610567, 11.5659441], [76.1606491, 11.5662279], [76.1599249, 11.5667692], [76.1596996, 11.5668848], [76.1593562, 11.567116], [76.158978, 11.5674077]]}}, {"type": "Feature", "properties": {"id": 1240677717, "name": "Eranjeri puzha"}, "geometry": {"type": "LineString", "coordinates": [[76.1605793, 11.5780708], [76.1606088, 11.5780945], [76.1606115, 11.5781392], [76.1606544, 11.5782154], [76.1606598, 11.5784151], [76.160751, 11.5785622], [76.1608797, 11.578846], [76.1609656, 11.5792559], [76.161105, 11.5798497], [76.1611211, 11.580307], [76.1611426, 11.5805645], [76.1612767, 11.5808325], [76.1613357, 11.581132], [76.1614919, 11.5815482], [76.1617702, 11.5820202], [76.1620545, 11.5823565]]}}, {"type": "Feature", "properties": {"id": 1240680422, "name": "unnamed"}, "geometry": {"type": "LineString", "coordinates": [[76.1546838, 11.5954468], [76.1550915, 11.5952892], [76.1554241, 11.5952051], [76.1557889, 11.5951315], [76.1561537, 11.5951], [76.1565614, 11.5951526], [76.156894, 11.5952366], [76.1570656, 11.5952577], [76.157366, 11.5952577], [76.1576879, 11.5952366], [76.1580312, 11.5952261], [76.1581921, 11.5951841], [76.1584926, 11.5951315], [76.1586535, 11.595121], [76.1588788, 11.5950054], [76.1592007, 11.5949424], [76.1594152, 11.5949529], [76.1597156, 11.5950159]]}}, {"type": "Feature", "properties": {"id": 1240680423, "name": "unnamed"}, "geometry": {"type": "LineString", "coordinates": [[76.1562288, 11.5895718], [76.1565828, 11.5899081], [76.1567734, 11.5902557], [76.157012, 11.5906123], [76.1574411, 11.5912534], [76.1578274, 11.5921993], [76.1581492, 11.5925881], [76.1585355, 11.5932187], [76.1588144, 11.5936917], [76.1591685, 11.5943013], [76.1597156, 11.5950159], [76.1598551, 11.5953312], [76.1600375, 11.595615], [76.1601448, 11.5957832], [76.1603916, 11.596151], [76.1606812, 11.5964243], [76.1610567, 11.596645], [76.1613142, 11.5970023]]}}, {"type": "Feature", "properties": {"id": 1240680424, "name": "Eranjeri puzha"}, "geometry": {"type": "LineString", "coordinates": [[76.1620545, 11.5823565], [76.1619365, 11.5826455], [76.1618775, 11.58284], [76.1616898, 11.5831342], [76.1616093, 11.5834653], [76.1618346, 11.5839225], [76.1618131, 11.5841537], [76.1620063, 11.5844848], [76.1621457, 11.5848001], [76.1623013, 11.585168], [76.1623442, 11.5856094], [76.1622423, 11.5859352], [76.1622047, 11.5861087], [76.162253, 11.5863767], [76.1623549, 11.5866079], [76.162591, 11.5868759], [76.1628109, 11.5870388], [76.1628807, 11.5870598], [76.1633205, 11.5872753], [76.1636531, 11.587454], [76.1636102, 11.5876379], [76.1634922, 11.587764], [76.1634922, 11.5879585], [76.1635512, 11.5881161], [76.1636746, 11.5882948], [76.1636907, 11.5886048], [76.1636478, 11.5887152], [76.1636102, 11.5889569], [76.1635727, 11.5891461], [76.1634546, 11.5894456], [76.1633903, 11.5898871], [76.1635244, 11.5902286], [76.1636263, 11.5905177], [76.1635673, 11.5908225], [76.1635673, 11.5910011], [76.1637282, 11.5912954], [76.1640715, 11.5915687], [76.1640394, 11.5920626], [76.1639535, 11.5924725], [76.163857, 11.5926512], [76.1637846, 11.5928877], [76.1636938, 11.5930296], [76.1636451, 11.5931058], [76.1634949, 11.5932687], [76.163232, 11.5935472], [76.1630979, 11.5938835], [76.1631516, 11.5939965], [76.1633098, 11.5942067], [76.1633849, 11.5945325], [76.1629665, 11.5946481], [76.1626553, 11.5948793], [76.1620867, 11.5955835], [76.1614323, 11.5966239], [76.1613142, 11.5970023], [76.1612928, 11.597202], [76.1613142, 11.5975068], [76.1614752, 11.5980217], [76.1615181, 11.598316], [76.1613893, 11.5987364], [76.1612713, 11.5991463], [76.161164, 11.599346], [76.160692, 11.599882], [76.1604559, 11.6001132], [76.1602628, 11.600502], [76.1599731, 11.6007648], [76.1596084, 11.6008594], [76.1593187, 11.6010065], [76.159147, 11.6011957], [76.1587608, 11.6017842], [76.1585355, 11.6023307], [76.1588144, 11.6027931], [76.1592543, 11.6031295], [76.1598627, 11.6032737], [76.1603486, 11.6033922], [76.1608529, 11.6036129], [76.1617434, 11.6043381], [76.1621082, 11.6047584], [76.1624408, 11.6050317], [76.1629665, 11.6051052], [76.1630309, 11.6054941], [76.1629343, 11.6058724], [76.1628055, 11.6061667], [76.162709, 11.606482], [76.1630309, 11.606997], [76.1632132, 11.6077011], [76.1634171, 11.6083737], [76.1637926, 11.6089097], [76.1640608, 11.6095297], [76.1640286, 11.6095875], [76.1640823, 11.609845], [76.1641467, 11.6100289], [76.1641627, 11.6102496], [76.164152, 11.6105228], [76.1641037, 11.6106805], [76.164034, 11.6108486], [76.1640447, 11.6111114], [76.164093, 11.61129], [76.1641627, 11.6114844], [76.1642432, 11.6116421], [76.16427, 11.6116999], [76.1643398, 11.6118575], [76.1644524, 11.6120414], [76.1645383, 11.6123278]]}}, {"type": "Feature", "properties": {"id": 1240680425, "name": "unnamed"}, "geometry": {"type": "LineString", "coordinates": [[76.1629397, 11.5680042], [76.1630523, 11.5682512], [76.1631811, 11.5684352], [76.1633527, 11.5685665], [76.1635137, 11.5687084], [76.1638838, 11.5687505], [76.1640555, 11.5688451], [76.1641627, 11.569029], [76.1641788, 11.5692708], [76.1641467, 11.5695651], [76.1642379, 11.5696807], [76.1645222, 11.5698751], [76.1646348, 11.5699697], [76.1648548, 11.5700801]]}}, {"type": "Feature", "properties": {"id": 1240680426, "name": "unnamed"}, "geometry": {"type": "LineString", "coordinates": [[76.1652249, 11.5686848], [76.1651391, 11.5689502], [76.1650962, 11.5691341], [76.1650291, 11.569297], [76.1649165, 11.5694573], [76.1648172, 11.5696833], [76.1648601, 11.569883], [76.1648548, 11.5700801], [76.1649808, 11.5702824], [76.1652142, 11.5705347], [76.1654127, 11.5707318], [76.1656809, 11.5709709], [76.1658901, 11.571168], [76.1659732, 11.5712862], [76.1661798, 11.5714623], [76.1661905, 11.5717145], [76.1661878, 11.5719247], [76.1661985, 11.5720299], [76.1661878, 11.5721796], [76.1661771, 11.572332], [76.1661664, 11.5725022]]}}, {"type": "Feature", "properties": {"id": 1240680456, "name": "unnamed"}, "geometry": {"type": "LineString", "coordinates": [[76.1586642, 11.5896769], [76.1593509, 11.5895928], [76.1597478, 11.5896874], [76.1602072, 11.5897461], [76.160531, 11.5898871], [76.1610675, 11.5901603], [76.1612928, 11.59036], [76.16184, 11.5905912], [76.162194, 11.5908119], [76.1623764, 11.5910432], [76.1626017, 11.5913059], [76.1627197, 11.5916948], [76.1629236, 11.5919891], [76.1629879, 11.5921888], [76.1631811, 11.592441], [76.1632562, 11.5926512], [76.1633849, 11.5927878], [76.1636451, 11.5931058]]}}, {"type": "Feature", "properties": {"id": 1240681255, "name": "unnamed"}, "geometry": {"type": "LineString", "coordinates": [[76.1596245, 11.5564052], [76.1594903, 11.5566469], [76.1591792, 11.5568572], [76.158911, 11.5571147], [76.1587608, 11.5572671], [76.1585998, 11.557367], [76.1583745, 11.5574984], [76.1581707, 11.5576771], [76.1580098, 11.5577769], [76.1577952, 11.557882], [76.1576235, 11.5579819], [76.1574197, 11.558066], [76.1572587, 11.5581816], [76.1571139, 11.5582709], [76.1569944, 11.5582703]]}}, {"type": "Feature", "properties": {"id": 1240681256, "name": "unnamed"}, "geometry": {"type": "LineString", "coordinates": [[76.1565292, 11.5847476], [76.156792, 11.5848895], [76.1570281, 11.5849998], [76.157248, 11.5851943], [76.1576343, 11.585457], [76.15794, 11.5857408], [76.1580634, 11.5858144], [76.1584228, 11.5858091], [76.1586803, 11.5857776], [76.1590451, 11.5857198], [76.1593401, 11.5855989], [76.1594474, 11.5855937], [76.1597693, 11.5855096], [76.1600161, 11.5855148], [76.1605096, 11.5855884], [76.1609656, 11.585725], [76.1611533, 11.5858249], [76.1613786, 11.5858827], [76.1616683, 11.5860929], [76.1618131, 11.586156], [76.1620384, 11.5862768], [76.162253, 11.5863767]]}}, {"type": "Feature", "properties": {"id": 1240681257, "name": "unnamed"}, "geometry": {"type": "LineString", "coordinates": [[76.1607563, 11.5925251], [76.1610247, 11.5925322], [76.1612069, 11.5924936], [76.1613786, 11.5924936], [76.1616039, 11.592441], [76.1617541, 11.592399], [76.1619794, 11.5922834], [76.1621511, 11.5922518], [76.1623442, 11.5921783], [76.1625373, 11.5921677], [76.1627304, 11.5920942], [76.1629236, 11.5919891]]}}, {"type": "Feature", "properties": {"id": 1240684726, "name": "athimattam kaithodu 1"}, "geometry": {"type": "LineString", "coordinates": [[76.184746, 11.5706056], [76.1843866, 11.5705636], [76.1838609, 11.5706897], [76.1836141, 11.5710261], [76.18348, 11.5713572], [76.1833352, 11.571436], [76.1832493, 11.5715779], [76.1830938, 11.571725], [76.1828417, 11.5717356], [76.182552, 11.5717513], [76.1821228, 11.5717829], [76.1818492, 11.5718196], [76.1817098, 11.5718144], [76.1816159, 11.5717802], [76.1814389, 11.5719221], [76.1811706, 11.5721901], [76.1811358, 11.5724398], [76.181227, 11.5726447], [76.1814335, 11.5726263], [76.1815488, 11.5726263], [76.1816668, 11.5726342], [76.1817634, 11.57265], [76.1818036, 11.5728471], [76.1818213, 11.5732698]]}}, {"type": "Feature", "properties": {"id": 1240684727, "name": "unnamed"}, "geometry": {"type": "LineString", "coordinates": [[76.1879754, 11.5740689], [76.1878252, 11.5738587], [76.1877233, 11.5735854], [76.1875677, 11.5733805], [76.1872941, 11.5732071], [76.1871225, 11.5730126], [76.1868006, 11.5725922], [76.1868235, 11.5723692]]}}, {"type": "Feature", "properties": {"id": 1240684728, "name": "athimattam kaithod"}, "geometry": {"type": "LineString", "coordinates": [[76.1854058, 11.5763603], [76.1851752, 11.5764811], [76.184966, 11.5765232], [76.1846119, 11.576581], [76.1842525, 11.5766913], [76.1839843, 11.5767807], [76.1837751, 11.5768648], [76.1835551, 11.5769121], [76.1833781, 11.5769436], [76.1831742, 11.577096], [76.1830831, 11.5772642], [76.1829221, 11.5773115], [76.1827344, 11.577322], [76.1825627, 11.577322], [76.1824179, 11.577343], [76.1823501, 11.5774196]]}}, {"type": "Feature", "properties": {"id": 1240684729, "name": "unnamed"}, "geometry": {"type": "LineString", "coordinates": [[76.1749479, 11.5730231], [76.1751142, 11.5730126], [76.1752215, 11.5730205], [76.17531, 11.5730074], [76.1753851, 11.5729784], [76.1754334, 11.5729784], [76.1755085, 11.5729706], [76.1756533, 11.5729601], [76.1757284, 11.5729627], [76.1758116, 11.5729679], [76.1759993, 11.5729522], [76.1761013, 11.5729443], [76.1761669, 11.5729361]]}}, {"type": "Feature", "properties": {"id": 1240684730, "name": "unnamed"}, "geometry": {"type": "LineString", "coordinates": [[76.176753, 11.5664223], [76.1769596, 11.5664722], [76.1771956, 11.5665511], [76.1773324, 11.5665879], [76.1774129, 11.566622], [76.1774906, 11.5666588], [76.1776248, 11.5667166], [76.1776999, 11.5667403], [76.1777535, 11.5667508], [76.1777911, 11.566756], [76.1778643, 11.5668084]]}}, {"type": "Feature", "properties": {"id": 1240684731, "name": "unnamed"}, "geometry": {"type": "LineString", "coordinates": [[76.174905, 11.5691052], [76.1751276, 11.5690737], [76.1753154, 11.5690737], [76.1754388, 11.5690842], [76.1756372, 11.5691446], [76.1758652, 11.5692655], [76.176112, 11.5692655], [76.1762649, 11.5693417], [76.1763561, 11.5694074], [76.1765626, 11.569502], [76.1768147, 11.5696071], [76.1769435, 11.5696623], [76.1770454, 11.5696938], [76.1771682, 11.5697174]]}}, {"type": "Feature", "properties": {"id": 1240684732, "name": "Ottithodu"}, "geometry": {"type": "LineString", "coordinates": [[76.1817982, 11.5825088], [76.1818439, 11.582593], [76.1819297, 11.5827138], [76.1819941, 11.5828767], [76.1820049, 11.5836439], [76.1820102, 11.5840119], [76.1817419, 11.5844953], [76.1815381, 11.5849158], [76.181412, 11.5851275], [76.1813128, 11.5852941], [76.181066, 11.5857881], [76.1809266, 11.5860298], [76.1807227, 11.5863767], [76.180551, 11.5866289], [76.1803579, 11.5870914], [76.1802399, 11.5876904], [76.1802506, 11.5879532], [76.1802506, 11.588258], [76.1803365, 11.5886469], [76.1804545, 11.5889201], [76.1806583, 11.5892249], [76.1807763, 11.5894036], [76.1810446, 11.5896558], [76.1811304, 11.5897504], [76.1810768, 11.5899711], [76.1810231, 11.5901078], [76.1810768, 11.59036], [76.1810982, 11.5906543], [76.180948, 11.590896], [76.1810338, 11.5912324], [76.1810768, 11.5914741], [76.181066, 11.5917263]]}}, {"type": "Feature", "properties": {"id": 1240684734, "name": "unnamed"}, "geometry": {"type": "LineString", "coordinates": [[76.1668932, 11.5548285], [76.1666465, 11.5547969], [76.1665767, 11.5547286], [76.1664104, 11.5546183], [76.1662924, 11.5544448], [76.1661959, 11.5542871], [76.16611, 11.5541452], [76.1660403, 11.5539613], [76.1658579, 11.5537405], [76.165756, 11.5536092], [76.165579, 11.553483], [76.1654448, 11.5534725], [76.1652195, 11.5534462], [76.1649245, 11.553441], [76.1647689, 11.5534462], [76.1646295, 11.5535566], [76.1644363, 11.5535408], [76.1642915, 11.5535408], [76.1641306, 11.5535619]]}}, {"type": "Feature", "properties": {"id": 1240686553, "name": "chennaykolli thodu"}, "geometry": {"type": "LineString", "coordinates": [[76.1924426, 11.5874868], [76.1923675, 11.587429], [76.1922938, 11.5873975], [76.1922079, 11.5873804], [76.1921462, 11.5873659], [76.1921355, 11.5873002], [76.192043, 11.5872805], [76.1919679, 11.5872306], [76.1918566, 11.5871636], [76.191705, 11.5871544], [76.191583, 11.5870835], [76.1915092, 11.5870191], [76.1914703, 11.5869915], [76.1914006, 11.5869639], [76.1913496, 11.586755], [76.1912718, 11.5866749], [76.1911659, 11.5866184], [76.1910921, 11.5865961], [76.1908507, 11.5865672], [76.1906616, 11.5865527], [76.1904108, 11.5864607], [76.1903197, 11.5863767], [76.1902687, 11.5863057], [76.1901855, 11.5861454], [76.1900514, 11.5859825], [76.1898932, 11.585993], [76.1896518, 11.5860088], [76.1894667, 11.5859904], [76.1892521, 11.5858932], [76.189177, 11.5858354], [76.1890724, 11.5857986], [76.1889735, 11.5857867]]}}, {"type": "Feature", "properties": {"id": 1240686554, "name": "manalvayal kaithodu"}, "geometry": {"type": "LineString", "coordinates": [[76.180256, 11.5790247], [76.180315, 11.5792507], [76.1803096, 11.5795344], [76.1803633, 11.5797394], [76.1804169, 11.5800127], [76.1804813, 11.5802649], [76.1806959, 11.5804541], [76.1808407, 11.5807116], [76.1808246, 11.5809533], [76.180889, 11.5812581], [76.1810124, 11.5815997]]}}, {"type": "Feature", "properties": {"id": 1240686555, "name": "manalvayal kaithod2"}, "geometry": {"type": "LineString", "coordinates": [[76.1763024, 11.5811005], [76.1765841, 11.5809087], [76.1768335, 11.5807353], [76.1771768, 11.5806958], [76.1773378, 11.5805671], [76.1776891, 11.5805408], [76.1777857, 11.5805303], [76.1779171, 11.5805513], [76.1780217, 11.5805618], [76.1781451, 11.5805513], [76.1782578, 11.5805224], [76.1783019, 11.5805027]]}}, {"type": "Feature", "properties": {"id": 1240686556, "name": "unnamed"}, "geometry": {"type": "LineString", "coordinates": [[76.1785126, 11.5837228], [76.1787137, 11.5838805], [76.1788022, 11.5840513], [76.1788103, 11.5842746], [76.1789203, 11.5844007], [76.1791107, 11.5843929], [76.1792636, 11.5844191], [76.179446, 11.584498], [76.1798295, 11.5846004], [76.1801165, 11.5846898], [76.1805752, 11.5848238], [76.1808327, 11.5848606], [76.1809963, 11.5849394], [76.1811706, 11.5850077], [76.181412, 11.5851275]]}}, {"type": "Feature", "properties": {"id": 1240686557, "name": "unnamed"}, "geometry": {"type": "LineString", "coordinates": [[76.185143, 11.5829976], [76.1851805, 11.5834233], [76.1852288, 11.5838752], [76.1852556, 11.5841065], [76.185202, 11.5843692], [76.1852771, 11.5848212], [76.1852342, 11.5851312], [76.1851805, 11.5853046], [76.1852986, 11.5856988], [76.1854595, 11.5858512], [76.185497, 11.5861612], [76.1854166, 11.5865606], [76.1852503, 11.5868864], [76.1850947, 11.5870073], [76.1847675, 11.5870283], [76.1844242, 11.5870283], [76.1840326, 11.5870861], [76.1837321, 11.5872122], [76.183008, 11.5875748], [76.182448, 11.5882856], [76.1819941, 11.5886942], [76.181522, 11.5893037], [76.1811304, 11.5897504]]}}, {"type": "Feature", "properties": {"id": 1240704230, "name": "Ottithodu"}, "geometry": {"type": "LineString", "coordinates": [[76.1774445, 11.5965114], [76.1773646, 11.5967553], [76.177209, 11.5973912], [76.1772841, 11.598006], [76.1772519, 11.5984737], [76.1772519, 11.5986839], [76.177268, 11.5989413], [76.1772841, 11.5993617], [76.1772519, 11.5996035], [76.1771071, 11.5997821], [76.1767423, 11.5999188], [76.176576, 11.5999503], [76.1763239, 11.5999398], [76.1760932, 11.5999503], [76.1759216, 11.5999713], [76.1757177, 11.5999082], [76.1756211, 11.5999923], [76.175546, 11.600192], [76.175428, 11.600234], [76.1751491, 11.6001079], [76.1750793, 11.6001132], [76.1749828, 11.6002866], [76.1749613, 11.6003602], [76.1747736, 11.6002551], [76.1746582, 11.6001263], [76.1745778, 11.6000317], [76.1744919, 11.5999766], [76.1744007, 11.5999608], [76.1743122, 11.5999634], [76.1741996, 11.5999739], [76.1739019, 11.6000055], [76.1738777, 11.6000711], [76.1738187, 11.6001684], [76.1736953, 11.6002498], [76.1735639, 11.6002156], [76.1733896, 11.6001184], [76.1732045, 11.6001342], [76.1730006, 11.6002603], [76.1728826, 11.6003523], [76.1727324, 11.6003996], [76.1725956, 11.600418], [76.1725044, 11.6004574], [76.1724052, 11.6005204], [76.1723354, 11.6006229], [76.172263, 11.6008305], [76.1722174, 11.6009172], [76.172078, 11.6010801], [76.1720163, 11.601222], [76.1719787, 11.6013638], [76.1719358, 11.6014899], [76.1715442, 11.6016896], [76.171335, 11.6017579], [76.1710238, 11.6019051], [76.1705518, 11.6018315], [76.170305, 11.6020312], [76.1702138, 11.6023307], [76.1703747, 11.602625], [76.1703533, 11.6028562], [76.1703265, 11.6030401], [76.1701763, 11.6031662], [76.170069, 11.6032713], [76.1699885, 11.603513], [76.1696666, 11.6039124], [76.1693823, 11.6043643], [76.1694038, 11.6045903], [76.1695057, 11.6047269], [76.1695433, 11.6048583], [76.1694843, 11.6049581], [76.1693662, 11.6050264], [76.1692697, 11.605163], [76.1690175, 11.6052787], [76.1684811, 11.6056044], [76.1683738, 11.6057989], [76.1683738, 11.605967], [76.1683577, 11.6062613], [76.1683416, 11.6064505], [76.1682826, 11.6066606], [76.1682558, 11.6067237], [76.1680895, 11.6067815], [76.1676604, 11.6069654], [76.1674511, 11.6071861], [76.1671615, 11.6075855], [76.1669844, 11.6078587], [76.1669683, 11.6079323], [76.1668396, 11.6081793], [76.1667913, 11.608484], [76.1667752, 11.6087468], [76.1668771, 11.6089044], [76.1671132, 11.6090936], [76.1671722, 11.6093668], [76.1671454, 11.6096926], [76.1670273, 11.609887], [76.1668342, 11.6100342], [76.1665285, 11.6102023], [76.1662495, 11.6102969], [76.1660296, 11.6106069], [76.165874, 11.6106017], [76.165638, 11.6107803], [76.1655843, 11.6109275], [76.1655039, 11.6110746], [76.1653858, 11.6111587], [76.1652678, 11.6112532], [76.1650157, 11.6115107], [76.1649567, 11.6117472], [76.1648709, 11.6119363], [76.1647636, 11.6121675], [76.1646295, 11.6122989], [76.1645383, 11.6123278]]}}, {"type": "Feature", "properties": {"id": 1240704231, "name": "Cheruvayal thodu"}, "geometry": {"type": "LineString", "coordinates": [[76.1856472, 11.5906858], [76.1853737, 11.5906963], [76.1851859, 11.5906858], [76.1850196, 11.5906858], [76.1845261, 11.5906123], [76.184392, 11.5905492], [76.1840701, 11.5905702], [76.183303, 11.5903232], [76.183008, 11.5904073], [76.1825412, 11.5905807], [76.1822301, 11.5907174], [76.1820209, 11.5908382], [76.1815864, 11.5910274], [76.181345, 11.5912796], [76.1812055, 11.5914058], [76.181066, 11.5917263]]}}, {"type": "Feature", "properties": {"id": 1240704232, "name": "Cheruvayal thodu"}, "geometry": {"type": "LineString", "coordinates": [[76.1860751, 11.5904901], [76.1858886, 11.5905912], [76.1857572, 11.5906674], [76.1856472, 11.5906858]]}}, {"type": "Feature", "properties": {"id": 1240704233, "name": "Cheruvayal thodu"}, "geometry": {"type": "LineString", "coordinates": [[76.1874014, 11.5877364], [76.1872968, 11.5877509], [76.1872002, 11.587768], [76.1870554, 11.5877969], [76.1869159, 11.5878271], [76.1868234, 11.587852], [76.1868046, 11.5878744], [76.1867698, 11.5879571], [76.1867537, 11.5880675], [76.1867818, 11.5881489], [76.1868435, 11.5882475], [76.186983, 11.5884524], [76.1869562, 11.5886679], [76.1869991, 11.5888045], [76.1869562, 11.5890147], [76.1869615, 11.5892302], [76.1869615, 11.5893826], [76.1869883, 11.5895718], [76.1869079, 11.5897925], [76.1867952, 11.5900079], [76.1866879, 11.5901498], [76.1864144, 11.5903022], [76.1860764, 11.5904914]]}}, {"type": "Feature", "properties": {"id": 1240707595, "name": "Cheruvayal thodu"}, "geometry": {"type": "LineString", "coordinates": [[76.1824179, 11.6088256], [76.1821926, 11.6091514], [76.1818814, 11.6090568], [76.1817312, 11.6090253], [76.1813664, 11.6090042], [76.1810982, 11.6090042], [76.1807549, 11.6090778], [76.1806047, 11.6092565], [76.1804008, 11.6093511], [76.1801112, 11.6094351], [76.1798751, 11.6095192], [76.1796007, 11.609788], [76.1793494, 11.6102023], [76.1791992, 11.6105386], [76.179049, 11.6108013], [76.1786628, 11.611022], [76.1780941, 11.6112427], [76.1777615, 11.6113899], [76.1777723, 11.6117997], [76.178019, 11.6124933], [76.1780405, 11.612735], [76.1778474, 11.6131449], [76.1775148, 11.6134181], [76.177032, 11.6137019], [76.1768925, 11.6138175], [76.1767638, 11.6140172], [76.1765894, 11.6142853], [76.1758625, 11.614364], [76.1754227, 11.6146582], [76.1754334, 11.6147738], [76.1754012, 11.6149735], [76.175283, 11.6150917], [76.1751115, 11.6152047], [76.1748433, 11.6152573], [76.1746609, 11.6153623], [76.1743981, 11.6156566], [76.1741888, 11.6157985], [76.1739528, 11.6158458], [76.1738509, 11.6158471], [76.1737838, 11.6159114], [76.1737356, 11.6159732], [76.1736926, 11.616031], [76.1736538, 11.6161019], [76.1736309, 11.616182]]}}, {"type": "Feature", "properties": {"id": 1240707597, "name": "Kundaranji thodu"}, "geometry": {"type": "LineString", "coordinates": [[76.1880612, 11.6081425], [76.1878359, 11.6081635], [76.1875784, 11.608132], [76.1873317, 11.6080899], [76.1871815, 11.6080164], [76.1868703, 11.6079218], [76.1866557, 11.6078797], [76.1864519, 11.6078272], [76.186012, 11.6077326], [76.185894, 11.6077852], [76.1857331, 11.6078903], [76.1855507, 11.6079848], [76.1854005, 11.6080584], [76.1852717, 11.6080689], [76.1850357, 11.6080479], [76.1847031, 11.6079008], [76.1844885, 11.6078587], [76.1842525, 11.6079218], [76.1840916, 11.6081004], [76.1840379, 11.6082581], [76.183995, 11.6083737], [76.1837375, 11.6085103], [76.1835229, 11.6085208], [76.1833835, 11.6085944], [76.1832118, 11.6086364], [76.1830187, 11.6086785], [76.1827719, 11.60871]]}}, {"type": "Feature", "properties": {"id": 1240707598, "name": "unnamed"}, "geometry": {"type": "LineString", "coordinates": [[76.1921047, 11.6054704], [76.1919102, 11.6055217], [76.1917493, 11.6055755], [76.1916111, 11.6056872], [76.1915159, 11.6057489], [76.1914194, 11.6058094], [76.1913013, 11.6059145], [76.1911189, 11.6061037], [76.1910009, 11.6061562], [76.1907756, 11.6063138], [76.1905932, 11.6064189], [76.1903338, 11.6064828], [76.1901641, 11.6066291], [76.1899392, 11.6068603], [76.1896813, 11.60706], [76.1894882, 11.6071861], [76.1892092, 11.6074173], [76.1889624, 11.607596], [76.1887586, 11.6077536], [76.1886299, 11.6078903], [76.1884475, 11.6079848], [76.1880559, 11.6081372]]}}, {"type": "Feature", "properties": {"id": 1240707599, "name": "Cheruvayal thodu"}, "geometry": {"type": "LineString", "coordinates": [[76.1866718, 11.5995246], [76.1865163, 11.5997506], [76.1857545, 11.6006071], [76.1851108, 11.6009014], [76.1844134, 11.6011326], [76.1838448, 11.6015215], [76.1835015, 11.6019103], [76.1832547, 11.6023623], [76.183083, 11.6028142], [76.1833084, 11.6033922], [76.1836624, 11.6038756], [76.183995, 11.6044747], [76.1838341, 11.6047795], [76.1836839, 11.6051368], [76.1836409, 11.6056412], [76.1835337, 11.6063874], [76.1834693, 11.6070705], [76.1833405, 11.6077221], [76.1831045, 11.6083106], [76.1827719, 11.60871]]}}, {"type": "Feature", "properties": {"id": 1240709698, "name": "unnamed"}, "geometry": {"type": "LineString", "coordinates": [[76.1727029, 11.6190563], [76.1724186, 11.6191561], [76.1720002, 11.6191666], [76.171748, 11.6192244], [76.1715603, 11.6192612], [76.1713779, 11.61934], [76.1710828, 11.619587], [76.170879, 11.6198129], [76.1707824, 11.6198707], [76.1706376, 11.6200073], [76.1705571, 11.6201098], [76.1704904, 11.6202472], [76.1706027, 11.6204067], [76.1706832, 11.620693], [76.1706242, 11.6209374], [76.1704874, 11.6210766], [76.1703587, 11.6211738], [76.1702299, 11.6212526], [76.1700743, 11.6212526], [76.1698866, 11.6212605], [76.1698034, 11.6212815], [76.1696908, 11.6214812], [76.1696398, 11.6216099], [76.1696988, 11.6217045], [76.1696613, 11.621941], [76.1696506, 11.6221538], [76.1696881, 11.6224165], [76.1696988, 11.62254], [76.1696613, 11.622674], [76.1695969, 11.6227449]]}}, {"type": "Feature", "properties": {"id": 1240709699, "name": "Karapuzha"}, "geometry": {"type": "LineString", "coordinates": [[76.1736309, 11.616182], [76.1738509, 11.6164185], [76.1738884, 11.6165972], [76.1740118, 11.6168336], [76.174103, 11.6170175], [76.1741459, 11.6174169], [76.1741406, 11.6176796], [76.1741084, 11.6178004], [76.174044, 11.6180421], [76.1740172, 11.6182103], [76.1739528, 11.6183995], [76.1738938, 11.6185571], [76.1738455, 11.61872], [76.1737812, 11.6188934], [76.1736536, 11.6191997], [76.1735612, 11.6194346], [76.1734325, 11.6197919], [76.1733252, 11.6200967], [76.1732447, 11.6203857], [76.1731321, 11.6204907], [76.1728477, 11.6206536], [76.1724883, 11.6208796], [76.1722791, 11.6210898], [76.1721343, 11.6211738], [76.1720163, 11.6212894], [76.1718714, 11.6213787], [76.1717802, 11.6214523], [76.1714208, 11.621652], [76.1712277, 11.6217728], [76.1705464, 11.6222878], [76.1702245, 11.6225295], [76.1701065, 11.6226188], [76.1698785, 11.6227318], [76.1697176, 11.6227528], [76.1695969, 11.6227449], [76.1694735, 11.6227423], [76.1693475, 11.6227055], [76.1693153, 11.6226897], [76.1692589, 11.6226529], [76.1691735, 11.6226031]]}}, {"type": "Feature", "properties": {"id": 1240709700, "name": "unnamed"}, "geometry": {"type": "LineString", "coordinates": [[76.1645383, 11.6123278], [76.164547, 11.6123685], [76.1645658, 11.6124598], [76.1645222, 11.612735], [76.164329, 11.6127508], [76.1642271, 11.612961], [76.1641467, 11.6131554], [76.1640125, 11.6135022], [76.1641413, 11.6137492], [76.1643183, 11.6143535], [76.16449, 11.6145531], [76.1647475, 11.6147948], [76.164903, 11.6148579], [76.1651176, 11.6149525], [76.1651659, 11.614984], [76.1654234, 11.6151732], [76.1659169, 11.6153518], [76.1663139, 11.6152888], [76.1667002, 11.6151225], [76.1668718, 11.614921], [76.1671936, 11.6148054], [76.167519, 11.6150099], [76.1677387, 11.6149797], [76.1678483, 11.6149647], [76.1679554, 11.6146898], [76.1681163, 11.6145426], [76.1684275, 11.6142274], [76.1687601, 11.6142589], [76.169039, 11.6143324], [76.1695862, 11.6144586], [76.1699402, 11.6147213], [76.1703586, 11.6150891], [76.1707342, 11.6153518], [76.1710882, 11.6154885], [76.1712921, 11.615583], [76.1717427, 11.615562], [76.1719572, 11.615562], [76.1722898, 11.61552], [76.1726761, 11.6154044], [76.1731267, 11.6154464], [76.1732662, 11.615499], [76.1734593, 11.6156671], [76.1735344, 11.6157617], [76.1735679, 11.6158681], [76.1735988, 11.6160415], [76.1736309, 11.616182]]}}, {"type": "Feature", "properties": {"id": 1240713635, "name": "unnamed"}, "geometry": {"type": "LineString", "coordinates": [[76.1811519, 11.6138595], [76.180714, 11.6137338], [76.1803579, 11.6135548], [76.1797893, 11.6133341], [76.1793601, 11.613229], [76.1789203, 11.6131764], [76.1786306, 11.6130188], [76.1784365, 11.612901], [76.1780405, 11.612735]]}}, {"type": "Feature", "properties": {"id": 1240713636, "name": "unnamed"}, "geometry": {"type": "LineString", "coordinates": [[76.1825734, 11.6123068], [76.18267, 11.6121781], [76.1828417, 11.6119469]]}}, {"type": "Feature", "properties": {"id": 1240713637, "name": "unnamed"}, "geometry": {"type": "LineString", "coordinates": [[76.1845046, 11.6125196], [76.1842257, 11.6123042], [76.183936, 11.6120992], [76.1836141, 11.611868], [76.1833646, 11.6117157]]}}, {"type": "Feature", "properties": {"id": 1240713638, "name": "unnamed"}, "geometry": {"type": "LineString", "coordinates": [[76.1889839, 11.6017159], [76.1887667, 11.6015609], [76.1885574, 11.6014059], [76.1884126, 11.6012798], [76.1882731, 11.6011852], [76.1880183, 11.6010722], [76.1878252, 11.6008988], [76.187498, 11.6007096], [76.1873263, 11.6006071], [76.1868757, 11.6005047]]}}, {"type": "Feature", "properties": {"id": 1240713639, "name": "unnamed"}, "geometry": {"type": "LineString", "coordinates": [[76.1883831, 11.5949213], [76.1881578, 11.5952472], [76.1876696, 11.5955046], [76.1873209, 11.5957989], [76.1871546, 11.5961668], [76.1870795, 11.5965136], [76.1869937, 11.5971126], [76.1869508, 11.597512], [76.1870152, 11.5980007], [76.1868542, 11.5983213], [76.1866987, 11.5987469], [76.1866504, 11.5991253], [76.1866718, 11.5995246]]}}, {"type": "Feature", "properties": {"id": 1240716363, "name": "Karimkuttipuzha"}, "geometry": {"type": "LineString", "coordinates": [[76.1975241, 11.6101287], [76.1968374, 11.6095297], [76.1965612, 11.6092906], [76.1962286, 11.6089359], [76.1959442, 11.6085891], [76.1957136, 11.6083054], [76.1954077, 11.6080858], [76.1950323, 11.6077037], [76.194925, 11.6075093], [76.194807, 11.6071598], [76.1946702, 11.6067106], [76.1945415, 11.6063427], [76.1943698, 11.6060458], [76.194233, 11.6058041], [76.1942008, 11.6056439], [76.1941942, 11.6052443], [76.1941928, 11.6051604], [76.1941177, 11.6051026], [76.1939406, 11.6051499], [76.193651, 11.605255], [76.1934176, 11.6053417], [76.1931977, 11.605389], [76.1928517, 11.6053548], [76.1926264, 11.6053338], [76.1924091, 11.6053154], [76.1921073, 11.6054718]]}}, {"type": "Feature", "properties": {"id": 1243123896, "name": "olivumala thodu"}, "geometry": {"type": "LineString", "coordinates": [[76.0589588, 11.5544006], [76.0588035, 11.5545686], [76.0583587, 11.554872], [76.0583016, 11.5549567]]}}, {"type": "Feature", "properties": {"id": 1243123897, "name": "olivumala thodu"}, "geometry": {"type": "LineString", "coordinates": [[76.0583016, 11.5549567], [76.0582459, 11.5550393]]}}, {"type": "Feature", "properties": {"id": 1243322057, "name": "Thurky jn thodu"}, "geometry": {"type": "LineString", "coordinates": [[76.0839628, 11.6038918], [76.0838778, 11.6038457], [76.083805, 11.6038041], [76.0837443, 11.6037907], [76.0836557, 11.6037918]]}}, {"type": "Feature", "properties": {"id": 1243322058, "name": "Thurky jn thodu"}, "geometry": {"type": "LineString", "coordinates": [[76.0836557, 11.6037918], [76.0835449, 11.6037933]]}}, {"type": "Feature", "properties": {"id": 1243327182, "name": "kaipanimoola thodu"}, "geometry": {"type": "LineString", "coordinates": [[76.1058789, 11.653087], [76.105988, 11.6530241], [76.1060947, 11.6529291]]}}, {"type": "Feature", "properties": {"id": 1243327183, "name": "kaipanimoola thodu"}, "geometry": {"type": "LineString", "coordinates": [[76.1060947, 11.6529291], [76.1061266, 11.65291]]}}, {"type": "Feature", "properties": {"id": 1243327214, "name": "kaipanimoola thodu"}, "geometry": {"type": "LineString", "coordinates": [[76.1085247, 11.6453083], [76.1085959, 11.6451987], [76.1086027, 11.6449854], [76.1084326, 11.6447855], [76.1082149, 11.6445522]]}}, {"type": "Feature", "properties": {"id": 1243327215, "name": "kaipanimoola thodu"}, "geometry": {"type": "LineString", "coordinates": [[76.1084669, 11.6453972], [76.1085247, 11.6453083]]}}, {"type": "Feature", "properties": {"id": 1243327222, "name": "kaipanimoola thodu"}, "geometry": {"type": "LineString", "coordinates": [[76.1086946, 11.6529559], [76.1086992, 11.6529538]]}}, {"type": "Feature", "properties": {"id": 1243327223, "name": "kaipanimoola thodu"}, "geometry": {"type": "LineString", "coordinates": [[76.1086084, 11.6529957], [76.1086946, 11.6529559]]}}, {"type": "Feature", "properties": {"id": 1243330235, "name": "kottimunda thodu"}, "geometry": {"type": "LineString", "coordinates": [[76.1362156, 11.6755788], [76.136274, 11.6756962], [76.1363924, 11.6759927]]}}, {"type": "Feature", "properties": {"id": 1243330236, "name": "kottimunda thodu"}, "geometry": {"type": "LineString", "coordinates": [[76.1363924, 11.6759927], [76.1364226, 11.6760604]]}}, {"type": "Feature", "properties": {"id": 1243335148, "name": "Kakkavayal-Muttil Thodu"}, "geometry": {"type": "LineString", "coordinates": [[76.128565, 11.6489303], [76.1285822, 11.6489301], [76.1287573, 11.6489236], [76.1303202, 11.6490087]]}}, {"type": "Feature", "properties": {"id": 1243335149, "name": "Kakkavayal-Muttil Thodu"}, "geometry": {"type": "LineString", "coordinates": [[76.1284733, 11.6489312], [76.128565, 11.6489303]]}}, {"type": "Feature", "properties": {"id": 1243335155, "name": "Kakkavayal-Muttil Thodu"}, "geometry": {"type": "LineString", "coordinates": [[76.1374408, 11.6494053], [76.1377117, 11.6494119], [76.1382501, 11.6494426], [76.1385765, 11.6494732]]}}, {"type": "Feature", "properties": {"id": 1243335156, "name": "Kakkavayal-Muttil Thodu"}, "geometry": {"type": "LineString", "coordinates": [[76.1369329, 11.6493931], [76.1370342, 11.6493956]]}}, {"type": "Feature", "properties": {"id": 1243335157, "name": "Kakkavayal-Muttil Thodu"}, "geometry": {"type": "LineString", "coordinates": [[76.1370342, 11.6493956], [76.1373302, 11.6494027]]}}, {"type": "Feature", "properties": {"id": 1243335158, "name": "Kakkavayal-Muttil Thodu"}, "geometry": {"type": "LineString", "coordinates": [[76.1373302, 11.6494027], [76.1374408, 11.6494053]]}}, {"type": "Feature", "properties": {"id": 1295617006, "name": "unnamed"}, "geometry": {"type": "LineString", "coordinates": [[76.1506675, 11.549424], [76.1507321, 11.5495337], [76.1508182, 11.5496054], [76.1508225, 11.5496814], [76.1508483, 11.5498121], [76.150943, 11.5499176], [76.1510421, 11.5500231], [76.1511454, 11.5501791], [76.1511454, 11.550293], [76.1512014, 11.5503985], [76.1512789, 11.5504913], [76.1513219, 11.5506305], [76.151464, 11.5507233], [76.1515587, 11.5508161], [76.1516534, 11.5509384], [76.1517525, 11.5509806], [76.1518343, 11.551027], [76.151873, 11.5511367], [76.1518816, 11.5512379], [76.1519721, 11.5513139], [76.1519505, 11.5514531], [76.1520065, 11.5515374], [76.1521443, 11.5515712], [76.1521486, 11.5516682], [76.1522304, 11.5517863], [76.1523509, 11.5519593], [76.1524543, 11.5521111], [76.1525647, 11.5522735]]}}, {"type": "Feature", "properties": {"id": 1295617007, "name": "unnamed"}, "geometry": {"type": "LineString", "coordinates": [[76.1526265, 11.5523642], [76.1526437, 11.5523895], [76.1527514, 11.5525709], [76.1529323, 11.5526892], [76.1531518, 11.5528493], [76.1532723, 11.5530096], [76.1533628, 11.553056], [76.1533843, 11.5531799]]}}, {"type": "Feature", "properties": {"id": 1295617008, "name": "unnamed"}, "geometry": {"type": "LineString", "coordinates": [[76.1525647, 11.5522735], [76.1526265, 11.5523642]]}}, {"type": "Feature", "properties": {"id": 1295617009, "name": "unnamed"}, "geometry": {"type": "LineString", "coordinates": [[76.1534016, 11.5532796], [76.1535049, 11.5534273], [76.1535566, 11.5535918], [76.1536599, 11.5537647], [76.1538307, 11.5538781]]}}, {"type": "Feature", "properties": {"id": 1295617010, "name": "unnamed"}, "geometry": {"type": "LineString", "coordinates": [[76.1533843, 11.5531799], [76.1534016, 11.5532796]]}}, {"type": "Feature", "properties": {"id": 1302427722, "name": "kottambam kaithodu"}, "geometry": {"type": "LineString", "coordinates": [[76.1831239, 11.6397753], [76.1827497, 11.6395964], [76.1825547, 11.6393612], [76.1825087, 11.6388863]]}}, {"type": "Feature", "properties": {"id": 1302427723, "name": "karamkolli vellakettmoola thodu"}, "geometry": {"type": "LineString", "coordinates": [[76.1810915, 11.6272777], [76.1807313, 11.6270957], [76.1803021, 11.6270957], [76.1799374, 11.6273059], [76.1797013, 11.6274846], [76.1794331, 11.6274215], [76.1791863, 11.6273269], [76.1789503, 11.627411], [76.1788216, 11.6271588], [76.1784383, 11.6272693], [76.178144, 11.6273185]]}}, {"type": "Feature", "properties": {"id": 1302427724, "name": "karamkolli vellakettmoola thodu"}, "geometry": {"type": "LineString", "coordinates": [[76.178144, 11.6273185], [76.1780323, 11.6273372]]}}, {"type": "Feature", "properties": {"id": 1302427725, "name": "Rattukund"}, "geometry": {"type": "LineString", "coordinates": [[76.1901975, 11.6440658], [76.1901755, 11.6440614]]}}, {"type": "Feature", "properties": {"id": 1302427726, "name": "Rattukund"}, "geometry": {"type": "LineString", "coordinates": [[76.1903243, 11.6440908], [76.1901975, 11.6440658]]}}, {"type": "Feature", "properties": {"id": 1302427727, "name": "pangalery thodu"}, "geometry": {"type": "LineString", "coordinates": [[76.1953546, 11.5793901], [76.1944319, 11.5796115], [76.1938671, 11.5798115], [76.193765, 11.5798048], [76.1936017, 11.5800115], [76.1935949, 11.5801448], [76.1936221, 11.5803981], [76.1936153, 11.5807514], [76.1934724, 11.5811914], [76.1933839, 11.581578], [76.1934384, 11.5819246], [76.1934588, 11.5821513], [76.1933227, 11.5823179], [76.1931186, 11.5824979], [76.1931458, 11.5827246], [76.1931186, 11.5829112], [76.193033, 11.5830148]]}}, {"type": "Feature", "properties": {"id": 1302427728, "name": "pangalery thodu"}, "geometry": {"type": "LineString", "coordinates": [[76.193033, 11.5830148], [76.1929671, 11.5830944]]}}, {"type": "Feature", "properties": {"id": 1304045265, "name": "thazhe aneri thodu"}, "geometry": {"type": "LineString", "coordinates": [[76.0705567, 11.664254], [76.0705866, 11.6643199], [76.0705829, 11.6644882], [76.0707211, 11.6646382], [76.0708818, 11.6647004], [76.0710873, 11.6647333], [76.0713002, 11.6647443], [76.0714101, 11.6648791], [76.071576, 11.665016], [76.0717223, 11.6650606], [76.0718036, 11.6651084], [76.0718524, 11.6653346], [76.0720345, 11.6655193], [76.072311, 11.6655575], [76.072646, 11.6655416], [76.0730135, 11.6654588], [76.0732086, 11.6654078], [76.0733745, 11.66536], [76.0735046, 11.66529], [76.0735371, 11.6652103], [76.0736278, 11.6651802]]}}, {"type": "Feature", "properties": {"id": 1315249739, "name": "unnamed"}, "geometry": {"type": "LineString", "coordinates": [[76.0518674, 11.6315604], [76.0522476, 11.6317261], [76.0524578, 11.6321263], [76.053261, 11.6325792], [76.0539288, 11.6327919], [76.05416, 11.6328605], [76.0544308, 11.6328742], [76.0546223, 11.6328216], [76.054627, 11.6326478], [76.0546772, 11.6325775]]}}, {"type": "Feature", "properties": {"id": 1315249740, "name": "nedunnilam kaithodu"}, "geometry": {"type": "LineString", "coordinates": [[76.0503179, 11.630745], [76.0503026, 11.6308136], [76.0503166, 11.6308387], [76.0503796, 11.630857], [76.050438, 11.6308936], [76.0505944, 11.6309165], [76.0506224, 11.6309348], [76.0506575, 11.6310217], [76.0507345, 11.6310606], [76.0510101, 11.6310697], [76.0511432, 11.631088], [76.0513229, 11.6310994], [76.0514514, 11.6310994], [76.0514864, 11.6312047], [76.0515961, 11.631383], [76.0517805, 11.6315226], [76.0518067, 11.631534]]}}, {"type": "Feature", "properties": {"id": 1315249741, "name": "unnamed"}, "geometry": {"type": "LineString", "coordinates": [[76.0518067, 11.631534], [76.0518674, 11.6315604]]}}, {"type": "Feature", "properties": {"id": 1352931339, "name": "Ottithodu"}, "geometry": {"type": "LineString", "coordinates": [[76.181066, 11.5917263], [76.1809909, 11.5917894], [76.180535, 11.5921415], [76.180374, 11.5923464], [76.1799931, 11.5926722], [76.1795801, 11.5930663], [76.1790168, 11.594007], [76.1787647, 11.5942172], [76.1783516, 11.5949213], [76.1781371, 11.5951578], [76.1778527, 11.5954889], [76.177665, 11.595904], [76.1775559, 11.5961908]]}}, {"type": "Feature", "properties": {"id": 1352931340, "name": "Ottithodu"}, "geometry": {"type": "LineString", "coordinates": [[76.1775559, 11.5961908], [76.1774445, 11.5965114]]}}, {"type": "Feature", "properties": {"id": 1395741542, "name": "kallanchira thodu 1"}, "geometry": {"type": "LineString", "coordinates": [[76.09969, 11.6802441], [76.0998704, 11.6802191], [76.1001884, 11.6803151]]}}, {"type": "Feature", "properties": {"id": 1395741543, "name": "kallanchira thodu 1"}, "geometry": {"type": "LineString", "coordinates": [[76.099625, 11.6802615], [76.09969, 11.6802441]]}}]}